Academy ID,Academy Name,Slug,Latitude,Longitude,Description,Sport,Address,City,State,Contact Number,Google Maps Link,Academy Image,Coach Name,Coach Sport,Coach Experience,Coach Academy,Fees,Facilities,Batch Timings,Age Groups,Gender,Batch Capacity,Certifications,Rating,Reviews,Verified,Social Links
aa5ed81e-75ab-4023-9787-3107ffc00075,Elite Athletic Center Visakhapatnam 1,elite-athletic-center-visakhapatnam-1,17.686436,83.235082,Professional Cricket coaching academy offering structured training programs.,Cricket,"Plot 188, Victory Avenue, Visakhapatnam",Visakhapatnam,Andhra Pradesh,+916419248842,"https://maps.google.com/?q=17.686436,83.235082",https://picsum.photos/seed/elite-athletic-center-visakhapatnam-1/800/600,Harish Rao,Cricket,25 Years,Elite Athletic Center Visakhapatnam 1,₹4744/month,"Bowling Machine, Video Analysis, Gym, Turf Nets",6:00 AM - 8:00 AM,5-10,Girls,91,"BCCI Level 1, BCCI Level 2",3.8,379,False,"{""instagram"": ""https://instagram.com/elite-athletic-center-visakhapatnam-1"", ""facebook"": ""https://facebook.com/elite-athletic-center-visakhapatnam-1"", ""youtube"": ""https://youtube.com/@elite-athletic-center-visakhapatnam-1""}"
fb50f8ee-4250-4e68-b2cf-2579dcd4d53c,Star Sports Institute Rajahmundry 2,star-sports-institute-rajahmundry-2,16.954109,81.850693,Professional Volleyball coaching academy offering structured training programs.,Volleyball,"Plot 716, Stadium Road, Rajahmundry",Rajahmundry,Andhra Pradesh,+919438480602,"https://maps.google.com/?q=16.954109,81.850693",https://picsum.photos/seed/star-sports-institute-rajahmundry-2/800/600,Rohit Nair,Volleyball,11 Years,Star Sports Institute Rajahmundry 2,₹5596/month,"Flood Lights, Indoor Court, Sand Court, Fitness Center",6:00 PM - 8:00 PM,15-18,Boys,75,Volleyball Federation Certified,4.8,314,False,"{""instagram"": ""https://instagram.com/star-sports-institute-rajahmundry-2"", ""facebook"": ""https://facebook.com/star-sports-institute-rajahmundry-2"", ""youtube"": ""https://youtube.com/@star-sports-institute-rajahmundry-2""}"
ec99959f-2c78-4316-8a43-6dbd66eda184,National Sports Institute Vijayawada 3,national-sports-institute-vijayawada-3,16.537136,80.653442,Professional Badminton coaching academy offering structured training programs.,Badminton,"Plot 809, Ring Road, Vijayawada",Vijayawada,Andhra Pradesh,+919415499155,"https://maps.google.com/?q=16.537136,80.653442",https://picsum.photos/seed/national-sports-institute-vijayawada-3/800/600,Rohit Nair,Badminton,4 Years,National Sports Institute Vijayawada 3,₹2920/month,"Shuttle Supply, Wooden Courts, Indoor Courts, Fitness Center",4:00 PM - 6:00 PM,15-18,Boys,42,BAI Certified Coach,4.3,131,False,"{""instagram"": ""https://instagram.com/national-sports-institute-vijayawada-3"", ""facebook"": ""https://facebook.com/national-sports-institute-vijayawada-3"", ""youtube"": ""https://youtube.com/@national-sports-institute-vijayawada-3""}"
58fe5af8-9023-44f1-8693-41e50da39064,Elite Performance Academy Tirupati 4,elite-performance-academy-tirupati-4,13.643552,79.441893,Professional Basketball coaching academy offering structured training programs.,Basketball,"Plot 68, Central Park, Tirupati",Tirupati,Andhra Pradesh,+917286188557,"https://maps.google.com/?q=13.643552,79.441893",https://picsum.photos/seed/elite-performance-academy-tirupati-4/800/600,Ajay Yadav,Basketball,19 Years,Elite Performance Academy Tirupati 4,₹5876/month,"Outdoor Court, Indoor Court, Locker Rooms, Fitness Center",6:00 AM - 8:00 AM,18+,Boys,51,Basketball Federation Certified,4.0,403,False,"{""instagram"": ""https://instagram.com/elite-performance-academy-tirupati-4"", ""facebook"": ""https://facebook.com/elite-performance-academy-tirupati-4"", ""youtube"": ""https://youtube.com/@elite-performance-academy-tirupati-4""}"
c5b47d0d-9507-4427-82f7-bd4f3ac65170,Victory Athletic Center Kurnool 5,victory-athletic-center-kurnool-5,15.853257,78.030039,Professional Cricket coaching academy offering structured training programs.,Cricket,"Plot 827, Sports Hub, Kurnool",Kurnool,Andhra Pradesh,+917432189289,"https://maps.google.com/?q=15.853257,78.030039",https://picsum.photos/seed/victory-athletic-center-kurnool-5/800/600,Deepak Pillai,Cricket,25 Years,Victory Athletic Center Kurnool 5,₹5740/month,"Video Analysis, Gym, Bowling Machine, Practice Pitch",5:30 AM - 7:30 AM,15-18,Girls,39,"BCCI Level 1, BCCI Level 2",4.9,334,False,"{""instagram"": ""https://instagram.com/victory-athletic-center-kurnool-5"", ""facebook"": ""https://facebook.com/victory-athletic-center-kurnool-5"", ""youtube"": ""https://youtube.com/@victory-athletic-center-kurnool-5""}"
8850e2b1-dfa3-47e9-bc4c-947ccb3a200e,Victory Training Center Rajahmundry 6,victory-training-center-rajahmundry-6,17.046301,81.799614,Professional Basketball coaching academy offering structured training programs.,Basketball,"Plot 363, Sports Nagar, Rajahmundry",Rajahmundry,Andhra Pradesh,+918926861613,"https://maps.google.com/?q=17.046301,81.799614",https://picsum.photos/seed/victory-training-center-rajahmundry-6/800/600,Ravi Patel,Basketball,11 Years,Victory Training Center Rajahmundry 6,₹6412/month,"Fitness Center, Locker Rooms, Outdoor Court, Indoor Court",6:00 AM - 8:00 AM,10-15,Boys,78,Basketball Federation Certified,4.6,323,False,"{""instagram"": ""https://instagram.com/victory-training-center-rajahmundry-6"", ""facebook"": ""https://facebook.com/victory-training-center-rajahmundry-6"", ""youtube"": ""https://youtube.com/@victory-training-center-rajahmundry-6""}"
cc1994da-7641-4302-9fc6-11c8f1310306,Legend Athletic Center Vijayawada 7,legend-athletic-center-vijayawada-7,16.513969,80.663238,Professional Football coaching academy offering structured training programs.,Football,"Plot 725, Victory Avenue, Vijayawada",Vijayawada,Andhra Pradesh,+917190208826,"https://maps.google.com/?q=16.513969,80.663238",https://picsum.photos/seed/legend-athletic-center-vijayawada-7/800/600,Lokesh Mishra,Football,3 Years,Legend Athletic Center Vijayawada 7,₹3079/month,"Flood Lights, Natural Grass Ground, Fitness Center, Locker Rooms",5:30 AM - 7:30 AM,All Ages,Girls,56,"AIFF D License, AIFF C License",3.8,404,False,"{""instagram"": ""https://instagram.com/legend-athletic-center-vijayawada-7"", ""facebook"": ""https://facebook.com/legend-athletic-center-vijayawada-7"", ""youtube"": ""https://youtube.com/@legend-athletic-center-vijayawada-7""}"
daf114db-1ca2-4a5d-8124-80be5ffb1235,Victory Athletic Center Kurnool 8,victory-athletic-center-kurnool-8,15.850565,78.033047,Professional Tennis coaching academy offering structured training programs.,Tennis,"Plot 576, Ring Road, Kurnool",Kurnool,Andhra Pradesh,+916645308977,"https://maps.google.com/?q=15.850565,78.033047",https://picsum.photos/seed/victory-athletic-center-kurnool-8/800/600,Mahesh Choudhary,Tennis,6 Years,Victory Athletic Center Kurnool 8,₹10047/month,"Hard Court, Fitness Center, Clay Court, Ball Machine",4:00 PM - 6:00 PM,10-15,Mixed,65,AITA Certified Coach,4.9,259,False,"{""instagram"": ""https://instagram.com/victory-athletic-center-kurnool-8"", ""facebook"": ""https://facebook.com/victory-athletic-center-kurnool-8"", ""youtube"": ""https://youtube.com/@victory-athletic-center-kurnool-8""}"
c92a18e1-2ae7-4fb5-a566-27b18a606fbc,Champion Performance Academy Rajahmundry 9,champion-performance-academy-rajahmundry-9,17.024335,81.780329,Professional Athletics coaching academy offering structured training programs.,Athletics,"Plot 482, Champions Street, Rajahmundry",Rajahmundry,Andhra Pradesh,+918397482981,"https://maps.google.com/?q=17.024335,81.780329",https://picsum.photos/seed/champion-performance-academy-rajahmundry-9/800/600,Deepak Verma,Athletics,23 Years,Champion Performance Academy Rajahmundry 9,₹2155/month,"Running Track, Recovery Zone, Gym, Fitness Center",6:00 PM - 8:00 PM,All Ages,Boys,91,Athletics Federation Certified,4.6,265,False,"{""instagram"": ""https://instagram.com/champion-performance-academy-rajahmundry-9"", ""facebook"": ""https://facebook.com/champion-performance-academy-rajahmundry-9"", ""youtube"": ""https://youtube.com/@champion-performance-academy-rajahmundry-9""}"
0dc46cbb-8500-41a9-8a41-395a95316fed,Victory Sports Club Kurnool 10,victory-sports-club-kurnool-10,15.837137,78.001229,Professional Basketball coaching academy offering structured training programs.,Basketball,"Plot 855, Sports Complex, Kurnool",Kurnool,Andhra Pradesh,+916629443781,"https://maps.google.com/?q=15.837137,78.001229",https://picsum.photos/seed/victory-sports-club-kurnool-10/800/600,Aman Verma,Basketball,9 Years,Victory Sports Club Kurnool 10,₹2623/month,"Fitness Center, Locker Rooms, Indoor Court, Outdoor Court",6:00 AM - 8:00 AM,15-18,Mixed,88,Basketball Federation Certified,3.6,166,True,"{""instagram"": ""https://instagram.com/victory-sports-club-kurnool-10"", ""facebook"": ""https://facebook.com/victory-sports-club-kurnool-10"", ""youtube"": ""https://youtube.com/@victory-sports-club-kurnool-10""}"
13f8f708-8ca8-42b3-a481-fe5d94de4137,Dynamic Training Center Vijayawada 11,dynamic-training-center-vijayawada-11,16.547919,80.606182,Professional Basketball coaching academy offering structured training programs.,Basketball,"Plot 148, Sports Hub, Vijayawada",Vijayawada,Andhra Pradesh,+918911942386,"https://maps.google.com/?q=16.547919,80.606182",https://picsum.photos/seed/dynamic-training-center-vijayawada-11/800/600,Mahesh Nair,Basketball,18 Years,Dynamic Training Center Vijayawada 11,₹5603/month,"Outdoor Court, Indoor Court, Locker Rooms, Fitness Center",6:00 PM - 8:00 PM,18+,Boys,78,Basketball Federation Certified,4.2,456,False,"{""instagram"": ""https://instagram.com/dynamic-training-center-vijayawada-11"", ""facebook"": ""https://facebook.com/dynamic-training-center-vijayawada-11"", ""youtube"": ""https://youtube.com/@dynamic-training-center-vijayawada-11""}"
ecd24be4-bbcc-4c92-b125-f0f2896e9f9c,Elite Sports Club Kurnool 12,elite-sports-club-kurnool-12,15.839867,78.050261,Professional Tennis coaching academy offering structured training programs.,Tennis,"Plot 503, Victory Avenue, Kurnool",Kurnool,Andhra Pradesh,+918278400004,"https://maps.google.com/?q=15.839867,78.050261",https://picsum.photos/seed/elite-sports-club-kurnool-12/800/600,Ravi Singh,Tennis,9 Years,Elite Sports Club Kurnool 12,₹7641/month,"Clay Court, Fitness Center, Hard Court, Ball Machine",4:00 PM - 6:00 PM,All Ages,Girls,23,AITA Certified Coach,4.1,219,False,"{""instagram"": ""https://instagram.com/elite-sports-club-kurnool-12"", ""facebook"": ""https://facebook.com/elite-sports-club-kurnool-12"", ""youtube"": ""https://youtube.com/@elite-sports-club-kurnool-12""}"
9e8f1363-8ebd-41a5-9842-fd1a7412dc59,Victory Athletic Center Kurnool 13,victory-athletic-center-kurnool-13,15.873387,78.022555,Professional Football coaching academy offering structured training programs.,Football,"Plot 141, Ring Road, Kurnool",Kurnool,Andhra Pradesh,+917593826428,"https://maps.google.com/?q=15.873387,78.022555",https://picsum.photos/seed/victory-athletic-center-kurnool-13/800/600,Harish Reddy,Football,10 Years,Victory Athletic Center Kurnool 13,₹5048/month,"Natural Grass Ground, Flood Lights, Training Cones, Fitness Center",5:30 AM - 7:30 AM,18+,Girls,59,"AIFF D License, AIFF C License",4.9,140,True,"{""instagram"": ""https://instagram.com/victory-athletic-center-kurnool-13"", ""facebook"": ""https://facebook.com/victory-athletic-center-kurnool-13"", ""youtube"": ""https://youtube.com/@victory-athletic-center-kurnool-13""}"
83b0e886-7b89-47cf-beb2-6a4b9a40e5b5,Royal Sports Club Kurnool 14,royal-sports-club-kurnool-14,15.853768,78.069388,Professional Cricket coaching academy offering structured training programs.,Cricket,"Plot 600, Sports Complex, Kurnool",Kurnool,Andhra Pradesh,+916841907040,"https://maps.google.com/?q=15.853768,78.069388",https://picsum.photos/seed/royal-sports-club-kurnool-14/800/600,Sanjay Choudhary,Cricket,19 Years,Royal Sports Club Kurnool 14,₹5607/month,"Practice Pitch, Video Analysis, Turf Nets, Bowling Machine",5:30 AM - 7:30 AM,5-10,Girls,52,"BCCI Level 1, BCCI Level 2",4.8,173,True,"{""instagram"": ""https://instagram.com/royal-sports-club-kurnool-14"", ""facebook"": ""https://facebook.com/royal-sports-club-kurnool-14"", ""youtube"": ""https://youtube.com/@royal-sports-club-kurnool-14""}"
bbe5937d-b946-48aa-b90d-91161e80cb49,Future Sports Academy Visakhapatnam 15,future-sports-academy-visakhapatnam-15,17.659168,83.192986,Professional Cricket coaching academy offering structured training programs.,Cricket,"Plot 832, Central Park, Visakhapatnam",Visakhapatnam,Andhra Pradesh,+917994219746,"https://maps.google.com/?q=17.659168,83.192986",https://picsum.photos/seed/future-sports-academy-visakhapatnam-15/800/600,Rohit Singh,Cricket,4 Years,Future Sports Academy Visakhapatnam 15,₹6510/month,"Video Analysis, Gym, Bowling Machine, Turf Nets",6:00 AM - 8:00 AM,All Ages,Boys,96,"BCCI Level 1, BCCI Level 2",3.9,369,False,"{""instagram"": ""https://instagram.com/future-sports-academy-visakhapatnam-15"", ""facebook"": ""https://facebook.com/future-sports-academy-visakhapatnam-15"", ""youtube"": ""https://youtube.com/@future-sports-academy-visakhapatnam-15""}"
9afb2dd1-dc9c-488c-8b1c-e857fe9b4436,Star Sports Club Kurnool 16,star-sports-club-kurnool-16,15.858033,78.080571,Professional Cricket coaching academy offering structured training programs.,Cricket,"Plot 88, Sports Complex, Kurnool",Kurnool,Andhra Pradesh,+916494168309,"https://maps.google.com/?q=15.858033,78.080571",https://picsum.photos/seed/star-sports-club-kurnool-16/800/600,Kiran Nair,Cricket,16 Years,Star Sports Club Kurnool 16,₹7623/month,"Practice Pitch, Turf Nets, Video Analysis, Gym",5:30 AM - 7:30 AM,18+,Boys,65,"BCCI Level 1, BCCI Level 2",4.2,44,True,"{""instagram"": ""https://instagram.com/star-sports-club-kurnool-16"", ""facebook"": ""https://facebook.com/star-sports-club-kurnool-16"", ""youtube"": ""https://youtube.com/@star-sports-club-kurnool-16""}"
843b6826-9b03-4a82-a022-e29c94109461,Royal Athletic Center Kurnool 17,royal-athletic-center-kurnool-17,15.844155,78.066926,Professional Cricket coaching academy offering structured training programs.,Cricket,"Plot 337, Sports Complex, Kurnool",Kurnool,Andhra Pradesh,+916652830928,"https://maps.google.com/?q=15.844155,78.066926",https://picsum.photos/seed/royal-athletic-center-kurnool-17/800/600,Naveen Yadav,Cricket,3 Years,Royal Athletic Center Kurnool 17,₹7916/month,"Turf Nets, Video Analysis, Bowling Machine, Practice Pitch",5:00 PM - 7:00 PM,18+,Girls,98,"BCCI Level 1, BCCI Level 2",3.7,325,False,"{""instagram"": ""https://instagram.com/royal-athletic-center-kurnool-17"", ""facebook"": ""https://facebook.com/royal-athletic-center-kurnool-17"", ""youtube"": ""https://youtube.com/@royal-athletic-center-kurnool-17""}"
4bdd7a3a-4c09-46c1-b88c-04df21a23693,Future Athletic Center Tirupati 18,future-athletic-center-tirupati-18,13.58358,79.386532,Professional Football coaching academy offering structured training programs.,Football,"Plot 758, Main Road, Tirupati",Tirupati,Andhra Pradesh,+917014031156,"https://maps.google.com/?q=13.58358,79.386532",https://picsum.photos/seed/future-athletic-center-tirupati-18/800/600,Ravi Verma,Football,12 Years,Future Athletic Center Tirupati 18,₹5966/month,"Locker Rooms, Natural Grass Ground, Flood Lights, Fitness Center",6:00 AM - 8:00 AM,10-15,Boys,38,"AIFF D License, AIFF C License",4.7,399,False,"{""instagram"": ""https://instagram.com/future-athletic-center-tirupati-18"", ""facebook"": ""https://facebook.com/future-athletic-center-tirupati-18"", ""youtube"": ""https://youtube.com/@future-athletic-center-tirupati-18""}"
be1db60e-6e97-4c3a-8696-b471aecc7469,Dynamic Training Center Tirupati 19,dynamic-training-center-tirupati-19,13.59673,79.403652,Professional Swimming coaching academy offering structured training programs.,Swimming,"Plot 935, Athletic Colony, Tirupati",Tirupati,Andhra Pradesh,+919976360760,"https://maps.google.com/?q=13.59673,79.403652",https://picsum.photos/seed/dynamic-training-center-tirupati-19/800/600,Rohit Kumar,Swimming,17 Years,Dynamic Training Center Tirupati 19,₹7807/month,"Olympic Pool, Kids Pool, Lifeguard Support, Changing Rooms",6:00 PM - 8:00 PM,5-10,Girls,96,Swimming Federation Certified,3.9,335,False,"{""instagram"": ""https://instagram.com/dynamic-training-center-tirupati-19"", ""facebook"": ""https://facebook.com/dynamic-training-center-tirupati-19"", ""youtube"": ""https://youtube.com/@dynamic-training-center-tirupati-19""}"
702f8f39-0607-40a8-a806-6e1aef31b574,Elite Sports Institute Vijayawada 20,elite-sports-institute-vijayawada-20,16.471593,80.643473,Professional Athletics coaching academy offering structured training programs.,Athletics,"Plot 112, Sports Complex, Vijayawada",Vijayawada,Andhra Pradesh,+917137561532,"https://maps.google.com/?q=16.471593,80.643473",https://picsum.photos/seed/elite-sports-institute-vijayawada-20/800/600,Harish Joshi,Athletics,21 Years,Elite Sports Institute Vijayawada 20,₹4630/month,"Running Track, Fitness Center, Recovery Zone, Gym",6:00 AM - 8:00 AM,5-10,Mixed,53,Athletics Federation Certified,3.9,53,False,"{""instagram"": ""https://instagram.com/elite-sports-institute-vijayawada-20"", ""facebook"": ""https://facebook.com/elite-sports-institute-vijayawada-20"", ""youtube"": ""https://youtube.com/@elite-sports-institute-vijayawada-20""}"
a9c5bea3-2e98-47fb-864f-8f1cd52c7c53,National Performance Academy Kurnool 21,national-performance-academy-kurnool-21,15.802942,77.994161,Professional Volleyball coaching academy offering structured training programs.,Volleyball,"Plot 408, Main Road, Kurnool",Kurnool,Andhra Pradesh,+919917775631,"https://maps.google.com/?q=15.802942,77.994161",https://picsum.photos/seed/national-performance-academy-kurnool-21/800/600,Harish Patel,Volleyball,12 Years,National Performance Academy Kurnool 21,₹2350/month,"Flood Lights, Sand Court, Fitness Center, Indoor Court",5:30 AM - 7:30 AM,10-15,Boys,40,Volleyball Federation Certified,4.1,277,False,"{""instagram"": ""https://instagram.com/national-performance-academy-kurnool-21"", ""facebook"": ""https://facebook.com/national-performance-academy-kurnool-21"", ""youtube"": ""https://youtube.com/@national-performance-academy-kurnool-21""}"
d3e25d3f-add5-44e4-99e0-f1f52403952b,Prime Training Center Vijayawada 22,prime-training-center-vijayawada-22,16.538832,80.68168,Professional Athletics coaching academy offering structured training programs.,Athletics,"Plot 570, Champions Street, Vijayawada",Vijayawada,Andhra Pradesh,+918033024775,"https://maps.google.com/?q=16.538832,80.68168",https://picsum.photos/seed/prime-training-center-vijayawada-22/800/600,Suresh Choudhary,Athletics,18 Years,Prime Training Center Vijayawada 22,₹3937/month,"Running Track, Fitness Center, Recovery Zone, Gym",4:00 PM - 6:00 PM,5-10,Girls,99,Athletics Federation Certified,3.8,81,False,"{""instagram"": ""https://instagram.com/prime-training-center-vijayawada-22"", ""facebook"": ""https://facebook.com/prime-training-center-vijayawada-22"", ""youtube"": ""https://youtube.com/@prime-training-center-vijayawada-22""}"
112e1a0e-eab3-42e3-a8f4-f3fe460818d7,Victory Athletic Center Tirupati 23,victory-athletic-center-tirupati-23,13.672482,79.433156,Professional Basketball coaching academy offering structured training programs.,Basketball,"Plot 448, Sports Nagar, Tirupati",Tirupati,Andhra Pradesh,+916747108866,"https://maps.google.com/?q=13.672482,79.433156",https://picsum.photos/seed/victory-athletic-center-tirupati-23/800/600,Kiran Joshi,Basketball,21 Years,Victory Athletic Center Tirupati 23,₹3300/month,"Fitness Center, Indoor Court, Locker Rooms, Outdoor Court",5:30 AM - 7:30 AM,15-18,Mixed,43,Basketball Federation Certified,3.6,458,True,"{""instagram"": ""https://instagram.com/victory-athletic-center-tirupati-23"", ""facebook"": ""https://facebook.com/victory-athletic-center-tirupati-23"", ""youtube"": ""https://youtube.com/@victory-athletic-center-tirupati-23""}"
398e9ded-7449-4da1-a5a8-7ce1a8bfffbb,Royal Sports Club Kurnool 24,royal-sports-club-kurnool-24,15.814024,78.010891,Professional Tennis coaching academy offering structured training programs.,Tennis,"Plot 155, Victory Avenue, Kurnool",Kurnool,Andhra Pradesh,+917798786052,"https://maps.google.com/?q=15.814024,78.010891",https://picsum.photos/seed/royal-sports-club-kurnool-24/800/600,Prakash Kumar,Tennis,22 Years,Royal Sports Club Kurnool 24,₹4850/month,"Hard Court, Fitness Center, Ball Machine, Clay Court",6:00 AM - 8:00 AM,5-10,Boys,90,AITA Certified Coach,4.1,137,False,"{""instagram"": ""https://instagram.com/royal-sports-club-kurnool-24"", ""facebook"": ""https://facebook.com/royal-sports-club-kurnool-24"", ""youtube"": ""https://youtube.com/@royal-sports-club-kurnool-24""}"
33ac0aba-b156-42ff-986c-b17670755a74,Prime Training Center Tirupati 25,prime-training-center-tirupati-25,13.599623,79.41828,Professional Football coaching academy offering structured training programs.,Football,"Plot 95, Victory Avenue, Tirupati",Tirupati,Andhra Pradesh,+917463476721,"https://maps.google.com/?q=13.599623,79.41828",https://picsum.photos/seed/prime-training-center-tirupati-25/800/600,Suresh Sharma,Football,8 Years,Prime Training Center Tirupati 25,₹3039/month,"Natural Grass Ground, Locker Rooms, Training Cones, Fitness Center",6:00 PM - 8:00 PM,All Ages,Girls,63,"AIFF D License, AIFF C License",4.8,370,False,"{""instagram"": ""https://instagram.com/prime-training-center-tirupati-25"", ""facebook"": ""https://facebook.com/prime-training-center-tirupati-25"", ""youtube"": ""https://youtube.com/@prime-training-center-tirupati-25""}"
ac8e8fe9-3f8d-4fc2-8031-1cb00e55bec5,Legend Training Center Visakhapatnam 26,legend-training-center-visakhapatnam-26,17.650467,83.209321,Professional Athletics coaching academy offering structured training programs.,Athletics,"Plot 682, Main Road, Visakhapatnam",Visakhapatnam,Andhra Pradesh,+918323534440,"https://maps.google.com/?q=17.650467,83.209321",https://picsum.photos/seed/legend-training-center-visakhapatnam-26/800/600,Arjun Singh,Athletics,24 Years,Legend Training Center Visakhapatnam 26,₹3390/month,"Fitness Center, Recovery Zone, Running Track, Gym",5:30 AM - 7:30 AM,18+,Boys,54,Athletics Federation Certified,3.5,495,False,"{""instagram"": ""https://instagram.com/legend-training-center-visakhapatnam-26"", ""facebook"": ""https://facebook.com/legend-training-center-visakhapatnam-26"", ""youtube"": ""https://youtube.com/@legend-training-center-visakhapatnam-26""}"
7bda7ef9-c85d-493e-8a33-5f97d6c64798,Master Sports Club Kurnool 27,master-sports-club-kurnool-27,15.852701,78.059041,Professional Basketball coaching academy offering structured training programs.,Basketball,"Plot 374, Champions Street, Kurnool",Kurnool,Andhra Pradesh,+916777562151,"https://maps.google.com/?q=15.852701,78.059041",https://picsum.photos/seed/master-sports-club-kurnool-27/800/600,Lokesh Sharma,Basketball,18 Years,Master Sports Club Kurnool 27,₹3581/month,"Indoor Court, Locker Rooms, Outdoor Court, Fitness Center",5:30 AM - 7:30 AM,10-15,Mixed,70,Basketball Federation Certified,4.3,245,False,"{""instagram"": ""https://instagram.com/master-sports-club-kurnool-27"", ""facebook"": ""https://facebook.com/master-sports-club-kurnool-27"", ""youtube"": ""https://youtube.com/@master-sports-club-kurnool-27""}"
9ab31362-3dd4-4fda-940a-6362b77c7070,Pro Training Center Rajahmundry 28,pro-training-center-rajahmundry-28,17.026542,81.80332,Professional Tennis coaching academy offering structured training programs.,Tennis,"Plot 88, Sports Nagar, Rajahmundry",Rajahmundry,Andhra Pradesh,+918850224874,"https://maps.google.com/?q=17.026542,81.80332",https://picsum.photos/seed/pro-training-center-rajahmundry-28/800/600,Harish Yadav,Tennis,9 Years,Pro Training Center Rajahmundry 28,₹9877/month,"Clay Court, Hard Court, Ball Machine, Fitness Center",6:00 PM - 8:00 PM,15-18,Mixed,98,AITA Certified Coach,3.7,74,True,"{""instagram"": ""https://instagram.com/pro-training-center-rajahmundry-28"", ""facebook"": ""https://facebook.com/pro-training-center-rajahmundry-28"", ""youtube"": ""https://youtube.com/@pro-training-center-rajahmundry-28""}"
0c55b10a-9e71-40c6-a338-653ee015b489,Star Performance Academy Kurnool 29,star-performance-academy-kurnool-29,15.834514,78.077097,Professional Basketball coaching academy offering structured training programs.,Basketball,"Plot 237, Stadium Road, Kurnool",Kurnool,Andhra Pradesh,+916507158340,"https://maps.google.com/?q=15.834514,78.077097",https://picsum.photos/seed/star-performance-academy-kurnool-29/800/600,Tarun Rao,Basketball,16 Years,Star Performance Academy Kurnool 29,₹6642/month,"Outdoor Court, Locker Rooms, Indoor Court, Fitness Center",6:00 PM - 8:00 PM,15-18,Boys,62,Basketball Federation Certified,4.3,142,False,"{""instagram"": ""https://instagram.com/star-performance-academy-kurnool-29"", ""facebook"": ""https://facebook.com/star-performance-academy-kurnool-29"", ""youtube"": ""https://youtube.com/@star-performance-academy-kurnool-29""}"
c26736f0-4643-453b-843a-ff5cee8573fa,Master Sports Institute Vijayawada 30,master-sports-institute-vijayawada-30,16.458225,80.640163,Professional Football coaching academy offering structured training programs.,Football,"Plot 310, Champions Street, Vijayawada",Vijayawada,Andhra Pradesh,+917827524906,"https://maps.google.com/?q=16.458225,80.640163",https://picsum.photos/seed/master-sports-institute-vijayawada-30/800/600,Mahesh Yadav,Football,18 Years,Master Sports Institute Vijayawada 30,₹6607/month,"Locker Rooms, Training Cones, Natural Grass Ground, Flood Lights",5:00 PM - 7:00 PM,5-10,Boys,33,"AIFF D License, AIFF C License",4.6,383,False,"{""instagram"": ""https://instagram.com/master-sports-institute-vijayawada-30"", ""facebook"": ""https://facebook.com/master-sports-institute-vijayawada-30"", ""youtube"": ""https://youtube.com/@master-sports-institute-vijayawada-30""}"
22458909-e9a3-466e-bd09-4c23ecda85a9,National Sports Academy Kurnool 31,national-sports-academy-kurnool-31,15.8219,78.041395,Professional Volleyball coaching academy offering structured training programs.,Volleyball,"Plot 93, Champions Street, Kurnool",Kurnool,Andhra Pradesh,+916325922532,"https://maps.google.com/?q=15.8219,78.041395",https://picsum.photos/seed/national-sports-academy-kurnool-31/800/600,Sanjay Yadav,Volleyball,23 Years,National Sports Academy Kurnool 31,₹5537/month,"Sand Court, Flood Lights, Indoor Court, Fitness Center",6:00 AM - 8:00 AM,15-18,Girls,47,Volleyball Federation Certified,4.6,408,True,"{""instagram"": ""https://instagram.com/national-sports-academy-kurnool-31"", ""facebook"": ""https://facebook.com/national-sports-academy-kurnool-31"", ""youtube"": ""https://youtube.com/@national-sports-academy-kurnool-31""}"
59128677-e0f8-4c42-9671-55fb2af4181f,Dynamic Sports Club Visakhapatnam 32,dynamic-sports-club-visakhapatnam-32,17.691107,83.24132,Professional Tennis coaching academy offering structured training programs.,Tennis,"Plot 551, Sports Complex, Visakhapatnam",Visakhapatnam,Andhra Pradesh,+916989380511,"https://maps.google.com/?q=17.691107,83.24132",https://picsum.photos/seed/dynamic-sports-club-visakhapatnam-32/800/600,Rahul Patel,Tennis,15 Years,Dynamic Sports Club Visakhapatnam 32,₹5381/month,"Clay Court, Fitness Center, Hard Court, Ball Machine",6:00 PM - 8:00 PM,18+,Mixed,98,AITA Certified Coach,4.8,219,True,"{""instagram"": ""https://instagram.com/dynamic-sports-club-visakhapatnam-32"", ""facebook"": ""https://facebook.com/dynamic-sports-club-visakhapatnam-32"", ""youtube"": ""https://youtube.com/@dynamic-sports-club-visakhapatnam-32""}"
bb0ecce0-d7e0-43b1-9bd6-047d78902572,National Sports Academy Kurnool 33,national-sports-academy-kurnool-33,15.791654,78.052654,Professional Volleyball coaching academy offering structured training programs.,Volleyball,"Plot 176, Victory Avenue, Kurnool",Kurnool,Andhra Pradesh,+918560486123,"https://maps.google.com/?q=15.791654,78.052654",https://picsum.photos/seed/national-sports-academy-kurnool-33/800/600,Harish Gupta,Volleyball,3 Years,National Sports Academy Kurnool 33,₹4034/month,"Fitness Center, Sand Court, Flood Lights, Indoor Court",6:00 AM - 8:00 AM,5-10,Mixed,66,Volleyball Federation Certified,5.0,111,False,"{""instagram"": ""https://instagram.com/national-sports-academy-kurnool-33"", ""facebook"": ""https://facebook.com/national-sports-academy-kurnool-33"", ""youtube"": ""https://youtube.com/@national-sports-academy-kurnool-33""}"
ce0eb4b3-d583-41a3-94e5-b349a3137c7b,Victory Sports Academy Visakhapatnam 34,victory-sports-academy-visakhapatnam-34,17.690104,83.191675,Professional Athletics coaching academy offering structured training programs.,Athletics,"Plot 247, Champions Street, Visakhapatnam",Visakhapatnam,Andhra Pradesh,+918890265886,"https://maps.google.com/?q=17.690104,83.191675",https://picsum.photos/seed/victory-sports-academy-visakhapatnam-34/800/600,Lokesh Gupta,Athletics,17 Years,Victory Sports Academy Visakhapatnam 34,₹2401/month,"Recovery Zone, Fitness Center, Gym, Running Track",6:00 PM - 8:00 PM,10-15,Boys,95,Athletics Federation Certified,4.7,261,False,"{""instagram"": ""https://instagram.com/victory-sports-academy-visakhapatnam-34"", ""facebook"": ""https://facebook.com/victory-sports-academy-visakhapatnam-34"", ""youtube"": ""https://youtube.com/@victory-sports-academy-visakhapatnam-34""}"
db43790c-03f1-4b6b-825d-7ce17416d490,Royal Athletic Center Visakhapatnam 35,royal-athletic-center-visakhapatnam-35,17.656186,83.183688,Professional Athletics coaching academy offering structured training programs.,Athletics,"Plot 389, Sports Nagar, Visakhapatnam",Visakhapatnam,Andhra Pradesh,+916118249510,"https://maps.google.com/?q=17.656186,83.183688",https://picsum.photos/seed/royal-athletic-center-visakhapatnam-35/800/600,Lokesh Nair,Athletics,20 Years,Royal Athletic Center Visakhapatnam 35,₹2637/month,"Fitness Center, Running Track, Gym, Recovery Zone",5:30 AM - 7:30 AM,10-15,Boys,30,Athletics Federation Certified,3.9,401,False,"{""instagram"": ""https://instagram.com/royal-athletic-center-visakhapatnam-35"", ""facebook"": ""https://facebook.com/royal-athletic-center-visakhapatnam-35"", ""youtube"": ""https://youtube.com/@royal-athletic-center-visakhapatnam-35""}"
3c714404-2a74-4f22-bafd-8d90c528fd96,Future Sports Club Itanagar 36,future-sports-club-itanagar-36,27.117242,93.584712,Professional Basketball coaching academy offering structured training programs.,Basketball,"Plot 794, Ring Road, Itanagar",Itanagar,Arunachal Pradesh,+918240821599,"https://maps.google.com/?q=27.117242,93.584712",https://picsum.photos/seed/future-sports-club-itanagar-36/800/600,Deepak Singh,Basketball,14 Years,Future Sports Club Itanagar 36,₹4155/month,"Outdoor Court, Locker Rooms, Indoor Court, Fitness Center",5:00 PM - 7:00 PM,18+,Girls,93,Basketball Federation Certified,4.5,463,False,"{""instagram"": ""https://instagram.com/future-sports-club-itanagar-36"", ""facebook"": ""https://facebook.com/future-sports-club-itanagar-36"", ""youtube"": ""https://youtube.com/@future-sports-club-itanagar-36""}"
d6fc3bec-6c60-42ff-ab89-266059313751,Royal Sports Academy Naharlagun 37,royal-sports-academy-naharlagun-37,27.059925,93.720293,Professional Swimming coaching academy offering structured training programs.,Swimming,"Plot 716, Sports Nagar, Naharlagun",Naharlagun,Arunachal Pradesh,+917484690677,"https://maps.google.com/?q=27.059925,93.720293",https://picsum.photos/seed/royal-sports-academy-naharlagun-37/800/600,Ravi Rao,Swimming,11 Years,Royal Sports Academy Naharlagun 37,₹5495/month,"Kids Pool, Lifeguard Support, Olympic Pool, Changing Rooms",4:00 PM - 6:00 PM,All Ages,Mixed,90,Swimming Federation Certified,4.6,347,False,"{""instagram"": ""https://instagram.com/royal-sports-academy-naharlagun-37"", ""facebook"": ""https://facebook.com/royal-sports-academy-naharlagun-37"", ""youtube"": ""https://youtube.com/@royal-sports-academy-naharlagun-37""}"
5f524bc3-f8cd-4e4c-82b5-234905d33cb0,Prime Sports Club Itanagar 38,prime-sports-club-itanagar-38,27.04124,93.632142,Professional Cricket coaching academy offering structured training programs.,Cricket,"Plot 477, Stadium Road, Itanagar",Itanagar,Arunachal Pradesh,+919202534856,"https://maps.google.com/?q=27.04124,93.632142",https://picsum.photos/seed/prime-sports-club-itanagar-38/800/600,Harish Kumar,Cricket,19 Years,Prime Sports Club Itanagar 38,₹5766/month,"Video Analysis, Turf Nets, Gym, Practice Pitch",6:00 PM - 8:00 PM,5-10,Girls,74,"BCCI Level 1, BCCI Level 2",4.6,283,True,"{""instagram"": ""https://instagram.com/prime-sports-club-itanagar-38"", ""facebook"": ""https://facebook.com/prime-sports-club-itanagar-38"", ""youtube"": ""https://youtube.com/@prime-sports-club-itanagar-38""}"
9d91fd6b-2177-4d76-b982-0121bc2f8084,Prime Sports Institute Itanagar 39,prime-sports-institute-itanagar-39,27.120911,93.588814,Professional Football coaching academy offering structured training programs.,Football,"Plot 543, Sports Nagar, Itanagar",Itanagar,Arunachal Pradesh,+916462434083,"https://maps.google.com/?q=27.120911,93.588814",https://picsum.photos/seed/prime-sports-institute-itanagar-39/800/600,Ajay Gupta,Football,18 Years,Prime Sports Institute Itanagar 39,₹2545/month,"Training Cones, Natural Grass Ground, Fitness Center, Locker Rooms",5:00 PM - 7:00 PM,All Ages,Mixed,59,"AIFF D License, AIFF C License",4.3,19,False,"{""instagram"": ""https://instagram.com/prime-sports-institute-itanagar-39"", ""facebook"": ""https://facebook.com/prime-sports-institute-itanagar-39"", ""youtube"": ""https://youtube.com/@prime-sports-institute-itanagar-39""}"
e01dcb99-5349-4f94-b6af-4c4d30636bb5,Elite Training Center Itanagar 40,elite-training-center-itanagar-40,27.125815,93.584219,Professional Volleyball coaching academy offering structured training programs.,Volleyball,"Plot 89, Main Road, Itanagar",Itanagar,Arunachal Pradesh,+916175439479,"https://maps.google.com/?q=27.125815,93.584219",https://picsum.photos/seed/elite-training-center-itanagar-40/800/600,Arjun Patel,Volleyball,5 Years,Elite Training Center Itanagar 40,₹5528/month,"Flood Lights, Fitness Center, Indoor Court, Sand Court",4:00 PM - 6:00 PM,All Ages,Girls,96,Volleyball Federation Certified,3.8,327,True,"{""instagram"": ""https://instagram.com/elite-training-center-itanagar-40"", ""facebook"": ""https://facebook.com/elite-training-center-itanagar-40"", ""youtube"": ""https://youtube.com/@elite-training-center-itanagar-40""}"
425eee19-1ba3-461b-8244-5f6d11275e8c,Victory Athletic Center Itanagar 41,victory-athletic-center-itanagar-41,27.080365,93.634271,Professional Football coaching academy offering structured training programs.,Football,"Plot 661, Main Road, Itanagar",Itanagar,Arunachal Pradesh,+917031807726,"https://maps.google.com/?q=27.080365,93.634271",https://picsum.photos/seed/victory-athletic-center-itanagar-41/800/600,Vikram Sharma,Football,24 Years,Victory Athletic Center Itanagar 41,₹4654/month,"Training Cones, Natural Grass Ground, Flood Lights, Fitness Center",6:00 AM - 8:00 AM,All Ages,Boys,48,"AIFF D License, AIFF C License",4.3,59,True,"{""instagram"": ""https://instagram.com/victory-athletic-center-itanagar-41"", ""facebook"": ""https://facebook.com/victory-athletic-center-itanagar-41"", ""youtube"": ""https://youtube.com/@victory-athletic-center-itanagar-41""}"
7890a8a0-06cc-44f6-a4f0-0e762987beb6,National Training Center Naharlagun 42,national-training-center-naharlagun-42,27.09141,93.731645,Professional Football coaching academy offering structured training programs.,Football,"Plot 952, Sports Complex, Naharlagun",Naharlagun,Arunachal Pradesh,+918111829925,"https://maps.google.com/?q=27.09141,93.731645",https://picsum.photos/seed/national-training-center-naharlagun-42/800/600,Mahesh Reddy,Football,21 Years,National Training Center Naharlagun 42,₹6201/month,"Training Cones, Flood Lights, Fitness Center, Natural Grass Ground",4:00 PM - 6:00 PM,5-10,Boys,52,"AIFF D License, AIFF C License",4.1,177,True,"{""instagram"": ""https://instagram.com/national-training-center-naharlagun-42"", ""facebook"": ""https://facebook.com/national-training-center-naharlagun-42"", ""youtube"": ""https://youtube.com/@national-training-center-naharlagun-42""}"
138ee089-5b3d-4cf2-a577-5aa17164fdc2,Royal Sports Academy Itanagar 43,royal-sports-academy-itanagar-43,27.074078,93.57526,Professional Athletics coaching academy offering structured training programs.,Athletics,"Plot 214, Stadium Road, Itanagar",Itanagar,Arunachal Pradesh,+918741563838,"https://maps.google.com/?q=27.074078,93.57526",https://picsum.photos/seed/royal-sports-academy-itanagar-43/800/600,Suresh Kumar,Athletics,23 Years,Royal Sports Academy Itanagar 43,₹4924/month,"Gym, Running Track, Recovery Zone, Fitness Center",4:00 PM - 6:00 PM,15-18,Mixed,74,Athletics Federation Certified,4.8,345,True,"{""instagram"": ""https://instagram.com/royal-sports-academy-itanagar-43"", ""facebook"": ""https://facebook.com/royal-sports-academy-itanagar-43"", ""youtube"": ""https://youtube.com/@royal-sports-academy-itanagar-43""}"
e3c29831-07ad-4066-9166-20f47cb7fef1,Pro Training Center Itanagar 44,pro-training-center-itanagar-44,27.036457,93.567749,Professional Cricket coaching academy offering structured training programs.,Cricket,"Plot 807, Stadium Road, Itanagar",Itanagar,Arunachal Pradesh,+917954908366,"https://maps.google.com/?q=27.036457,93.567749",https://picsum.photos/seed/pro-training-center-itanagar-44/800/600,Kiran Kumar,Cricket,24 Years,Pro Training Center Itanagar 44,₹3385/month,"Video Analysis, Practice Pitch, Turf Nets, Bowling Machine",4:00 PM - 6:00 PM,5-10,Mixed,57,"BCCI Level 1, BCCI Level 2",4.8,95,True,"{""instagram"": ""https://instagram.com/pro-training-center-itanagar-44"", ""facebook"": ""https://facebook.com/pro-training-center-itanagar-44"", ""youtube"": ""https://youtube.com/@pro-training-center-itanagar-44""}"
341a1e75-9718-43f2-a8ff-f9ecd2e2415b,Champion Performance Academy Naharlagun 45,champion-performance-academy-naharlagun-45,27.135609,93.710534,Professional Football coaching academy offering structured training programs.,Football,"Plot 933, Stadium Road, Naharlagun",Naharlagun,Arunachal Pradesh,+916170362504,"https://maps.google.com/?q=27.135609,93.710534",https://picsum.photos/seed/champion-performance-academy-naharlagun-45/800/600,Prakash Pillai,Football,20 Years,Champion Performance Academy Naharlagun 45,₹5107/month,"Locker Rooms, Fitness Center, Training Cones, Flood Lights",4:00 PM - 6:00 PM,10-15,Boys,40,"AIFF D License, AIFF C License",4.8,474,False,"{""instagram"": ""https://instagram.com/champion-performance-academy-naharlagun-45"", ""facebook"": ""https://facebook.com/champion-performance-academy-naharlagun-45"", ""youtube"": ""https://youtube.com/@champion-performance-academy-naharlagun-45""}"
ee63d114-d784-4072-ae3f-1aa584dcf54a,National Performance Academy Naharlagun 46,national-performance-academy-naharlagun-46,27.123001,93.724966,Professional Basketball coaching academy offering structured training programs.,Basketball,"Plot 438, Sports Complex, Naharlagun",Naharlagun,Arunachal Pradesh,+918594494563,"https://maps.google.com/?q=27.123001,93.724966",https://picsum.photos/seed/national-performance-academy-naharlagun-46/800/600,Rohit Choudhary,Basketball,16 Years,National Performance Academy Naharlagun 46,₹5661/month,"Locker Rooms, Fitness Center, Outdoor Court, Indoor Court",5:00 PM - 7:00 PM,All Ages,Boys,48,Basketball Federation Certified,4.1,258,True,"{""instagram"": ""https://instagram.com/national-performance-academy-naharlagun-46"", ""facebook"": ""https://facebook.com/national-performance-academy-naharlagun-46"", ""youtube"": ""https://youtube.com/@national-performance-academy-naharlagun-46""}"
f4cf1bcd-d075-41a0-a432-02c747b8dda8,National Training Center Itanagar 47,national-training-center-itanagar-47,27.070716,93.584804,Professional Cricket coaching academy offering structured training programs.,Cricket,"Plot 106, Ring Road, Itanagar",Itanagar,Arunachal Pradesh,+918041320789,"https://maps.google.com/?q=27.070716,93.584804",https://picsum.photos/seed/national-training-center-itanagar-47/800/600,Rohit Yadav,Cricket,9 Years,National Training Center Itanagar 47,₹3387/month,"Bowling Machine, Video Analysis, Practice Pitch, Turf Nets",5:30 AM - 7:30 AM,5-10,Boys,20,"BCCI Level 1, BCCI Level 2",3.9,95,False,"{""instagram"": ""https://instagram.com/national-training-center-itanagar-47"", ""facebook"": ""https://facebook.com/national-training-center-itanagar-47"", ""youtube"": ""https://youtube.com/@national-training-center-itanagar-47""}"
db346b3f-1294-40eb-b9f5-88256f784938,National Athletic Center Itanagar 48,national-athletic-center-itanagar-48,27.061155,93.651752,Professional Swimming coaching academy offering structured training programs.,Swimming,"Plot 52, Central Park, Itanagar",Itanagar,Arunachal Pradesh,+918952364546,"https://maps.google.com/?q=27.061155,93.651752",https://picsum.photos/seed/national-athletic-center-itanagar-48/800/600,Ravi Kumar,Swimming,19 Years,National Athletic Center Itanagar 48,₹9107/month,"Changing Rooms, Kids Pool, Olympic Pool, Lifeguard Support",6:00 PM - 8:00 PM,5-10,Girls,39,Swimming Federation Certified,3.9,479,True,"{""instagram"": ""https://instagram.com/national-athletic-center-itanagar-48"", ""facebook"": ""https://facebook.com/national-athletic-center-itanagar-48"", ""youtube"": ""https://youtube.com/@national-athletic-center-itanagar-48""}"
d41119cf-9fea-46c2-a998-c186a82fba92,Elite Sports Club Naharlagun 49,elite-sports-club-naharlagun-49,27.148644,93.74233,Professional Swimming coaching academy offering structured training programs.,Swimming,"Plot 140, Sports Hub, Naharlagun",Naharlagun,Arunachal Pradesh,+917991521972,"https://maps.google.com/?q=27.148644,93.74233",https://picsum.photos/seed/elite-sports-club-naharlagun-49/800/600,Rahul Patel,Swimming,20 Years,Elite Sports Club Naharlagun 49,₹4949/month,"Olympic Pool, Lifeguard Support, Changing Rooms, Kids Pool",6:00 AM - 8:00 AM,15-18,Boys,81,Swimming Federation Certified,3.6,363,False,"{""instagram"": ""https://instagram.com/elite-sports-club-naharlagun-49"", ""facebook"": ""https://facebook.com/elite-sports-club-naharlagun-49"", ""youtube"": ""https://youtube.com/@elite-sports-club-naharlagun-49""}"
26272268-730b-42cf-ac25-255dfb972c63,Victory Athletic Center Naharlagun 50,victory-athletic-center-naharlagun-50,27.153533,93.687893,Professional Badminton coaching academy offering structured training programs.,Badminton,"Plot 285, Stadium Road, Naharlagun",Naharlagun,Arunachal Pradesh,+917952294174,"https://maps.google.com/?q=27.153533,93.687893",https://picsum.photos/seed/victory-athletic-center-naharlagun-50/800/600,Ravi Pillai,Badminton,19 Years,Victory Athletic Center Naharlagun 50,₹2547/month,"Wooden Courts, Indoor Courts, Fitness Center, Shuttle Supply",4:00 PM - 6:00 PM,18+,Girls,35,BAI Certified Coach,4.5,122,False,"{""instagram"": ""https://instagram.com/victory-athletic-center-naharlagun-50"", ""facebook"": ""https://facebook.com/victory-athletic-center-naharlagun-50"", ""youtube"": ""https://youtube.com/@victory-athletic-center-naharlagun-50""}"
7bc58817-2ba1-45c4-9fdd-dce8c7e3d4c6,Star Training Center Itanagar 51,star-training-center-itanagar-51,27.130044,93.578285,Professional Tennis coaching academy offering structured training programs.,Tennis,"Plot 515, Main Road, Itanagar",Itanagar,Arunachal Pradesh,+918384564009,"https://maps.google.com/?q=27.130044,93.578285",https://picsum.photos/seed/star-training-center-itanagar-51/800/600,Aman Singh,Tennis,9 Years,Star Training Center Itanagar 51,₹5767/month,"Clay Court, Fitness Center, Hard Court, Ball Machine",6:00 PM - 8:00 PM,18+,Boys,40,AITA Certified Coach,3.9,323,False,"{""instagram"": ""https://instagram.com/star-training-center-itanagar-51"", ""facebook"": ""https://facebook.com/star-training-center-itanagar-51"", ""youtube"": ""https://youtube.com/@star-training-center-itanagar-51""}"
7492ab76-b6f9-47c0-afce-96821809b009,Future Sports Academy Naharlagun 52,future-sports-academy-naharlagun-52,27.093382,93.649948,Professional Cricket coaching academy offering structured training programs.,Cricket,"Plot 112, Main Road, Naharlagun",Naharlagun,Arunachal Pradesh,+917347892823,"https://maps.google.com/?q=27.093382,93.649948",https://picsum.photos/seed/future-sports-academy-naharlagun-52/800/600,Aman Joshi,Cricket,20 Years,Future Sports Academy Naharlagun 52,₹3220/month,"Gym, Video Analysis, Turf Nets, Bowling Machine",4:00 PM - 6:00 PM,10-15,Mixed,43,"BCCI Level 1, BCCI Level 2",4.6,370,False,"{""instagram"": ""https://instagram.com/future-sports-academy-naharlagun-52"", ""facebook"": ""https://facebook.com/future-sports-academy-naharlagun-52"", ""youtube"": ""https://youtube.com/@future-sports-academy-naharlagun-52""}"
1e7fb36d-cf81-4b0c-9348-b6c1b919c89d,Elite Sports Academy Itanagar 53,elite-sports-academy-itanagar-53,27.053577,93.584191,Professional Basketball coaching academy offering structured training programs.,Basketball,"Plot 226, Sports Complex, Itanagar",Itanagar,Arunachal Pradesh,+918162780384,"https://maps.google.com/?q=27.053577,93.584191",https://picsum.photos/seed/elite-sports-academy-itanagar-53/800/600,Vikram Singh,Basketball,24 Years,Elite Sports Academy Itanagar 53,₹6870/month,"Fitness Center, Locker Rooms, Outdoor Court, Indoor Court",5:30 AM - 7:30 AM,5-10,Boys,68,Basketball Federation Certified,3.9,183,False,"{""instagram"": ""https://instagram.com/elite-sports-academy-itanagar-53"", ""facebook"": ""https://facebook.com/elite-sports-academy-itanagar-53"", ""youtube"": ""https://youtube.com/@elite-sports-academy-itanagar-53""}"
1eb7e581-5f3c-4733-b8b1-8709502413cb,Future Sports Club Naharlagun 54,future-sports-club-naharlagun-54,27.090262,93.73017,Professional Swimming coaching academy offering structured training programs.,Swimming,"Plot 489, Athletic Colony, Naharlagun",Naharlagun,Arunachal Pradesh,+918350401561,"https://maps.google.com/?q=27.090262,93.73017",https://picsum.photos/seed/future-sports-club-naharlagun-54/800/600,Mahesh Mishra,Swimming,16 Years,Future Sports Club Naharlagun 54,₹9955/month,"Changing Rooms, Lifeguard Support, Olympic Pool, Kids Pool",6:00 AM - 8:00 AM,10-15,Boys,89,Swimming Federation Certified,4.4,37,True,"{""instagram"": ""https://instagram.com/future-sports-club-naharlagun-54"", ""facebook"": ""https://facebook.com/future-sports-club-naharlagun-54"", ""youtube"": ""https://youtube.com/@future-sports-club-naharlagun-54""}"
c01887b6-2fb6-4769-873a-811cfe8aa799,Champion Sports Institute Naharlagun 55,champion-sports-institute-naharlagun-55,27.107186,93.711286,Professional Cricket coaching academy offering structured training programs.,Cricket,"Plot 733, Champions Street, Naharlagun",Naharlagun,Arunachal Pradesh,+917392159342,"https://maps.google.com/?q=27.107186,93.711286",https://picsum.photos/seed/champion-sports-institute-naharlagun-55/800/600,Tarun Kumar,Cricket,25 Years,Champion Sports Institute Naharlagun 55,₹5107/month,"Bowling Machine, Video Analysis, Turf Nets, Gym",4:00 PM - 6:00 PM,15-18,Girls,44,"BCCI Level 1, BCCI Level 2",3.9,452,False,"{""instagram"": ""https://instagram.com/champion-sports-institute-naharlagun-55"", ""facebook"": ""https://facebook.com/champion-sports-institute-naharlagun-55"", ""youtube"": ""https://youtube.com/@champion-sports-institute-naharlagun-55""}"
c10d402b-7336-48b3-88d6-81ab3b8010bc,Elite Performance Academy Naharlagun 56,elite-performance-academy-naharlagun-56,27.077901,93.660456,Professional Badminton coaching academy offering structured training programs.,Badminton,"Plot 26, Central Park, Naharlagun",Naharlagun,Arunachal Pradesh,+916393183164,"https://maps.google.com/?q=27.077901,93.660456",https://picsum.photos/seed/elite-performance-academy-naharlagun-56/800/600,Suresh Verma,Badminton,22 Years,Elite Performance Academy Naharlagun 56,₹3000/month,"Shuttle Supply, Wooden Courts, Fitness Center, Indoor Courts",4:00 PM - 6:00 PM,15-18,Girls,48,BAI Certified Coach,4.2,166,True,"{""instagram"": ""https://instagram.com/elite-performance-academy-naharlagun-56"", ""facebook"": ""https://facebook.com/elite-performance-academy-naharlagun-56"", ""youtube"": ""https://youtube.com/@elite-performance-academy-naharlagun-56""}"
80984ce9-3fde-4ecd-bcc1-759ac982bcf7,Master Athletic Center Itanagar 57,master-athletic-center-itanagar-57,27.12722,93.568718,Professional Basketball coaching academy offering structured training programs.,Basketball,"Plot 597, Victory Avenue, Itanagar",Itanagar,Arunachal Pradesh,+918902635068,"https://maps.google.com/?q=27.12722,93.568718",https://picsum.photos/seed/master-athletic-center-itanagar-57/800/600,Ravi Sharma,Basketball,14 Years,Master Athletic Center Itanagar 57,₹5243/month,"Outdoor Court, Indoor Court, Locker Rooms, Fitness Center",6:00 AM - 8:00 AM,5-10,Boys,55,Basketball Federation Certified,4.8,25,False,"{""instagram"": ""https://instagram.com/master-athletic-center-itanagar-57"", ""facebook"": ""https://facebook.com/master-athletic-center-itanagar-57"", ""youtube"": ""https://youtube.com/@master-athletic-center-itanagar-57""}"
297d904b-9d3c-4083-9152-bd099db2e850,Legend Sports Institute Itanagar 58,legend-sports-institute-itanagar-58,27.133478,93.608459,Professional Badminton coaching academy offering structured training programs.,Badminton,"Plot 231, Sports Complex, Itanagar",Itanagar,Arunachal Pradesh,+917796748512,"https://maps.google.com/?q=27.133478,93.608459",https://picsum.photos/seed/legend-sports-institute-itanagar-58/800/600,Arjun Yadav,Badminton,15 Years,Legend Sports Institute Itanagar 58,₹5670/month,"Wooden Courts, Fitness Center, Indoor Courts, Shuttle Supply",6:00 PM - 8:00 PM,18+,Boys,22,BAI Certified Coach,3.8,113,True,"{""instagram"": ""https://instagram.com/legend-sports-institute-itanagar-58"", ""facebook"": ""https://facebook.com/legend-sports-institute-itanagar-58"", ""youtube"": ""https://youtube.com/@legend-sports-institute-itanagar-58""}"
0601abad-c9f5-4a73-afd9-5f0cd10fb1c9,Master Sports Academy Itanagar 59,master-sports-academy-itanagar-59,27.098113,93.639677,Professional Cricket coaching academy offering structured training programs.,Cricket,"Plot 467, Champions Street, Itanagar",Itanagar,Arunachal Pradesh,+919913163447,"https://maps.google.com/?q=27.098113,93.639677",https://picsum.photos/seed/master-sports-academy-itanagar-59/800/600,Arjun Pillai,Cricket,19 Years,Master Sports Academy Itanagar 59,₹5795/month,"Practice Pitch, Video Analysis, Turf Nets, Gym",4:00 PM - 6:00 PM,10-15,Mixed,75,"BCCI Level 1, BCCI Level 2",4.0,159,True,"{""instagram"": ""https://instagram.com/master-sports-academy-itanagar-59"", ""facebook"": ""https://facebook.com/master-sports-academy-itanagar-59"", ""youtube"": ""https://youtube.com/@master-sports-academy-itanagar-59""}"
9989e97c-d799-4b18-b592-8c71a7e14a50,Prime Performance Academy Itanagar 60,prime-performance-academy-itanagar-60,27.106963,93.595682,Professional Swimming coaching academy offering structured training programs.,Swimming,"Plot 517, Sports Complex, Itanagar",Itanagar,Arunachal Pradesh,+917351820264,"https://maps.google.com/?q=27.106963,93.595682",https://picsum.photos/seed/prime-performance-academy-itanagar-60/800/600,Lokesh Singh,Swimming,25 Years,Prime Performance Academy Itanagar 60,₹4979/month,"Changing Rooms, Kids Pool, Olympic Pool, Lifeguard Support",6:00 AM - 8:00 AM,18+,Boys,36,Swimming Federation Certified,4.2,136,True,"{""instagram"": ""https://instagram.com/prime-performance-academy-itanagar-60"", ""facebook"": ""https://facebook.com/prime-performance-academy-itanagar-60"", ""youtube"": ""https://youtube.com/@prime-performance-academy-itanagar-60""}"
39f4ac5f-7ed8-481d-a1a5-03014ee96bb7,Legend Sports Institute Naharlagun 61,legend-sports-institute-naharlagun-61,27.14811,93.656603,Professional Tennis coaching academy offering structured training programs.,Tennis,"Plot 60, Sports Hub, Naharlagun",Naharlagun,Arunachal Pradesh,+918805880572,"https://maps.google.com/?q=27.14811,93.656603",https://picsum.photos/seed/legend-sports-institute-naharlagun-61/800/600,Kiran Rao,Tennis,12 Years,Legend Sports Institute Naharlagun 61,₹5318/month,"Clay Court, Hard Court, Ball Machine, Fitness Center",4:00 PM - 6:00 PM,5-10,Mixed,20,AITA Certified Coach,4.3,218,True,"{""instagram"": ""https://instagram.com/legend-sports-institute-naharlagun-61"", ""facebook"": ""https://facebook.com/legend-sports-institute-naharlagun-61"", ""youtube"": ""https://youtube.com/@legend-sports-institute-naharlagun-61""}"
0963ec96-d2a8-458b-9520-8b21d4b116f1,National Sports Club Itanagar 62,national-sports-club-itanagar-62,27.124403,93.576896,Professional Athletics coaching academy offering structured training programs.,Athletics,"Plot 436, Sports Hub, Itanagar",Itanagar,Arunachal Pradesh,+917204745122,"https://maps.google.com/?q=27.124403,93.576896",https://picsum.photos/seed/national-sports-club-itanagar-62/800/600,Rohit Yadav,Athletics,23 Years,National Sports Club Itanagar 62,₹1629/month,"Gym, Recovery Zone, Fitness Center, Running Track",6:00 PM - 8:00 PM,5-10,Girls,43,Athletics Federation Certified,3.8,199,False,"{""instagram"": ""https://instagram.com/national-sports-club-itanagar-62"", ""facebook"": ""https://facebook.com/national-sports-club-itanagar-62"", ""youtube"": ""https://youtube.com/@national-sports-club-itanagar-62""}"
13633062-2cb5-47e3-80d6-109cfa5fdb67,Dynamic Sports Institute Itanagar 63,dynamic-sports-institute-itanagar-63,27.036546,93.596705,Professional Swimming coaching academy offering structured training programs.,Swimming,"Plot 813, Athletic Colony, Itanagar",Itanagar,Arunachal Pradesh,+918582079692,"https://maps.google.com/?q=27.036546,93.596705",https://picsum.photos/seed/dynamic-sports-institute-itanagar-63/800/600,Harish Choudhary,Swimming,8 Years,Dynamic Sports Institute Itanagar 63,₹5605/month,"Changing Rooms, Olympic Pool, Lifeguard Support, Kids Pool",6:00 PM - 8:00 PM,15-18,Mixed,59,Swimming Federation Certified,4.0,397,False,"{""instagram"": ""https://instagram.com/dynamic-sports-institute-itanagar-63"", ""facebook"": ""https://facebook.com/dynamic-sports-institute-itanagar-63"", ""youtube"": ""https://youtube.com/@dynamic-sports-institute-itanagar-63""}"
1fde2bad-e5a8-48c8-a6d8-30abb73c5819,Elite Sports Club Naharlagun 64,elite-sports-club-naharlagun-64,27.109993,93.716265,Professional Football coaching academy offering structured training programs.,Football,"Plot 669, Sports Complex, Naharlagun",Naharlagun,Arunachal Pradesh,+917293770993,"https://maps.google.com/?q=27.109993,93.716265",https://picsum.photos/seed/elite-sports-club-naharlagun-64/800/600,Sanjay Choudhary,Football,9 Years,Elite Sports Club Naharlagun 64,₹2734/month,"Flood Lights, Natural Grass Ground, Locker Rooms, Fitness Center",5:00 PM - 7:00 PM,5-10,Mixed,70,"AIFF D License, AIFF C License",4.9,326,True,"{""instagram"": ""https://instagram.com/elite-sports-club-naharlagun-64"", ""facebook"": ""https://facebook.com/elite-sports-club-naharlagun-64"", ""youtube"": ""https://youtube.com/@elite-sports-club-naharlagun-64""}"
498dfc8b-d433-4e57-8117-49163f7a3bac,Master Sports Academy Naharlagun 65,master-sports-academy-naharlagun-65,27.058184,93.676665,Professional Badminton coaching academy offering structured training programs.,Badminton,"Plot 48, Stadium Road, Naharlagun",Naharlagun,Arunachal Pradesh,+916453798898,"https://maps.google.com/?q=27.058184,93.676665",https://picsum.photos/seed/master-sports-academy-naharlagun-65/800/600,Ajay Gupta,Badminton,17 Years,Master Sports Academy Naharlagun 65,₹6390/month,"Wooden Courts, Shuttle Supply, Fitness Center, Indoor Courts",6:00 PM - 8:00 PM,18+,Boys,86,BAI Certified Coach,4.7,303,False,"{""instagram"": ""https://instagram.com/master-sports-academy-naharlagun-65"", ""facebook"": ""https://facebook.com/master-sports-academy-naharlagun-65"", ""youtube"": ""https://youtube.com/@master-sports-academy-naharlagun-65""}"
ca781d43-07cd-4023-b006-761fb87e7ba5,Dynamic Training Center Naharlagun 66,dynamic-training-center-naharlagun-66,27.067241,93.650489,Professional Badminton coaching academy offering structured training programs.,Badminton,"Plot 975, Athletic Colony, Naharlagun",Naharlagun,Arunachal Pradesh,+917516092854,"https://maps.google.com/?q=27.067241,93.650489",https://picsum.photos/seed/dynamic-training-center-naharlagun-66/800/600,Naveen Joshi,Badminton,17 Years,Dynamic Training Center Naharlagun 66,₹2124/month,"Indoor Courts, Shuttle Supply, Wooden Courts, Fitness Center",4:00 PM - 6:00 PM,18+,Girls,64,BAI Certified Coach,4.6,171,False,"{""instagram"": ""https://instagram.com/dynamic-training-center-naharlagun-66"", ""facebook"": ""https://facebook.com/dynamic-training-center-naharlagun-66"", ""youtube"": ""https://youtube.com/@dynamic-training-center-naharlagun-66""}"
b093847a-24e7-493f-83d8-691419a0c787,Victory Sports Academy Naharlagun 67,victory-sports-academy-naharlagun-67,27.104746,93.676479,Professional Cricket coaching academy offering structured training programs.,Cricket,"Plot 945, Athletic Colony, Naharlagun",Naharlagun,Arunachal Pradesh,+918872428721,"https://maps.google.com/?q=27.104746,93.676479",https://picsum.photos/seed/victory-sports-academy-naharlagun-67/800/600,Mahesh Reddy,Cricket,10 Years,Victory Sports Academy Naharlagun 67,₹7189/month,"Bowling Machine, Turf Nets, Practice Pitch, Video Analysis",5:30 AM - 7:30 AM,18+,Girls,70,"BCCI Level 1, BCCI Level 2",4.1,464,True,"{""instagram"": ""https://instagram.com/victory-sports-academy-naharlagun-67"", ""facebook"": ""https://facebook.com/victory-sports-academy-naharlagun-67"", ""youtube"": ""https://youtube.com/@victory-sports-academy-naharlagun-67""}"
818acfec-6ae0-4bf4-b824-5ac41525c7d4,Prime Performance Academy Itanagar 68,prime-performance-academy-itanagar-68,27.098689,93.636024,Professional Cricket coaching academy offering structured training programs.,Cricket,"Plot 226, Sports Complex, Itanagar",Itanagar,Arunachal Pradesh,+916102131506,"https://maps.google.com/?q=27.098689,93.636024",https://picsum.photos/seed/prime-performance-academy-itanagar-68/800/600,Tarun Patel,Cricket,17 Years,Prime Performance Academy Itanagar 68,₹6251/month,"Bowling Machine, Gym, Video Analysis, Practice Pitch",6:00 AM - 8:00 AM,All Ages,Boys,27,"BCCI Level 1, BCCI Level 2",3.7,180,False,"{""instagram"": ""https://instagram.com/prime-performance-academy-itanagar-68"", ""facebook"": ""https://facebook.com/prime-performance-academy-itanagar-68"", ""youtube"": ""https://youtube.com/@prime-performance-academy-itanagar-68""}"
ac77c341-4008-41aa-8eb9-5ff89ab7a129,Pro Sports Academy Naharlagun 69,pro-sports-academy-naharlagun-69,27.055801,93.670705,Professional Athletics coaching academy offering structured training programs.,Athletics,"Plot 80, Ring Road, Naharlagun",Naharlagun,Arunachal Pradesh,+918085419401,"https://maps.google.com/?q=27.055801,93.670705",https://picsum.photos/seed/pro-sports-academy-naharlagun-69/800/600,Harish Yadav,Athletics,12 Years,Pro Sports Academy Naharlagun 69,₹4424/month,"Fitness Center, Gym, Running Track, Recovery Zone",5:00 PM - 7:00 PM,10-15,Boys,89,Athletics Federation Certified,4.9,257,True,"{""instagram"": ""https://instagram.com/pro-sports-academy-naharlagun-69"", ""facebook"": ""https://facebook.com/pro-sports-academy-naharlagun-69"", ""youtube"": ""https://youtube.com/@pro-sports-academy-naharlagun-69""}"
358955f6-185d-4555-8572-22d8fd5854cf,Victory Sports Academy Itanagar 70,victory-sports-academy-itanagar-70,27.122045,93.568683,Professional Cricket coaching academy offering structured training programs.,Cricket,"Plot 405, Sports Complex, Itanagar",Itanagar,Arunachal Pradesh,+917402204202,"https://maps.google.com/?q=27.122045,93.568683",https://picsum.photos/seed/victory-sports-academy-itanagar-70/800/600,Vikram Choudhary,Cricket,22 Years,Victory Sports Academy Itanagar 70,₹4932/month,"Video Analysis, Bowling Machine, Turf Nets, Practice Pitch",5:30 AM - 7:30 AM,All Ages,Girls,32,"BCCI Level 1, BCCI Level 2",4.3,473,True,"{""instagram"": ""https://instagram.com/victory-sports-academy-itanagar-70"", ""facebook"": ""https://facebook.com/victory-sports-academy-itanagar-70"", ""youtube"": ""https://youtube.com/@victory-sports-academy-itanagar-70""}"
07e8adcb-f73a-4501-b8e8-bfaad0f0ec8f,Elite Sports Institute Dibrugarh 71,elite-sports-institute-dibrugarh-71,27.468694,94.89389,Professional Football coaching academy offering structured training programs.,Football,"Plot 327, Athletic Colony, Dibrugarh",Dibrugarh,Assam,+919224685546,"https://maps.google.com/?q=27.468694,94.89389",https://picsum.photos/seed/elite-sports-institute-dibrugarh-71/800/600,Suresh Sharma,Football,24 Years,Elite Sports Institute Dibrugarh 71,₹7333/month,"Locker Rooms, Flood Lights, Training Cones, Natural Grass Ground",4:00 PM - 6:00 PM,5-10,Girls,44,"AIFF D License, AIFF C License",4.5,84,False,"{""instagram"": ""https://instagram.com/elite-sports-institute-dibrugarh-71"", ""facebook"": ""https://facebook.com/elite-sports-institute-dibrugarh-71"", ""youtube"": ""https://youtube.com/@elite-sports-institute-dibrugarh-71""}"
d961a9e4-d18a-4ff4-98f8-13a0edb1e22b,Legend Performance Academy Guwahati 72,legend-performance-academy-guwahati-72,26.127739,91.759107,Professional Cricket coaching academy offering structured training programs.,Cricket,"Plot 809, Victory Avenue, Guwahati",Guwahati,Assam,+918996389622,"https://maps.google.com/?q=26.127739,91.759107",https://picsum.photos/seed/legend-performance-academy-guwahati-72/800/600,Rohit Gupta,Cricket,18 Years,Legend Performance Academy Guwahati 72,₹3846/month,"Practice Pitch, Bowling Machine, Gym, Turf Nets",6:00 PM - 8:00 PM,10-15,Mixed,81,"BCCI Level 1, BCCI Level 2",4.8,162,True,"{""instagram"": ""https://instagram.com/legend-performance-academy-guwahati-72"", ""facebook"": ""https://facebook.com/legend-performance-academy-guwahati-72"", ""youtube"": ""https://youtube.com/@legend-performance-academy-guwahati-72""}"
26138ce2-da27-41cf-b033-cbf2b4745110,Star Sports Institute Silchar 73,star-sports-institute-silchar-73,24.812684,92.825209,Professional Basketball coaching academy offering structured training programs.,Basketball,"Plot 444, Central Park, Silchar",Silchar,Assam,+916160161590,"https://maps.google.com/?q=24.812684,92.825209",https://picsum.photos/seed/star-sports-institute-silchar-73/800/600,Deepak Patel,Basketball,13 Years,Star Sports Institute Silchar 73,₹3069/month,"Locker Rooms, Outdoor Court, Fitness Center, Indoor Court",6:00 AM - 8:00 AM,10-15,Girls,44,Basketball Federation Certified,4.7,95,False,"{""instagram"": ""https://instagram.com/star-sports-institute-silchar-73"", ""facebook"": ""https://facebook.com/star-sports-institute-silchar-73"", ""youtube"": ""https://youtube.com/@star-sports-institute-silchar-73""}"
4639a113-851a-45ec-855c-39f1b90ee91b,National Sports Club Silchar 74,national-sports-club-silchar-74,24.832748,92.798812,Professional Athletics coaching academy offering structured training programs.,Athletics,"Plot 245, Central Park, Silchar",Silchar,Assam,+917502085886,"https://maps.google.com/?q=24.832748,92.798812",https://picsum.photos/seed/national-sports-club-silchar-74/800/600,Arjun Rao,Athletics,4 Years,National Sports Club Silchar 74,₹4233/month,"Gym, Fitness Center, Recovery Zone, Running Track",5:30 AM - 7:30 AM,5-10,Mixed,35,Athletics Federation Certified,3.6,369,True,"{""instagram"": ""https://instagram.com/national-sports-club-silchar-74"", ""facebook"": ""https://facebook.com/national-sports-club-silchar-74"", ""youtube"": ""https://youtube.com/@national-sports-club-silchar-74""}"
f8c39315-38ca-4da5-8626-d89052901a3f,Prime Sports Club Silchar 75,prime-sports-club-silchar-75,24.862066,92.73791,Professional Volleyball coaching academy offering structured training programs.,Volleyball,"Plot 757, Victory Avenue, Silchar",Silchar,Assam,+917726537183,"https://maps.google.com/?q=24.862066,92.73791",https://picsum.photos/seed/prime-sports-club-silchar-75/800/600,Prakash Kumar,Volleyball,18 Years,Prime Sports Club Silchar 75,₹5960/month,"Sand Court, Flood Lights, Indoor Court, Fitness Center",5:00 PM - 7:00 PM,5-10,Mixed,65,Volleyball Federation Certified,4.4,39,False,"{""instagram"": ""https://instagram.com/prime-sports-club-silchar-75"", ""facebook"": ""https://facebook.com/prime-sports-club-silchar-75"", ""youtube"": ""https://youtube.com/@prime-sports-club-silchar-75""}"
2aa6de86-7cdc-4cef-902c-a8066473186c,Elite Performance Academy Dibrugarh 76,elite-performance-academy-dibrugarh-76,27.463612,94.943037,Professional Badminton coaching academy offering structured training programs.,Badminton,"Plot 561, Central Park, Dibrugarh",Dibrugarh,Assam,+917646716171,"https://maps.google.com/?q=27.463612,94.943037",https://picsum.photos/seed/elite-performance-academy-dibrugarh-76/800/600,Deepak Nair,Badminton,21 Years,Elite Performance Academy Dibrugarh 76,₹4582/month,"Fitness Center, Indoor Courts, Wooden Courts, Shuttle Supply",5:00 PM - 7:00 PM,18+,Boys,43,BAI Certified Coach,3.7,47,True,"{""instagram"": ""https://instagram.com/elite-performance-academy-dibrugarh-76"", ""facebook"": ""https://facebook.com/elite-performance-academy-dibrugarh-76"", ""youtube"": ""https://youtube.com/@elite-performance-academy-dibrugarh-76""}"
bc311974-e404-42f3-8a0e-311780ce808b,National Sports Academy Dibrugarh 77,national-sports-academy-dibrugarh-77,27.436638,94.889854,Professional Basketball coaching academy offering structured training programs.,Basketball,"Plot 83, Champions Street, Dibrugarh",Dibrugarh,Assam,+916823555081,"https://maps.google.com/?q=27.436638,94.889854",https://picsum.photos/seed/national-sports-academy-dibrugarh-77/800/600,Vikram Verma,Basketball,3 Years,National Sports Academy Dibrugarh 77,₹2594/month,"Indoor Court, Locker Rooms, Fitness Center, Outdoor Court",6:00 AM - 8:00 AM,18+,Girls,57,Basketball Federation Certified,3.8,435,True,"{""instagram"": ""https://instagram.com/national-sports-academy-dibrugarh-77"", ""facebook"": ""https://facebook.com/national-sports-academy-dibrugarh-77"", ""youtube"": ""https://youtube.com/@national-sports-academy-dibrugarh-77""}"
aa731b80-5279-4d36-837f-22c00cf101b6,Elite Sports Club Dibrugarh 78,elite-sports-club-dibrugarh-78,27.433679,94.884495,Professional Athletics coaching academy offering structured training programs.,Athletics,"Plot 764, Sports Complex, Dibrugarh",Dibrugarh,Assam,+919468345569,"https://maps.google.com/?q=27.433679,94.884495",https://picsum.photos/seed/elite-sports-club-dibrugarh-78/800/600,Rahul Choudhary,Athletics,16 Years,Elite Sports Club Dibrugarh 78,₹3987/month,"Recovery Zone, Fitness Center, Gym, Running Track",5:00 PM - 7:00 PM,All Ages,Mixed,38,Athletics Federation Certified,4.7,464,True,"{""instagram"": ""https://instagram.com/elite-sports-club-dibrugarh-78"", ""facebook"": ""https://facebook.com/elite-sports-club-dibrugarh-78"", ""youtube"": ""https://youtube.com/@elite-sports-club-dibrugarh-78""}"
02d2a13f-7dbf-43f9-a863-62c4a6a86d26,Master Sports Club Dibrugarh 79,master-sports-club-dibrugarh-79,27.501299,94.923055,Professional Basketball coaching academy offering structured training programs.,Basketball,"Plot 80, Ring Road, Dibrugarh",Dibrugarh,Assam,+917936253296,"https://maps.google.com/?q=27.501299,94.923055",https://picsum.photos/seed/master-sports-club-dibrugarh-79/800/600,Tarun Singh,Basketball,11 Years,Master Sports Club Dibrugarh 79,₹6093/month,"Outdoor Court, Fitness Center, Indoor Court, Locker Rooms",6:00 AM - 8:00 AM,5-10,Girls,80,Basketball Federation Certified,4.1,347,False,"{""instagram"": ""https://instagram.com/master-sports-club-dibrugarh-79"", ""facebook"": ""https://facebook.com/master-sports-club-dibrugarh-79"", ""youtube"": ""https://youtube.com/@master-sports-club-dibrugarh-79""}"
a6de10c0-f6c3-4642-85ae-b130b9ca68fe,Pro Performance Academy Silchar 80,pro-performance-academy-silchar-80,24.846399,92.774886,Professional Swimming coaching academy offering structured training programs.,Swimming,"Plot 308, Victory Avenue, Silchar",Silchar,Assam,+918536609316,"https://maps.google.com/?q=24.846399,92.774886",https://picsum.photos/seed/pro-performance-academy-silchar-80/800/600,Aman Verma,Swimming,18 Years,Pro Performance Academy Silchar 80,₹7640/month,"Lifeguard Support, Olympic Pool, Kids Pool, Changing Rooms",6:00 AM - 8:00 AM,All Ages,Mixed,20,Swimming Federation Certified,3.7,128,True,"{""instagram"": ""https://instagram.com/pro-performance-academy-silchar-80"", ""facebook"": ""https://facebook.com/pro-performance-academy-silchar-80"", ""youtube"": ""https://youtube.com/@pro-performance-academy-silchar-80""}"
ce9ad205-7e83-4497-9328-7815132f1419,Master Sports Club Silchar 81,master-sports-club-silchar-81,24.81468,92.79718,Professional Tennis coaching academy offering structured training programs.,Tennis,"Plot 784, Victory Avenue, Silchar",Silchar,Assam,+919332693969,"https://maps.google.com/?q=24.81468,92.79718",https://picsum.photos/seed/master-sports-club-silchar-81/800/600,Mahesh Sharma,Tennis,14 Years,Master Sports Club Silchar 81,₹4285/month,"Hard Court, Fitness Center, Clay Court, Ball Machine",5:00 PM - 7:00 PM,All Ages,Mixed,74,AITA Certified Coach,3.8,215,True,"{""instagram"": ""https://instagram.com/master-sports-club-silchar-81"", ""facebook"": ""https://facebook.com/master-sports-club-silchar-81"", ""youtube"": ""https://youtube.com/@master-sports-club-silchar-81""}"
980bfee7-8f15-4487-913f-5e1236713830,Star Training Center Silchar 82,star-training-center-silchar-82,24.854134,92.757545,Professional Swimming coaching academy offering structured training programs.,Swimming,"Plot 313, Main Road, Silchar",Silchar,Assam,+918808023085,"https://maps.google.com/?q=24.854134,92.757545",https://picsum.photos/seed/star-training-center-silchar-82/800/600,Ravi Joshi,Swimming,22 Years,Star Training Center Silchar 82,₹7376/month,"Kids Pool, Lifeguard Support, Olympic Pool, Changing Rooms",6:00 AM - 8:00 AM,All Ages,Mixed,38,Swimming Federation Certified,4.4,287,False,"{""instagram"": ""https://instagram.com/star-training-center-silchar-82"", ""facebook"": ""https://facebook.com/star-training-center-silchar-82"", ""youtube"": ""https://youtube.com/@star-training-center-silchar-82""}"
85842c6e-9844-43d5-92e5-4a4307ce3c66,Prime Performance Academy Dibrugarh 83,prime-performance-academy-dibrugarh-83,27.477137,94.930499,Professional Volleyball coaching academy offering structured training programs.,Volleyball,"Plot 612, Sports Hub, Dibrugarh",Dibrugarh,Assam,+919214939110,"https://maps.google.com/?q=27.477137,94.930499",https://picsum.photos/seed/prime-performance-academy-dibrugarh-83/800/600,Harish Nair,Volleyball,21 Years,Prime Performance Academy Dibrugarh 83,₹2847/month,"Fitness Center, Flood Lights, Sand Court, Indoor Court",6:00 AM - 8:00 AM,5-10,Girls,86,Volleyball Federation Certified,4.1,455,False,"{""instagram"": ""https://instagram.com/prime-performance-academy-dibrugarh-83"", ""facebook"": ""https://facebook.com/prime-performance-academy-dibrugarh-83"", ""youtube"": ""https://youtube.com/@prime-performance-academy-dibrugarh-83""}"
c48d8a5e-422e-4dbd-b1b2-1a9665d30118,Future Athletic Center Silchar 84,future-athletic-center-silchar-84,24.807386,92.739251,Professional Cricket coaching academy offering structured training programs.,Cricket,"Plot 223, Champions Street, Silchar",Silchar,Assam,+917556271928,"https://maps.google.com/?q=24.807386,92.739251",https://picsum.photos/seed/future-athletic-center-silchar-84/800/600,Arjun Yadav,Cricket,17 Years,Future Athletic Center Silchar 84,₹6135/month,"Gym, Practice Pitch, Video Analysis, Bowling Machine",4:00 PM - 6:00 PM,18+,Girls,54,"BCCI Level 1, BCCI Level 2",4.4,232,False,"{""instagram"": ""https://instagram.com/future-athletic-center-silchar-84"", ""facebook"": ""https://facebook.com/future-athletic-center-silchar-84"", ""youtube"": ""https://youtube.com/@future-athletic-center-silchar-84""}"
4c071023-731f-4b51-bac3-d61a0b86ee07,Star Sports Club Guwahati 85,star-sports-club-guwahati-85,26.192549,91.719267,Professional Football coaching academy offering structured training programs.,Football,"Plot 390, Champions Street, Guwahati",Guwahati,Assam,+919587475708,"https://maps.google.com/?q=26.192549,91.719267",https://picsum.photos/seed/star-sports-club-guwahati-85/800/600,Harish Rao,Football,16 Years,Star Sports Club Guwahati 85,₹6243/month,"Fitness Center, Training Cones, Natural Grass Ground, Flood Lights",5:30 AM - 7:30 AM,5-10,Boys,38,"AIFF D License, AIFF C License",4.5,478,True,"{""instagram"": ""https://instagram.com/star-sports-club-guwahati-85"", ""facebook"": ""https://facebook.com/star-sports-club-guwahati-85"", ""youtube"": ""https://youtube.com/@star-sports-club-guwahati-85""}"
18e61b5c-9882-40a9-9cc5-936e38977585,Future Sports Institute Guwahati 86,future-sports-institute-guwahati-86,26.175597,91.744145,Professional Tennis coaching academy offering structured training programs.,Tennis,"Plot 519, Stadium Road, Guwahati",Guwahati,Assam,+917763967028,"https://maps.google.com/?q=26.175597,91.744145",https://picsum.photos/seed/future-sports-institute-guwahati-86/800/600,Rahul Patel,Tennis,19 Years,Future Sports Institute Guwahati 86,₹11772/month,"Hard Court, Fitness Center, Clay Court, Ball Machine",6:00 AM - 8:00 AM,All Ages,Girls,54,AITA Certified Coach,3.7,341,True,"{""instagram"": ""https://instagram.com/future-sports-institute-guwahati-86"", ""facebook"": ""https://facebook.com/future-sports-institute-guwahati-86"", ""youtube"": ""https://youtube.com/@future-sports-institute-guwahati-86""}"
61693d6c-357d-4611-8c6f-d6d46c9d7165,Victory Sports Institute Silchar 87,victory-sports-institute-silchar-87,24.841586,92.776946,Professional Basketball coaching academy offering structured training programs.,Basketball,"Plot 45, Sports Hub, Silchar",Silchar,Assam,+919472270687,"https://maps.google.com/?q=24.841586,92.776946",https://picsum.photos/seed/victory-sports-institute-silchar-87/800/600,Lokesh Pillai,Basketball,24 Years,Victory Sports Institute Silchar 87,₹3784/month,"Locker Rooms, Outdoor Court, Indoor Court, Fitness Center",6:00 AM - 8:00 AM,All Ages,Mixed,48,Basketball Federation Certified,4.6,133,False,"{""instagram"": ""https://instagram.com/victory-sports-institute-silchar-87"", ""facebook"": ""https://facebook.com/victory-sports-institute-silchar-87"", ""youtube"": ""https://youtube.com/@victory-sports-institute-silchar-87""}"
51a6a058-25ad-47dd-bbb0-0070577abd11,Pro Training Center Silchar 88,pro-training-center-silchar-88,24.844671,92.789329,Professional Tennis coaching academy offering structured training programs.,Tennis,"Plot 102, Stadium Road, Silchar",Silchar,Assam,+916800302071,"https://maps.google.com/?q=24.844671,92.789329",https://picsum.photos/seed/pro-training-center-silchar-88/800/600,Tarun Joshi,Tennis,15 Years,Pro Training Center Silchar 88,₹9636/month,"Hard Court, Ball Machine, Clay Court, Fitness Center",5:30 AM - 7:30 AM,5-10,Mixed,80,AITA Certified Coach,3.7,142,True,"{""instagram"": ""https://instagram.com/pro-training-center-silchar-88"", ""facebook"": ""https://facebook.com/pro-training-center-silchar-88"", ""youtube"": ""https://youtube.com/@pro-training-center-silchar-88""}"
3f8ebad5-6c2a-4e38-963a-fe390827e182,National Training Center Silchar 89,national-training-center-silchar-89,24.804535,92.774303,Professional Cricket coaching academy offering structured training programs.,Cricket,"Plot 145, Stadium Road, Silchar",Silchar,Assam,+916185565245,"https://maps.google.com/?q=24.804535,92.774303",https://picsum.photos/seed/national-training-center-silchar-89/800/600,Lokesh Joshi,Cricket,14 Years,National Training Center Silchar 89,₹4474/month,"Gym, Bowling Machine, Practice Pitch, Turf Nets",6:00 AM - 8:00 AM,10-15,Girls,40,"BCCI Level 1, BCCI Level 2",4.5,481,True,"{""instagram"": ""https://instagram.com/national-training-center-silchar-89"", ""facebook"": ""https://facebook.com/national-training-center-silchar-89"", ""youtube"": ""https://youtube.com/@national-training-center-silchar-89""}"
e95003d1-4d3a-471f-80ce-5b6985d8860d,Future Sports Institute Dibrugarh 90,future-sports-institute-dibrugarh-90,27.498627,94.875337,Professional Cricket coaching academy offering structured training programs.,Cricket,"Plot 685, Central Park, Dibrugarh",Dibrugarh,Assam,+917908503170,"https://maps.google.com/?q=27.498627,94.875337",https://picsum.photos/seed/future-sports-institute-dibrugarh-90/800/600,Sanjay Choudhary,Cricket,22 Years,Future Sports Institute Dibrugarh 90,₹8882/month,"Bowling Machine, Gym, Video Analysis, Turf Nets",6:00 PM - 8:00 PM,18+,Boys,22,"BCCI Level 1, BCCI Level 2",3.7,56,True,"{""instagram"": ""https://instagram.com/future-sports-institute-dibrugarh-90"", ""facebook"": ""https://facebook.com/future-sports-institute-dibrugarh-90"", ""youtube"": ""https://youtube.com/@future-sports-institute-dibrugarh-90""}"
3c9b59b3-1049-4071-a905-bfd12935ec43,Victory Training Center Silchar 91,victory-training-center-silchar-91,24.874367,92.771142,Professional Swimming coaching academy offering structured training programs.,Swimming,"Plot 158, Central Park, Silchar",Silchar,Assam,+917277097520,"https://maps.google.com/?q=24.874367,92.771142",https://picsum.photos/seed/victory-training-center-silchar-91/800/600,Rohit Singh,Swimming,2 Years,Victory Training Center Silchar 91,₹4832/month,"Lifeguard Support, Changing Rooms, Kids Pool, Olympic Pool",5:30 AM - 7:30 AM,5-10,Mixed,21,Swimming Federation Certified,4.5,172,True,"{""instagram"": ""https://instagram.com/victory-training-center-silchar-91"", ""facebook"": ""https://facebook.com/victory-training-center-silchar-91"", ""youtube"": ""https://youtube.com/@victory-training-center-silchar-91""}"
893d1b0b-6214-4a1c-a28e-ac1ca5a64905,Prime Training Center Silchar 92,prime-training-center-silchar-92,24.806249,92.74457,Professional Tennis coaching academy offering structured training programs.,Tennis,"Plot 97, Sports Hub, Silchar",Silchar,Assam,+918890740249,"https://maps.google.com/?q=24.806249,92.74457",https://picsum.photos/seed/prime-training-center-silchar-92/800/600,Naveen Verma,Tennis,12 Years,Prime Training Center Silchar 92,₹4689/month,"Hard Court, Ball Machine, Fitness Center, Clay Court",5:30 AM - 7:30 AM,15-18,Mixed,56,AITA Certified Coach,4.1,188,True,"{""instagram"": ""https://instagram.com/prime-training-center-silchar-92"", ""facebook"": ""https://facebook.com/prime-training-center-silchar-92"", ""youtube"": ""https://youtube.com/@prime-training-center-silchar-92""}"
5a29d35c-f497-4997-999f-eee53edbea41,Future Sports Club Guwahati 93,future-sports-club-guwahati-93,26.124625,91.711713,Professional Tennis coaching academy offering structured training programs.,Tennis,"Plot 660, Athletic Colony, Guwahati",Guwahati,Assam,+918258318623,"https://maps.google.com/?q=26.124625,91.711713",https://picsum.photos/seed/future-sports-club-guwahati-93/800/600,Tarun Choudhary,Tennis,13 Years,Future Sports Club Guwahati 93,₹7435/month,"Fitness Center, Hard Court, Ball Machine, Clay Court",6:00 AM - 8:00 AM,10-15,Girls,27,AITA Certified Coach,3.9,350,False,"{""instagram"": ""https://instagram.com/future-sports-club-guwahati-93"", ""facebook"": ""https://facebook.com/future-sports-club-guwahati-93"", ""youtube"": ""https://youtube.com/@future-sports-club-guwahati-93""}"
2b4c3445-77ab-4711-b8e8-cea6ea3d8ff4,National Sports Academy Guwahati 94,national-sports-academy-guwahati-94,26.174826,91.701687,Professional Cricket coaching academy offering structured training programs.,Cricket,"Plot 263, Central Park, Guwahati",Guwahati,Assam,+919948418151,"https://maps.google.com/?q=26.174826,91.701687",https://picsum.photos/seed/national-sports-academy-guwahati-94/800/600,Ajay Gupta,Cricket,17 Years,National Sports Academy Guwahati 94,₹7658/month,"Turf Nets, Bowling Machine, Gym, Practice Pitch",6:00 PM - 8:00 PM,5-10,Mixed,31,"BCCI Level 1, BCCI Level 2",4.6,457,True,"{""instagram"": ""https://instagram.com/national-sports-academy-guwahati-94"", ""facebook"": ""https://facebook.com/national-sports-academy-guwahati-94"", ""youtube"": ""https://youtube.com/@national-sports-academy-guwahati-94""}"
0713d5da-133d-45c8-aa45-1ce8f3502d4b,Elite Athletic Center Silchar 95,elite-athletic-center-silchar-95,24.83911,92.791172,Professional Football coaching academy offering structured training programs.,Football,"Plot 353, Ring Road, Silchar",Silchar,Assam,+919671596076,"https://maps.google.com/?q=24.83911,92.791172",https://picsum.photos/seed/elite-athletic-center-silchar-95/800/600,Naveen Patel,Football,16 Years,Elite Athletic Center Silchar 95,₹5712/month,"Locker Rooms, Flood Lights, Fitness Center, Natural Grass Ground",5:30 AM - 7:30 AM,15-18,Mixed,54,"AIFF D License, AIFF C License",4.7,259,True,"{""instagram"": ""https://instagram.com/elite-athletic-center-silchar-95"", ""facebook"": ""https://facebook.com/elite-athletic-center-silchar-95"", ""youtube"": ""https://youtube.com/@elite-athletic-center-silchar-95""}"
55532975-88ec-4c56-bbdf-251d42025dac,Royal Sports Club Dibrugarh 96,royal-sports-club-dibrugarh-96,27.471877,94.919218,Professional Swimming coaching academy offering structured training programs.,Swimming,"Plot 543, Champions Street, Dibrugarh",Dibrugarh,Assam,+918524250228,"https://maps.google.com/?q=27.471877,94.919218",https://picsum.photos/seed/royal-sports-club-dibrugarh-96/800/600,Ravi Verma,Swimming,16 Years,Royal Sports Club Dibrugarh 96,₹5248/month,"Olympic Pool, Lifeguard Support, Kids Pool, Changing Rooms",6:00 AM - 8:00 AM,18+,Boys,45,Swimming Federation Certified,4.3,93,True,"{""instagram"": ""https://instagram.com/royal-sports-club-dibrugarh-96"", ""facebook"": ""https://facebook.com/royal-sports-club-dibrugarh-96"", ""youtube"": ""https://youtube.com/@royal-sports-club-dibrugarh-96""}"
856b37ae-a2b8-4e3b-ad7e-1610a737dc73,Pro Performance Academy Silchar 97,pro-performance-academy-silchar-97,24.868161,92.73073,Professional Tennis coaching academy offering structured training programs.,Tennis,"Plot 115, Sports Complex, Silchar",Silchar,Assam,+916036934723,"https://maps.google.com/?q=24.868161,92.73073",https://picsum.photos/seed/pro-performance-academy-silchar-97/800/600,Aman Choudhary,Tennis,16 Years,Pro Performance Academy Silchar 97,₹9460/month,"Hard Court, Ball Machine, Fitness Center, Clay Court",5:00 PM - 7:00 PM,15-18,Boys,40,AITA Certified Coach,3.9,94,False,"{""instagram"": ""https://instagram.com/pro-performance-academy-silchar-97"", ""facebook"": ""https://facebook.com/pro-performance-academy-silchar-97"", ""youtube"": ""https://youtube.com/@pro-performance-academy-silchar-97""}"
785eff1e-9ea2-4d2d-8826-10d726a26ff2,Future Sports Club Silchar 98,future-sports-club-silchar-98,24.787128,92.811307,Professional Volleyball coaching academy offering structured training programs.,Volleyball,"Plot 503, Sports Nagar, Silchar",Silchar,Assam,+918910557129,"https://maps.google.com/?q=24.787128,92.811307",https://picsum.photos/seed/future-sports-club-silchar-98/800/600,Prakash Nair,Volleyball,19 Years,Future Sports Club Silchar 98,₹4876/month,"Fitness Center, Indoor Court, Sand Court, Flood Lights",4:00 PM - 6:00 PM,All Ages,Mixed,79,Volleyball Federation Certified,4.2,109,False,"{""instagram"": ""https://instagram.com/future-sports-club-silchar-98"", ""facebook"": ""https://facebook.com/future-sports-club-silchar-98"", ""youtube"": ""https://youtube.com/@future-sports-club-silchar-98""}"
71e57561-47a7-4f9d-84db-0ac242ca820d,Royal Sports Club Dibrugarh 99,royal-sports-club-dibrugarh-99,27.48941,94.92861,Professional Cricket coaching academy offering structured training programs.,Cricket,"Plot 618, Victory Avenue, Dibrugarh",Dibrugarh,Assam,+916701801918,"https://maps.google.com/?q=27.48941,94.92861",https://picsum.photos/seed/royal-sports-club-dibrugarh-99/800/600,Tarun Kumar,Cricket,19 Years,Royal Sports Club Dibrugarh 99,₹8513/month,"Bowling Machine, Practice Pitch, Video Analysis, Turf Nets",6:00 PM - 8:00 PM,10-15,Mixed,25,"BCCI Level 1, BCCI Level 2",3.7,147,False,"{""instagram"": ""https://instagram.com/royal-sports-club-dibrugarh-99"", ""facebook"": ""https://facebook.com/royal-sports-club-dibrugarh-99"", ""youtube"": ""https://youtube.com/@royal-sports-club-dibrugarh-99""}"
9c7bf24c-9d45-4eac-a17b-c24d931e99c1,Champion Training Center Guwahati 100,champion-training-center-guwahati-100,26.164795,91.746645,Professional Football coaching academy offering structured training programs.,Football,"Plot 183, Main Road, Guwahati",Guwahati,Assam,+917250193198,"https://maps.google.com/?q=26.164795,91.746645",https://picsum.photos/seed/champion-training-center-guwahati-100/800/600,Sanjay Reddy,Football,20 Years,Champion Training Center Guwahati 100,₹7953/month,"Fitness Center, Locker Rooms, Flood Lights, Natural Grass Ground",4:00 PM - 6:00 PM,10-15,Boys,50,"AIFF D License, AIFF C License",4.2,189,False,"{""instagram"": ""https://instagram.com/champion-training-center-guwahati-100"", ""facebook"": ""https://facebook.com/champion-training-center-guwahati-100"", ""youtube"": ""https://youtube.com/@champion-training-center-guwahati-100""}"
77798109-6642-46d2-b919-ec2ba1b581fd,Pro Training Center Guwahati 101,pro-training-center-guwahati-101,26.101612,91.737904,Professional Athletics coaching academy offering structured training programs.,Athletics,"Plot 829, Sports Hub, Guwahati",Guwahati,Assam,+919436649756,"https://maps.google.com/?q=26.101612,91.737904",https://picsum.photos/seed/pro-training-center-guwahati-101/800/600,Suresh Gupta,Athletics,11 Years,Pro Training Center Guwahati 101,₹2866/month,"Running Track, Recovery Zone, Gym, Fitness Center",5:30 AM - 7:30 AM,10-15,Girls,99,Athletics Federation Certified,3.8,118,False,"{""instagram"": ""https://instagram.com/pro-training-center-guwahati-101"", ""facebook"": ""https://facebook.com/pro-training-center-guwahati-101"", ""youtube"": ""https://youtube.com/@pro-training-center-guwahati-101""}"
2b21d251-8583-4d98-abc2-691db4a3a4a8,Dynamic Sports Academy Silchar 102,dynamic-sports-academy-silchar-102,24.840114,92.814393,Professional Basketball coaching academy offering structured training programs.,Basketball,"Plot 146, Stadium Road, Silchar",Silchar,Assam,+916259522687,"https://maps.google.com/?q=24.840114,92.814393",https://picsum.photos/seed/dynamic-sports-academy-silchar-102/800/600,Mahesh Gupta,Basketball,4 Years,Dynamic Sports Academy Silchar 102,₹6153/month,"Locker Rooms, Fitness Center, Indoor Court, Outdoor Court",6:00 AM - 8:00 AM,All Ages,Boys,38,Basketball Federation Certified,3.6,215,False,"{""instagram"": ""https://instagram.com/dynamic-sports-academy-silchar-102"", ""facebook"": ""https://facebook.com/dynamic-sports-academy-silchar-102"", ""youtube"": ""https://youtube.com/@dynamic-sports-academy-silchar-102""}"
b819327e-dae2-414c-ac37-669b3fe66ac6,Master Training Center Dibrugarh 103,master-training-center-dibrugarh-103,27.463236,94.876967,Professional Swimming coaching academy offering structured training programs.,Swimming,"Plot 999, Sports Complex, Dibrugarh",Dibrugarh,Assam,+916688383350,"https://maps.google.com/?q=27.463236,94.876967",https://picsum.photos/seed/master-training-center-dibrugarh-103/800/600,Tarun Sharma,Swimming,22 Years,Master Training Center Dibrugarh 103,₹8382/month,"Changing Rooms, Olympic Pool, Kids Pool, Lifeguard Support",5:00 PM - 7:00 PM,10-15,Girls,92,Swimming Federation Certified,4.2,430,False,"{""instagram"": ""https://instagram.com/master-training-center-dibrugarh-103"", ""facebook"": ""https://facebook.com/master-training-center-dibrugarh-103"", ""youtube"": ""https://youtube.com/@master-training-center-dibrugarh-103""}"
06094761-b73a-4c69-8501-868a7d918460,National Sports Club Dibrugarh 104,national-sports-club-dibrugarh-104,27.432434,94.87251,Professional Tennis coaching academy offering structured training programs.,Tennis,"Plot 991, Sports Nagar, Dibrugarh",Dibrugarh,Assam,+917912651857,"https://maps.google.com/?q=27.432434,94.87251",https://picsum.photos/seed/national-sports-club-dibrugarh-104/800/600,Kiran Sharma,Tennis,21 Years,National Sports Club Dibrugarh 104,₹9711/month,"Clay Court, Hard Court, Ball Machine, Fitness Center",5:30 AM - 7:30 AM,10-15,Girls,59,AITA Certified Coach,3.6,36,False,"{""instagram"": ""https://instagram.com/national-sports-club-dibrugarh-104"", ""facebook"": ""https://facebook.com/national-sports-club-dibrugarh-104"", ""youtube"": ""https://youtube.com/@national-sports-club-dibrugarh-104""}"
0b0efb26-c991-4048-b6d4-2f29ccd49ae2,Champion Performance Academy Silchar 105,champion-performance-academy-silchar-105,24.872778,92.773985,Professional Swimming coaching academy offering structured training programs.,Swimming,"Plot 864, Victory Avenue, Silchar",Silchar,Assam,+919078508179,"https://maps.google.com/?q=24.872778,92.773985",https://picsum.photos/seed/champion-performance-academy-silchar-105/800/600,Rahul Reddy,Swimming,15 Years,Champion Performance Academy Silchar 105,₹3631/month,"Changing Rooms, Kids Pool, Lifeguard Support, Olympic Pool",5:30 AM - 7:30 AM,All Ages,Boys,78,Swimming Federation Certified,4.1,481,False,"{""instagram"": ""https://instagram.com/champion-performance-academy-silchar-105"", ""facebook"": ""https://facebook.com/champion-performance-academy-silchar-105"", ""youtube"": ""https://youtube.com/@champion-performance-academy-silchar-105""}"
32e9a8be-a03f-4abc-b090-079fd8ccf004,Royal Training Center Patna 106,royal-training-center-patna-106,25.622664,85.098168,Professional Athletics coaching academy offering structured training programs.,Athletics,"Plot 474, Victory Avenue, Patna",Patna,Bihar,+919671601911,"https://maps.google.com/?q=25.622664,85.098168",https://picsum.photos/seed/royal-training-center-patna-106/800/600,Harish Yadav,Athletics,4 Years,Royal Training Center Patna 106,₹3890/month,"Recovery Zone, Running Track, Gym, Fitness Center",5:30 AM - 7:30 AM,All Ages,Mixed,54,Athletics Federation Certified,4.9,29,False,"{""instagram"": ""https://instagram.com/royal-training-center-patna-106"", ""facebook"": ""https://facebook.com/royal-training-center-patna-106"", ""youtube"": ""https://youtube.com/@royal-training-center-patna-106""}"
d3d70333-ce16-46de-a2d6-294a4116e224,Royal Training Center Gaya 107,royal-training-center-gaya-107,24.829264,84.95687,Professional Badminton coaching academy offering structured training programs.,Badminton,"Plot 283, Sports Nagar, Gaya",Gaya,Bihar,+916534728973,"https://maps.google.com/?q=24.829264,84.95687",https://picsum.photos/seed/royal-training-center-gaya-107/800/600,Aman Choudhary,Badminton,13 Years,Royal Training Center Gaya 107,₹5393/month,"Shuttle Supply, Indoor Courts, Fitness Center, Wooden Courts",4:00 PM - 6:00 PM,18+,Boys,61,BAI Certified Coach,4.6,154,False,"{""instagram"": ""https://instagram.com/royal-training-center-gaya-107"", ""facebook"": ""https://facebook.com/royal-training-center-gaya-107"", ""youtube"": ""https://youtube.com/@royal-training-center-gaya-107""}"
a734a3c6-f7d4-4a94-af09-6771ad8b8504,Future Sports Academy Patna 108,future-sports-academy-patna-108,25.622872,85.103189,Professional Athletics coaching academy offering structured training programs.,Athletics,"Plot 876, Champions Street, Patna",Patna,Bihar,+918593032758,"https://maps.google.com/?q=25.622872,85.103189",https://picsum.photos/seed/future-sports-academy-patna-108/800/600,Prakash Yadav,Athletics,20 Years,Future Sports Academy Patna 108,₹4098/month,"Gym, Recovery Zone, Running Track, Fitness Center",6:00 PM - 8:00 PM,15-18,Mixed,90,Athletics Federation Certified,3.7,393,False,"{""instagram"": ""https://instagram.com/future-sports-academy-patna-108"", ""facebook"": ""https://facebook.com/future-sports-academy-patna-108"", ""youtube"": ""https://youtube.com/@future-sports-academy-patna-108""}"
e3eb1e29-c1c4-4412-abef-044926e65ded,Prime Performance Academy Patna 109,prime-performance-academy-patna-109,25.563826,85.101256,Professional Tennis coaching academy offering structured training programs.,Tennis,"Plot 317, Sports Hub, Patna",Patna,Bihar,+917533469064,"https://maps.google.com/?q=25.563826,85.101256",https://picsum.photos/seed/prime-performance-academy-patna-109/800/600,Rahul Mishra,Tennis,17 Years,Prime Performance Academy Patna 109,₹4640/month,"Clay Court, Hard Court, Ball Machine, Fitness Center",4:00 PM - 6:00 PM,15-18,Girls,32,AITA Certified Coach,4.3,118,True,"{""instagram"": ""https://instagram.com/prime-performance-academy-patna-109"", ""facebook"": ""https://facebook.com/prime-performance-academy-patna-109"", ""youtube"": ""https://youtube.com/@prime-performance-academy-patna-109""}"
5b330647-a09a-4d21-85c0-613db0274fb0,Star Training Center Patna 110,star-training-center-patna-110,25.59171,85.119939,Professional Football coaching academy offering structured training programs.,Football,"Plot 304, Athletic Colony, Patna",Patna,Bihar,+918488606163,"https://maps.google.com/?q=25.59171,85.119939",https://picsum.photos/seed/star-training-center-patna-110/800/600,Ajay Verma,Football,20 Years,Star Training Center Patna 110,₹7971/month,"Fitness Center, Locker Rooms, Natural Grass Ground, Flood Lights",5:30 AM - 7:30 AM,All Ages,Mixed,59,"AIFF D License, AIFF C License",4.5,131,True,"{""instagram"": ""https://instagram.com/star-training-center-patna-110"", ""facebook"": ""https://facebook.com/star-training-center-patna-110"", ""youtube"": ""https://youtube.com/@star-training-center-patna-110""}"
340b8d46-15d0-46cd-9bf9-217a73879398,Victory Performance Academy Muzaffarpur 111,victory-performance-academy-muzaffarpur-111,26.078859,85.372865,Professional Badminton coaching academy offering structured training programs.,Badminton,"Plot 484, Main Road, Muzaffarpur",Muzaffarpur,Bihar,+916916773203,"https://maps.google.com/?q=26.078859,85.372865",https://picsum.photos/seed/victory-performance-academy-muzaffarpur-111/800/600,Lokesh Verma,Badminton,8 Years,Victory Performance Academy Muzaffarpur 111,₹4251/month,"Fitness Center, Shuttle Supply, Indoor Courts, Wooden Courts",6:00 PM - 8:00 PM,5-10,Mixed,63,BAI Certified Coach,3.7,181,True,"{""instagram"": ""https://instagram.com/victory-performance-academy-muzaffarpur-111"", ""facebook"": ""https://facebook.com/victory-performance-academy-muzaffarpur-111"", ""youtube"": ""https://youtube.com/@victory-performance-academy-muzaffarpur-111""}"
aac02dd7-e34b-4454-afdb-b2141ff5e448,Royal Athletic Center Muzaffarpur 112,royal-athletic-center-muzaffarpur-112,26.100036,85.386486,Professional Football coaching academy offering structured training programs.,Football,"Plot 25, Victory Avenue, Muzaffarpur",Muzaffarpur,Bihar,+918645733307,"https://maps.google.com/?q=26.100036,85.386486",https://picsum.photos/seed/royal-athletic-center-muzaffarpur-112/800/600,Arjun Sharma,Football,4 Years,Royal Athletic Center Muzaffarpur 112,₹6811/month,"Training Cones, Fitness Center, Locker Rooms, Natural Grass Ground",6:00 PM - 8:00 PM,15-18,Boys,72,"AIFF D License, AIFF C License",4.5,260,False,"{""instagram"": ""https://instagram.com/royal-athletic-center-muzaffarpur-112"", ""facebook"": ""https://facebook.com/royal-athletic-center-muzaffarpur-112"", ""youtube"": ""https://youtube.com/@royal-athletic-center-muzaffarpur-112""}"
49d143ea-7b81-472f-b6e0-3f060960a366,Master Training Center Gaya 113,master-training-center-gaya-113,24.745555,85.015327,Professional Cricket coaching academy offering structured training programs.,Cricket,"Plot 349, Sports Complex, Gaya",Gaya,Bihar,+919348977692,"https://maps.google.com/?q=24.745555,85.015327",https://picsum.photos/seed/master-training-center-gaya-113/800/600,Deepak Patel,Cricket,25 Years,Master Training Center Gaya 113,₹5070/month,"Video Analysis, Turf Nets, Practice Pitch, Bowling Machine",6:00 AM - 8:00 AM,All Ages,Girls,55,"BCCI Level 1, BCCI Level 2",4.3,218,True,"{""instagram"": ""https://instagram.com/master-training-center-gaya-113"", ""facebook"": ""https://facebook.com/master-training-center-gaya-113"", ""youtube"": ""https://youtube.com/@master-training-center-gaya-113""}"
33f28558-d6c5-4388-b5fd-393d2aceefab,Elite Sports Institute Patna 114,elite-sports-institute-patna-114,25.564373,85.13857,Professional Volleyball coaching academy offering structured training programs.,Volleyball,"Plot 952, Stadium Road, Patna",Patna,Bihar,+917834941445,"https://maps.google.com/?q=25.564373,85.13857",https://picsum.photos/seed/elite-sports-institute-patna-114/800/600,Deepak Verma,Volleyball,17 Years,Elite Sports Institute Patna 114,₹2534/month,"Indoor Court, Fitness Center, Flood Lights, Sand Court",4:00 PM - 6:00 PM,All Ages,Mixed,35,Volleyball Federation Certified,3.9,368,True,"{""instagram"": ""https://instagram.com/elite-sports-institute-patna-114"", ""facebook"": ""https://facebook.com/elite-sports-institute-patna-114"", ""youtube"": ""https://youtube.com/@elite-sports-institute-patna-114""}"
3f8fa850-8308-48c2-9032-51b666010575,Royal Sports Club Patna 115,royal-sports-club-patna-115,25.59056,85.094152,Professional Athletics coaching academy offering structured training programs.,Athletics,"Plot 603, Main Road, Patna",Patna,Bihar,+917239090559,"https://maps.google.com/?q=25.59056,85.094152",https://picsum.photos/seed/royal-sports-club-patna-115/800/600,Vikram Nair,Athletics,12 Years,Royal Sports Club Patna 115,₹2074/month,"Fitness Center, Gym, Running Track, Recovery Zone",6:00 PM - 8:00 PM,10-15,Girls,70,Athletics Federation Certified,4.9,381,False,"{""instagram"": ""https://instagram.com/royal-sports-club-patna-115"", ""facebook"": ""https://facebook.com/royal-sports-club-patna-115"", ""youtube"": ""https://youtube.com/@royal-sports-club-patna-115""}"
48d0fe10-287a-4144-a926-0754ffb835af,Prime Sports Club Gaya 116,prime-sports-club-gaya-116,24.839716,84.993319,Professional Cricket coaching academy offering structured training programs.,Cricket,"Plot 897, Sports Nagar, Gaya",Gaya,Bihar,+917864981599,"https://maps.google.com/?q=24.839716,84.993319",https://picsum.photos/seed/prime-sports-club-gaya-116/800/600,Rahul Patel,Cricket,24 Years,Prime Sports Club Gaya 116,₹7227/month,"Gym, Turf Nets, Bowling Machine, Video Analysis",5:00 PM - 7:00 PM,10-15,Mixed,57,"BCCI Level 1, BCCI Level 2",4.3,459,True,"{""instagram"": ""https://instagram.com/prime-sports-club-gaya-116"", ""facebook"": ""https://facebook.com/prime-sports-club-gaya-116"", ""youtube"": ""https://youtube.com/@prime-sports-club-gaya-116""}"
bd99b5f0-bc83-4677-a5db-4362032ee83b,Pro Sports Club Patna 117,pro-sports-club-patna-117,25.585338,85.129263,Professional Badminton coaching academy offering structured training programs.,Badminton,"Plot 519, Ring Road, Patna",Patna,Bihar,+918319022762,"https://maps.google.com/?q=25.585338,85.129263",https://picsum.photos/seed/pro-sports-club-patna-117/800/600,Ravi Patel,Badminton,24 Years,Pro Sports Club Patna 117,₹6802/month,"Wooden Courts, Indoor Courts, Fitness Center, Shuttle Supply",6:00 AM - 8:00 AM,5-10,Girls,80,BAI Certified Coach,4.6,191,False,"{""instagram"": ""https://instagram.com/pro-sports-club-patna-117"", ""facebook"": ""https://facebook.com/pro-sports-club-patna-117"", ""youtube"": ""https://youtube.com/@pro-sports-club-patna-117""}"
03bdc69c-d24e-4201-8b0f-a2e2bd75f059,Pro Training Center Gaya 118,pro-training-center-gaya-118,24.831388,84.967165,Professional Football coaching academy offering structured training programs.,Football,"Plot 841, Sports Nagar, Gaya",Gaya,Bihar,+919111606118,"https://maps.google.com/?q=24.831388,84.967165",https://picsum.photos/seed/pro-training-center-gaya-118/800/600,Harish Gupta,Football,21 Years,Pro Training Center Gaya 118,₹3730/month,"Natural Grass Ground, Locker Rooms, Fitness Center, Training Cones",5:30 AM - 7:30 AM,10-15,Mixed,34,"AIFF D License, AIFF C License",4.8,426,False,"{""instagram"": ""https://instagram.com/pro-training-center-gaya-118"", ""facebook"": ""https://facebook.com/pro-training-center-gaya-118"", ""youtube"": ""https://youtube.com/@pro-training-center-gaya-118""}"
07c51f37-5d52-48cf-82c7-7ef561d68c01,Victory Sports Institute Patna 119,victory-sports-institute-patna-119,25.638014,85.139371,Professional Tennis coaching academy offering structured training programs.,Tennis,"Plot 817, Athletic Colony, Patna",Patna,Bihar,+918678482982,"https://maps.google.com/?q=25.638014,85.139371",https://picsum.photos/seed/victory-sports-institute-patna-119/800/600,Mahesh Nair,Tennis,19 Years,Victory Sports Institute Patna 119,₹9398/month,"Hard Court, Fitness Center, Ball Machine, Clay Court",5:30 AM - 7:30 AM,18+,Mixed,22,AITA Certified Coach,4.2,146,True,"{""instagram"": ""https://instagram.com/victory-sports-institute-patna-119"", ""facebook"": ""https://facebook.com/victory-sports-institute-patna-119"", ""youtube"": ""https://youtube.com/@victory-sports-institute-patna-119""}"
7fead516-031a-4e3c-b928-d8dd701d2d23,Prime Sports Academy Gaya 120,prime-sports-academy-gaya-120,24.792891,85.040008,Professional Cricket coaching academy offering structured training programs.,Cricket,"Plot 528, Ring Road, Gaya",Gaya,Bihar,+919883860960,"https://maps.google.com/?q=24.792891,85.040008",https://picsum.photos/seed/prime-sports-academy-gaya-120/800/600,Ravi Rao,Cricket,18 Years,Prime Sports Academy Gaya 120,₹8519/month,"Turf Nets, Practice Pitch, Video Analysis, Bowling Machine",4:00 PM - 6:00 PM,10-15,Mixed,21,"BCCI Level 1, BCCI Level 2",3.7,160,False,"{""instagram"": ""https://instagram.com/prime-sports-academy-gaya-120"", ""facebook"": ""https://facebook.com/prime-sports-academy-gaya-120"", ""youtube"": ""https://youtube.com/@prime-sports-academy-gaya-120""}"
c04344bc-a571-468d-8e91-4f9aac049561,Prime Sports Club Muzaffarpur 121,prime-sports-club-muzaffarpur-121,26.102904,85.398711,Professional Volleyball coaching academy offering structured training programs.,Volleyball,"Plot 234, Champions Street, Muzaffarpur",Muzaffarpur,Bihar,+916716258006,"https://maps.google.com/?q=26.102904,85.398711",https://picsum.photos/seed/prime-sports-club-muzaffarpur-121/800/600,Naveen Sharma,Volleyball,19 Years,Prime Sports Club Muzaffarpur 121,₹5052/month,"Fitness Center, Indoor Court, Flood Lights, Sand Court",5:00 PM - 7:00 PM,5-10,Girls,28,Volleyball Federation Certified,4.6,370,True,"{""instagram"": ""https://instagram.com/prime-sports-club-muzaffarpur-121"", ""facebook"": ""https://facebook.com/prime-sports-club-muzaffarpur-121"", ""youtube"": ""https://youtube.com/@prime-sports-club-muzaffarpur-121""}"
2e4c9fa3-5140-4a6f-9e78-4864ae4b886e,Champion Athletic Center Muzaffarpur 122,champion-athletic-center-muzaffarpur-122,26.127996,85.372606,Professional Football coaching academy offering structured training programs.,Football,"Plot 523, Ring Road, Muzaffarpur",Muzaffarpur,Bihar,+916264008299,"https://maps.google.com/?q=26.127996,85.372606",https://picsum.photos/seed/champion-athletic-center-muzaffarpur-122/800/600,Rahul Verma,Football,23 Years,Champion Athletic Center Muzaffarpur 122,₹4367/month,"Natural Grass Ground, Fitness Center, Training Cones, Locker Rooms",4:00 PM - 6:00 PM,5-10,Girls,36,"AIFF D License, AIFF C License",4.7,284,True,"{""instagram"": ""https://instagram.com/champion-athletic-center-muzaffarpur-122"", ""facebook"": ""https://facebook.com/champion-athletic-center-muzaffarpur-122"", ""youtube"": ""https://youtube.com/@champion-athletic-center-muzaffarpur-122""}"
efcbf17d-81d3-4919-a5f2-ddd8ca770588,Legend Performance Academy Muzaffarpur 123,legend-performance-academy-muzaffarpur-123,26.105534,85.373436,Professional Volleyball coaching academy offering structured training programs.,Volleyball,"Plot 919, Sports Nagar, Muzaffarpur",Muzaffarpur,Bihar,+916425412425,"https://maps.google.com/?q=26.105534,85.373436",https://picsum.photos/seed/legend-performance-academy-muzaffarpur-123/800/600,Mahesh Yadav,Volleyball,19 Years,Legend Performance Academy Muzaffarpur 123,₹4734/month,"Indoor Court, Flood Lights, Fitness Center, Sand Court",4:00 PM - 6:00 PM,15-18,Boys,64,Volleyball Federation Certified,3.8,200,False,"{""instagram"": ""https://instagram.com/legend-performance-academy-muzaffarpur-123"", ""facebook"": ""https://facebook.com/legend-performance-academy-muzaffarpur-123"", ""youtube"": ""https://youtube.com/@legend-performance-academy-muzaffarpur-123""}"
86977cf4-159b-4a48-810a-1892c831a324,Prime Sports Club Muzaffarpur 124,prime-sports-club-muzaffarpur-124,26.142345,85.335534,Professional Athletics coaching academy offering structured training programs.,Athletics,"Plot 796, Ring Road, Muzaffarpur",Muzaffarpur,Bihar,+919346704936,"https://maps.google.com/?q=26.142345,85.335534",https://picsum.photos/seed/prime-sports-club-muzaffarpur-124/800/600,Arjun Rao,Athletics,19 Years,Prime Sports Club Muzaffarpur 124,₹4830/month,"Gym, Recovery Zone, Running Track, Fitness Center",5:00 PM - 7:00 PM,All Ages,Mixed,61,Athletics Federation Certified,4.7,400,False,"{""instagram"": ""https://instagram.com/prime-sports-club-muzaffarpur-124"", ""facebook"": ""https://facebook.com/prime-sports-club-muzaffarpur-124"", ""youtube"": ""https://youtube.com/@prime-sports-club-muzaffarpur-124""}"
85e9e9e7-48a1-45b2-aa2f-eb79b86d1b48,Victory Athletic Center Muzaffarpur 125,victory-athletic-center-muzaffarpur-125,26.169142,85.397492,Professional Basketball coaching academy offering structured training programs.,Basketball,"Plot 286, Main Road, Muzaffarpur",Muzaffarpur,Bihar,+916974968925,"https://maps.google.com/?q=26.169142,85.397492",https://picsum.photos/seed/victory-athletic-center-muzaffarpur-125/800/600,Aman Yadav,Basketball,18 Years,Victory Athletic Center Muzaffarpur 125,₹3673/month,"Fitness Center, Outdoor Court, Locker Rooms, Indoor Court",5:00 PM - 7:00 PM,18+,Boys,65,Basketball Federation Certified,3.9,448,False,"{""instagram"": ""https://instagram.com/victory-athletic-center-muzaffarpur-125"", ""facebook"": ""https://facebook.com/victory-athletic-center-muzaffarpur-125"", ""youtube"": ""https://youtube.com/@victory-athletic-center-muzaffarpur-125""}"
1b3b5c76-9736-40e8-9162-36a3c2e3cfc5,Star Sports Academy Muzaffarpur 126,star-sports-academy-muzaffarpur-126,26.116495,85.315627,Professional Football coaching academy offering structured training programs.,Football,"Plot 474, Sports Hub, Muzaffarpur",Muzaffarpur,Bihar,+916163268431,"https://maps.google.com/?q=26.116495,85.315627",https://picsum.photos/seed/star-sports-academy-muzaffarpur-126/800/600,Suresh Patel,Football,25 Years,Star Sports Academy Muzaffarpur 126,₹7417/month,"Natural Grass Ground, Training Cones, Locker Rooms, Fitness Center",5:30 AM - 7:30 AM,18+,Girls,94,"AIFF D License, AIFF C License",4.9,49,False,"{""instagram"": ""https://instagram.com/star-sports-academy-muzaffarpur-126"", ""facebook"": ""https://facebook.com/star-sports-academy-muzaffarpur-126"", ""youtube"": ""https://youtube.com/@star-sports-academy-muzaffarpur-126""}"
77dfd717-578d-4169-83c0-da677cee1412,Champion Sports Academy Muzaffarpur 127,champion-sports-academy-muzaffarpur-127,26.087322,85.390057,Professional Volleyball coaching academy offering structured training programs.,Volleyball,"Plot 667, Athletic Colony, Muzaffarpur",Muzaffarpur,Bihar,+918847230437,"https://maps.google.com/?q=26.087322,85.390057",https://picsum.photos/seed/champion-sports-academy-muzaffarpur-127/800/600,Prakash Joshi,Volleyball,14 Years,Champion Sports Academy Muzaffarpur 127,₹4890/month,"Indoor Court, Flood Lights, Sand Court, Fitness Center",5:00 PM - 7:00 PM,All Ages,Girls,21,Volleyball Federation Certified,4.9,265,True,"{""instagram"": ""https://instagram.com/champion-sports-academy-muzaffarpur-127"", ""facebook"": ""https://facebook.com/champion-sports-academy-muzaffarpur-127"", ""youtube"": ""https://youtube.com/@champion-sports-academy-muzaffarpur-127""}"
6f457302-709b-4cf2-9fb9-44a5c6f41543,Prime Performance Academy Patna 128,prime-performance-academy-patna-128,25.561496,85.116807,Professional Tennis coaching academy offering structured training programs.,Tennis,"Plot 989, Ring Road, Patna",Patna,Bihar,+917177962994,"https://maps.google.com/?q=25.561496,85.116807",https://picsum.photos/seed/prime-performance-academy-patna-128/800/600,Sanjay Joshi,Tennis,2 Years,Prime Performance Academy Patna 128,₹6895/month,"Hard Court, Clay Court, Ball Machine, Fitness Center",4:00 PM - 6:00 PM,18+,Girls,65,AITA Certified Coach,4.9,434,True,"{""instagram"": ""https://instagram.com/prime-performance-academy-patna-128"", ""facebook"": ""https://facebook.com/prime-performance-academy-patna-128"", ""youtube"": ""https://youtube.com/@prime-performance-academy-patna-128""}"
8cf1f544-505a-4678-ace8-7fc76ca12b87,National Athletic Center Muzaffarpur 129,national-athletic-center-muzaffarpur-129,26.152728,85.386845,Professional Football coaching academy offering structured training programs.,Football,"Plot 108, Ring Road, Muzaffarpur",Muzaffarpur,Bihar,+918279927664,"https://maps.google.com/?q=26.152728,85.386845",https://picsum.photos/seed/national-athletic-center-muzaffarpur-129/800/600,Arjun Nair,Football,3 Years,National Athletic Center Muzaffarpur 129,₹5673/month,"Training Cones, Locker Rooms, Fitness Center, Flood Lights",6:00 AM - 8:00 AM,All Ages,Girls,40,"AIFF D License, AIFF C License",4.2,365,True,"{""instagram"": ""https://instagram.com/national-athletic-center-muzaffarpur-129"", ""facebook"": ""https://facebook.com/national-athletic-center-muzaffarpur-129"", ""youtube"": ""https://youtube.com/@national-athletic-center-muzaffarpur-129""}"
082ad003-84eb-4c9e-9f24-03d6bec4022a,Victory Sports Institute Patna 130,victory-sports-institute-patna-130,25.620478,85.141008,Professional Swimming coaching academy offering structured training programs.,Swimming,"Plot 538, Stadium Road, Patna",Patna,Bihar,+916395865637,"https://maps.google.com/?q=25.620478,85.141008",https://picsum.photos/seed/victory-sports-institute-patna-130/800/600,Rahul Choudhary,Swimming,4 Years,Victory Sports Institute Patna 130,₹8548/month,"Olympic Pool, Changing Rooms, Lifeguard Support, Kids Pool",6:00 AM - 8:00 AM,5-10,Girls,59,Swimming Federation Certified,3.7,272,False,"{""instagram"": ""https://instagram.com/victory-sports-institute-patna-130"", ""facebook"": ""https://facebook.com/victory-sports-institute-patna-130"", ""youtube"": ""https://youtube.com/@victory-sports-institute-patna-130""}"
26cf335f-e4a8-42b5-9310-5ce252f3a2fa,Legend Performance Academy Muzaffarpur 131,legend-performance-academy-muzaffarpur-131,26.107471,85.41454,Professional Cricket coaching academy offering structured training programs.,Cricket,"Plot 512, Sports Hub, Muzaffarpur",Muzaffarpur,Bihar,+918797573259,"https://maps.google.com/?q=26.107471,85.41454",https://picsum.photos/seed/legend-performance-academy-muzaffarpur-131/800/600,Vikram Joshi,Cricket,6 Years,Legend Performance Academy Muzaffarpur 131,₹6807/month,"Turf Nets, Video Analysis, Bowling Machine, Gym",5:30 AM - 7:30 AM,10-15,Girls,24,"BCCI Level 1, BCCI Level 2",3.6,242,True,"{""instagram"": ""https://instagram.com/legend-performance-academy-muzaffarpur-131"", ""facebook"": ""https://facebook.com/legend-performance-academy-muzaffarpur-131"", ""youtube"": ""https://youtube.com/@legend-performance-academy-muzaffarpur-131""}"
69825355-8914-4285-9257-c73fbd82091e,Future Performance Academy Patna 132,future-performance-academy-patna-132,25.551176,85.172867,Professional Cricket coaching academy offering structured training programs.,Cricket,"Plot 772, Sports Complex, Patna",Patna,Bihar,+919339786146,"https://maps.google.com/?q=25.551176,85.172867",https://picsum.photos/seed/future-performance-academy-patna-132/800/600,Lokesh Choudhary,Cricket,4 Years,Future Performance Academy Patna 132,₹6629/month,"Gym, Turf Nets, Practice Pitch, Video Analysis",5:30 AM - 7:30 AM,5-10,Girls,74,"BCCI Level 1, BCCI Level 2",4.0,128,True,"{""instagram"": ""https://instagram.com/future-performance-academy-patna-132"", ""facebook"": ""https://facebook.com/future-performance-academy-patna-132"", ""youtube"": ""https://youtube.com/@future-performance-academy-patna-132""}"
dc098d4a-3c2c-4c12-92b3-3cc8ba9012f0,Future Sports Institute Gaya 133,future-sports-institute-gaya-133,24.818199,84.952233,Professional Swimming coaching academy offering structured training programs.,Swimming,"Plot 203, Sports Hub, Gaya",Gaya,Bihar,+917614705893,"https://maps.google.com/?q=24.818199,84.952233",https://picsum.photos/seed/future-sports-institute-gaya-133/800/600,Suresh Yadav,Swimming,6 Years,Future Sports Institute Gaya 133,₹7289/month,"Olympic Pool, Lifeguard Support, Changing Rooms, Kids Pool",5:00 PM - 7:00 PM,All Ages,Boys,39,Swimming Federation Certified,4.9,205,False,"{""instagram"": ""https://instagram.com/future-sports-institute-gaya-133"", ""facebook"": ""https://facebook.com/future-sports-institute-gaya-133"", ""youtube"": ""https://youtube.com/@future-sports-institute-gaya-133""}"
ded530eb-cb18-47c7-b08f-cba9b632c16f,Star Training Center Muzaffarpur 134,star-training-center-muzaffarpur-134,26.139839,85.390162,Professional Cricket coaching academy offering structured training programs.,Cricket,"Plot 63, Sports Complex, Muzaffarpur",Muzaffarpur,Bihar,+919646357596,"https://maps.google.com/?q=26.139839,85.390162",https://picsum.photos/seed/star-training-center-muzaffarpur-134/800/600,Harish Yadav,Cricket,14 Years,Star Training Center Muzaffarpur 134,₹6190/month,"Bowling Machine, Gym, Practice Pitch, Video Analysis",5:30 AM - 7:30 AM,10-15,Boys,88,"BCCI Level 1, BCCI Level 2",4.7,397,True,"{""instagram"": ""https://instagram.com/star-training-center-muzaffarpur-134"", ""facebook"": ""https://facebook.com/star-training-center-muzaffarpur-134"", ""youtube"": ""https://youtube.com/@star-training-center-muzaffarpur-134""}"
93e83878-c98a-4934-879d-ce17056a4723,Master Sports Club Muzaffarpur 135,master-sports-club-muzaffarpur-135,26.089068,85.317329,Professional Volleyball coaching academy offering structured training programs.,Volleyball,"Plot 173, Athletic Colony, Muzaffarpur",Muzaffarpur,Bihar,+917350621328,"https://maps.google.com/?q=26.089068,85.317329",https://picsum.photos/seed/master-sports-club-muzaffarpur-135/800/600,Lokesh Choudhary,Volleyball,14 Years,Master Sports Club Muzaffarpur 135,₹3861/month,"Flood Lights, Indoor Court, Sand Court, Fitness Center",5:00 PM - 7:00 PM,18+,Mixed,100,Volleyball Federation Certified,4.4,304,False,"{""instagram"": ""https://instagram.com/master-sports-club-muzaffarpur-135"", ""facebook"": ""https://facebook.com/master-sports-club-muzaffarpur-135"", ""youtube"": ""https://youtube.com/@master-sports-club-muzaffarpur-135""}"
4fe60840-1d61-4fbc-b237-f342f80935e4,Elite Performance Academy Gaya 136,elite-performance-academy-gaya-136,24.805182,85.029633,Professional Badminton coaching academy offering structured training programs.,Badminton,"Plot 517, Ring Road, Gaya",Gaya,Bihar,+916605187178,"https://maps.google.com/?q=24.805182,85.029633",https://picsum.photos/seed/elite-performance-academy-gaya-136/800/600,Ajay Gupta,Badminton,7 Years,Elite Performance Academy Gaya 136,₹3667/month,"Wooden Courts, Shuttle Supply, Indoor Courts, Fitness Center",6:00 AM - 8:00 AM,10-15,Mixed,87,BAI Certified Coach,4.6,14,False,"{""instagram"": ""https://instagram.com/elite-performance-academy-gaya-136"", ""facebook"": ""https://facebook.com/elite-performance-academy-gaya-136"", ""youtube"": ""https://youtube.com/@elite-performance-academy-gaya-136""}"
fb9536b5-480b-474b-8578-b02321d123b7,Pro Sports Academy Gaya 137,pro-sports-academy-gaya-137,24.786592,84.950898,Professional Volleyball coaching academy offering structured training programs.,Volleyball,"Plot 264, Athletic Colony, Gaya",Gaya,Bihar,+918177384658,"https://maps.google.com/?q=24.786592,84.950898",https://picsum.photos/seed/pro-sports-academy-gaya-137/800/600,Ravi Yadav,Volleyball,4 Years,Pro Sports Academy Gaya 137,₹3509/month,"Flood Lights, Fitness Center, Indoor Court, Sand Court",6:00 PM - 8:00 PM,18+,Boys,28,Volleyball Federation Certified,4.3,427,False,"{""instagram"": ""https://instagram.com/pro-sports-academy-gaya-137"", ""facebook"": ""https://facebook.com/pro-sports-academy-gaya-137"", ""youtube"": ""https://youtube.com/@pro-sports-academy-gaya-137""}"
54830206-7c9d-4bcd-8dc4-dc00059efd79,Star Performance Academy Patna 138,star-performance-academy-patna-138,25.597783,85.134321,Professional Swimming coaching academy offering structured training programs.,Swimming,"Plot 299, Stadium Road, Patna",Patna,Bihar,+917133866368,"https://maps.google.com/?q=25.597783,85.134321",https://picsum.photos/seed/star-performance-academy-patna-138/800/600,Rohit Patel,Swimming,5 Years,Star Performance Academy Patna 138,₹6552/month,"Changing Rooms, Lifeguard Support, Olympic Pool, Kids Pool",6:00 AM - 8:00 AM,All Ages,Mixed,40,Swimming Federation Certified,4.3,82,False,"{""instagram"": ""https://instagram.com/star-performance-academy-patna-138"", ""facebook"": ""https://facebook.com/star-performance-academy-patna-138"", ""youtube"": ""https://youtube.com/@star-performance-academy-patna-138""}"
2ef07e07-cdfe-4f29-aa4c-6b370649e176,Future Sports Academy Muzaffarpur 139,future-sports-academy-muzaffarpur-139,26.116241,85.352814,Professional Badminton coaching academy offering structured training programs.,Badminton,"Plot 186, Sports Hub, Muzaffarpur",Muzaffarpur,Bihar,+918108811186,"https://maps.google.com/?q=26.116241,85.352814",https://picsum.photos/seed/future-sports-academy-muzaffarpur-139/800/600,Aman Sharma,Badminton,14 Years,Future Sports Academy Muzaffarpur 139,₹5630/month,"Shuttle Supply, Wooden Courts, Indoor Courts, Fitness Center",6:00 PM - 8:00 PM,All Ages,Mixed,67,BAI Certified Coach,4.0,232,True,"{""instagram"": ""https://instagram.com/future-sports-academy-muzaffarpur-139"", ""facebook"": ""https://facebook.com/future-sports-academy-muzaffarpur-139"", ""youtube"": ""https://youtube.com/@future-sports-academy-muzaffarpur-139""}"
e9e50034-e43d-4b5a-8edc-81b275b38ffe,Prime Sports Institute Patna 140,prime-sports-institute-patna-140,25.633835,85.145299,Professional Athletics coaching academy offering structured training programs.,Athletics,"Plot 846, Athletic Colony, Patna",Patna,Bihar,+919470439609,"https://maps.google.com/?q=25.633835,85.145299",https://picsum.photos/seed/prime-sports-institute-patna-140/800/600,Kiran Verma,Athletics,8 Years,Prime Sports Institute Patna 140,₹4759/month,"Gym, Running Track, Recovery Zone, Fitness Center",6:00 AM - 8:00 AM,15-18,Boys,20,Athletics Federation Certified,4.1,239,False,"{""instagram"": ""https://instagram.com/prime-sports-institute-patna-140"", ""facebook"": ""https://facebook.com/prime-sports-institute-patna-140"", ""youtube"": ""https://youtube.com/@prime-sports-institute-patna-140""}"
3c4dca71-a585-4951-8fbf-8ab6f0acde72,Prime Sports Institute Durg 141,prime-sports-institute-durg-141,21.219345,81.271123,Professional Basketball coaching academy offering structured training programs.,Basketball,"Plot 296, Victory Avenue, Durg",Durg,Chhattisgarh,+919342857102,"https://maps.google.com/?q=21.219345,81.271123",https://picsum.photos/seed/prime-sports-institute-durg-141/800/600,Ravi Rao,Basketball,15 Years,Prime Sports Institute Durg 141,₹2623/month,"Indoor Court, Outdoor Court, Fitness Center, Locker Rooms",5:00 PM - 7:00 PM,10-15,Girls,51,Basketball Federation Certified,4.2,228,True,"{""instagram"": ""https://instagram.com/prime-sports-institute-durg-141"", ""facebook"": ""https://facebook.com/prime-sports-institute-durg-141"", ""youtube"": ""https://youtube.com/@prime-sports-institute-durg-141""}"
86d1f918-a263-4e36-b57a-40c938c3b774,Pro Athletic Center Durg 142,pro-athletic-center-durg-142,21.141132,81.258743,Professional Swimming coaching academy offering structured training programs.,Swimming,"Plot 263, Victory Avenue, Durg",Durg,Chhattisgarh,+918014687077,"https://maps.google.com/?q=21.141132,81.258743",https://picsum.photos/seed/pro-athletic-center-durg-142/800/600,Vikram Choudhary,Swimming,13 Years,Pro Athletic Center Durg 142,₹5460/month,"Olympic Pool, Kids Pool, Changing Rooms, Lifeguard Support",5:30 AM - 7:30 AM,15-18,Boys,60,Swimming Federation Certified,4.8,324,False,"{""instagram"": ""https://instagram.com/pro-athletic-center-durg-142"", ""facebook"": ""https://facebook.com/pro-athletic-center-durg-142"", ""youtube"": ""https://youtube.com/@pro-athletic-center-durg-142""}"
b7ccd073-9485-407f-9655-3cd27197ad47,Pro Training Center Durg 143,pro-training-center-durg-143,21.203364,81.277941,Professional Cricket coaching academy offering structured training programs.,Cricket,"Plot 338, Victory Avenue, Durg",Durg,Chhattisgarh,+917055831945,"https://maps.google.com/?q=21.203364,81.277941",https://picsum.photos/seed/pro-training-center-durg-143/800/600,Prakash Gupta,Cricket,22 Years,Pro Training Center Durg 143,₹5757/month,"Gym, Turf Nets, Bowling Machine, Video Analysis",5:30 AM - 7:30 AM,All Ages,Girls,42,"BCCI Level 1, BCCI Level 2",4.4,175,False,"{""instagram"": ""https://instagram.com/pro-training-center-durg-143"", ""facebook"": ""https://facebook.com/pro-training-center-durg-143"", ""youtube"": ""https://youtube.com/@pro-training-center-durg-143""}"
21bac7d5-64ed-443e-8b76-61d31252913c,Future Sports Academy Bilaspur 144,future-sports-academy-bilaspur-144,22.089888,82.189528,Professional Volleyball coaching academy offering structured training programs.,Volleyball,"Plot 436, Ring Road, Bilaspur",Bilaspur,Chhattisgarh,+919710960134,"https://maps.google.com/?q=22.089888,82.189528",https://picsum.photos/seed/future-sports-academy-bilaspur-144/800/600,Rohit Singh,Volleyball,3 Years,Future Sports Academy Bilaspur 144,₹5675/month,"Fitness Center, Sand Court, Indoor Court, Flood Lights",6:00 PM - 8:00 PM,5-10,Mixed,79,Volleyball Federation Certified,4.6,135,False,"{""instagram"": ""https://instagram.com/future-sports-academy-bilaspur-144"", ""facebook"": ""https://facebook.com/future-sports-academy-bilaspur-144"", ""youtube"": ""https://youtube.com/@future-sports-academy-bilaspur-144""}"
d859be40-5028-4fed-b123-cf2250f04409,Elite Training Center Durg 145,elite-training-center-durg-145,21.21736,81.314452,Professional Tennis coaching academy offering structured training programs.,Tennis,"Plot 353, Ring Road, Durg",Durg,Chhattisgarh,+919196452869,"https://maps.google.com/?q=21.21736,81.314452",https://picsum.photos/seed/elite-training-center-durg-145/800/600,Ajay Gupta,Tennis,12 Years,Elite Training Center Durg 145,₹8112/month,"Fitness Center, Ball Machine, Clay Court, Hard Court",4:00 PM - 6:00 PM,18+,Mixed,97,AITA Certified Coach,4.6,497,True,"{""instagram"": ""https://instagram.com/elite-training-center-durg-145"", ""facebook"": ""https://facebook.com/elite-training-center-durg-145"", ""youtube"": ""https://youtube.com/@elite-training-center-durg-145""}"
6c13ae59-eeb5-4e82-b92b-7bf9c6803b07,Victory Training Center Raipur 146,victory-training-center-raipur-146,21.242159,81.655761,Professional Badminton coaching academy offering structured training programs.,Badminton,"Plot 771, Ring Road, Raipur",Raipur,Chhattisgarh,+916311992851,"https://maps.google.com/?q=21.242159,81.655761",https://picsum.photos/seed/victory-training-center-raipur-146/800/600,Arjun Nair,Badminton,23 Years,Victory Training Center Raipur 146,₹6445/month,"Fitness Center, Wooden Courts, Indoor Courts, Shuttle Supply",6:00 PM - 8:00 PM,5-10,Boys,57,BAI Certified Coach,4.6,228,False,"{""instagram"": ""https://instagram.com/victory-training-center-raipur-146"", ""facebook"": ""https://facebook.com/victory-training-center-raipur-146"", ""youtube"": ""https://youtube.com/@victory-training-center-raipur-146""}"
29aac8dd-7515-4a1f-9f6c-f5c58a4720b0,Royal Sports Academy Durg 147,royal-sports-academy-durg-147,21.187548,81.318833,Professional Volleyball coaching academy offering structured training programs.,Volleyball,"Plot 774, Sports Nagar, Durg",Durg,Chhattisgarh,+916976850231,"https://maps.google.com/?q=21.187548,81.318833",https://picsum.photos/seed/royal-sports-academy-durg-147/800/600,Deepak Choudhary,Volleyball,23 Years,Royal Sports Academy Durg 147,₹4516/month,"Indoor Court, Flood Lights, Sand Court, Fitness Center",5:30 AM - 7:30 AM,All Ages,Mixed,23,Volleyball Federation Certified,4.7,279,False,"{""instagram"": ""https://instagram.com/royal-sports-academy-durg-147"", ""facebook"": ""https://facebook.com/royal-sports-academy-durg-147"", ""youtube"": ""https://youtube.com/@royal-sports-academy-durg-147""}"
8f0c435a-76eb-4b5e-96eb-de1a2647b643,Prime Athletic Center Bilaspur 148,prime-athletic-center-bilaspur-148,22.067334,82.136872,Professional Football coaching academy offering structured training programs.,Football,"Plot 296, Sports Hub, Bilaspur",Bilaspur,Chhattisgarh,+917562265445,"https://maps.google.com/?q=22.067334,82.136872",https://picsum.photos/seed/prime-athletic-center-bilaspur-148/800/600,Ajay Reddy,Football,19 Years,Prime Athletic Center Bilaspur 148,₹3838/month,"Locker Rooms, Flood Lights, Training Cones, Fitness Center",5:00 PM - 7:00 PM,18+,Boys,91,"AIFF D License, AIFF C License",4.1,155,False,"{""instagram"": ""https://instagram.com/prime-athletic-center-bilaspur-148"", ""facebook"": ""https://facebook.com/prime-athletic-center-bilaspur-148"", ""youtube"": ""https://youtube.com/@prime-athletic-center-bilaspur-148""}"
8ff350f6-3d4e-4ab8-8437-43aa3ff01fc4,Future Sports Institute Bilaspur 149,future-sports-institute-bilaspur-149,22.125117,82.106356,Professional Tennis coaching academy offering structured training programs.,Tennis,"Plot 642, Champions Street, Bilaspur",Bilaspur,Chhattisgarh,+918648912915,"https://maps.google.com/?q=22.125117,82.106356",https://picsum.photos/seed/future-sports-institute-bilaspur-149/800/600,Rohit Patel,Tennis,7 Years,Future Sports Institute Bilaspur 149,₹4129/month,"Ball Machine, Clay Court, Hard Court, Fitness Center",4:00 PM - 6:00 PM,5-10,Mixed,87,AITA Certified Coach,4.3,245,False,"{""instagram"": ""https://instagram.com/future-sports-institute-bilaspur-149"", ""facebook"": ""https://facebook.com/future-sports-institute-bilaspur-149"", ""youtube"": ""https://youtube.com/@future-sports-institute-bilaspur-149""}"
a00610fd-0d8c-4148-924d-f556c3e7d81d,Elite Sports Institute Raipur 150,elite-sports-institute-raipur-150,21.218758,81.631647,Professional Swimming coaching academy offering structured training programs.,Swimming,"Plot 881, Sports Complex, Raipur",Raipur,Chhattisgarh,+919091082137,"https://maps.google.com/?q=21.218758,81.631647",https://picsum.photos/seed/elite-sports-institute-raipur-150/800/600,Lokesh Nair,Swimming,13 Years,Elite Sports Institute Raipur 150,₹9691/month,"Lifeguard Support, Kids Pool, Olympic Pool, Changing Rooms",5:30 AM - 7:30 AM,5-10,Girls,28,Swimming Federation Certified,4.5,356,True,"{""instagram"": ""https://instagram.com/elite-sports-institute-raipur-150"", ""facebook"": ""https://facebook.com/elite-sports-institute-raipur-150"", ""youtube"": ""https://youtube.com/@elite-sports-institute-raipur-150""}"
cbcf7121-f17e-40d3-b75e-90be5370d797,Master Performance Academy Raipur 151,master-performance-academy-raipur-151,21.203206,81.659963,Professional Cricket coaching academy offering structured training programs.,Cricket,"Plot 460, Sports Hub, Raipur",Raipur,Chhattisgarh,+918674666804,"https://maps.google.com/?q=21.203206,81.659963",https://picsum.photos/seed/master-performance-academy-raipur-151/800/600,Suresh Nair,Cricket,25 Years,Master Performance Academy Raipur 151,₹6748/month,"Practice Pitch, Video Analysis, Gym, Bowling Machine",5:30 AM - 7:30 AM,10-15,Girls,70,"BCCI Level 1, BCCI Level 2",5.0,175,False,"{""instagram"": ""https://instagram.com/master-performance-academy-raipur-151"", ""facebook"": ""https://facebook.com/master-performance-academy-raipur-151"", ""youtube"": ""https://youtube.com/@master-performance-academy-raipur-151""}"
a857334c-98f9-4ec4-91ce-9c0288c642e1,Legend Sports Institute Raipur 152,legend-sports-institute-raipur-152,21.282947,81.624677,Professional Basketball coaching academy offering structured training programs.,Basketball,"Plot 363, Central Park, Raipur",Raipur,Chhattisgarh,+918384883011,"https://maps.google.com/?q=21.282947,81.624677",https://picsum.photos/seed/legend-sports-institute-raipur-152/800/600,Lokesh Sharma,Basketball,6 Years,Legend Sports Institute Raipur 152,₹3423/month,"Indoor Court, Outdoor Court, Locker Rooms, Fitness Center",6:00 PM - 8:00 PM,All Ages,Mixed,33,Basketball Federation Certified,4.8,150,False,"{""instagram"": ""https://instagram.com/legend-sports-institute-raipur-152"", ""facebook"": ""https://facebook.com/legend-sports-institute-raipur-152"", ""youtube"": ""https://youtube.com/@legend-sports-institute-raipur-152""}"
2b28434e-c26f-4237-b0bb-f3e5c33d1351,Star Sports Academy Bilaspur 153,star-sports-academy-bilaspur-153,22.111636,82.14121,Professional Cricket coaching academy offering structured training programs.,Cricket,"Plot 871, Central Park, Bilaspur",Bilaspur,Chhattisgarh,+918437955291,"https://maps.google.com/?q=22.111636,82.14121",https://picsum.photos/seed/star-sports-academy-bilaspur-153/800/600,Prakash Reddy,Cricket,23 Years,Star Sports Academy Bilaspur 153,₹6713/month,"Bowling Machine, Video Analysis, Practice Pitch, Turf Nets",5:00 PM - 7:00 PM,18+,Boys,73,"BCCI Level 1, BCCI Level 2",3.8,403,False,"{""instagram"": ""https://instagram.com/star-sports-academy-bilaspur-153"", ""facebook"": ""https://facebook.com/star-sports-academy-bilaspur-153"", ""youtube"": ""https://youtube.com/@star-sports-academy-bilaspur-153""}"
f2a129b5-b0c7-4714-932c-96b50fa912db,Elite Sports Academy Raipur 154,elite-sports-academy-raipur-154,21.216864,81.591177,Professional Volleyball coaching academy offering structured training programs.,Volleyball,"Plot 345, Main Road, Raipur",Raipur,Chhattisgarh,+916855545942,"https://maps.google.com/?q=21.216864,81.591177",https://picsum.photos/seed/elite-sports-academy-raipur-154/800/600,Arjun Reddy,Volleyball,6 Years,Elite Sports Academy Raipur 154,₹3374/month,"Sand Court, Flood Lights, Fitness Center, Indoor Court",5:00 PM - 7:00 PM,15-18,Mixed,33,Volleyball Federation Certified,3.9,10,True,"{""instagram"": ""https://instagram.com/elite-sports-academy-raipur-154"", ""facebook"": ""https://facebook.com/elite-sports-academy-raipur-154"", ""youtube"": ""https://youtube.com/@elite-sports-academy-raipur-154""}"
2badf01d-fd91-4316-ae64-810ccf89aed3,Master Performance Academy Raipur 155,master-performance-academy-raipur-155,21.245104,81.618808,Professional Basketball coaching academy offering structured training programs.,Basketball,"Plot 95, Sports Complex, Raipur",Raipur,Chhattisgarh,+919660650839,"https://maps.google.com/?q=21.245104,81.618808",https://picsum.photos/seed/master-performance-academy-raipur-155/800/600,Deepak Patel,Basketball,5 Years,Master Performance Academy Raipur 155,₹6651/month,"Outdoor Court, Locker Rooms, Fitness Center, Indoor Court",6:00 PM - 8:00 PM,10-15,Girls,32,Basketball Federation Certified,4.6,382,False,"{""instagram"": ""https://instagram.com/master-performance-academy-raipur-155"", ""facebook"": ""https://facebook.com/master-performance-academy-raipur-155"", ""youtube"": ""https://youtube.com/@master-performance-academy-raipur-155""}"
a7959749-1a7e-42d5-9fcd-adad86a60377,National Sports Club Bilaspur 156,national-sports-club-bilaspur-156,22.083475,82.119684,Professional Swimming coaching academy offering structured training programs.,Swimming,"Plot 537, Sports Hub, Bilaspur",Bilaspur,Chhattisgarh,+916237593328,"https://maps.google.com/?q=22.083475,82.119684",https://picsum.photos/seed/national-sports-club-bilaspur-156/800/600,Vikram Mishra,Swimming,18 Years,National Sports Club Bilaspur 156,₹6248/month,"Lifeguard Support, Changing Rooms, Olympic Pool, Kids Pool",4:00 PM - 6:00 PM,10-15,Boys,91,Swimming Federation Certified,4.5,88,True,"{""instagram"": ""https://instagram.com/national-sports-club-bilaspur-156"", ""facebook"": ""https://facebook.com/national-sports-club-bilaspur-156"", ""youtube"": ""https://youtube.com/@national-sports-club-bilaspur-156""}"
209aec43-a9d5-48bd-943e-c78a54da7894,Future Sports Club Raipur 157,future-sports-club-raipur-157,21.282547,81.591267,Professional Football coaching academy offering structured training programs.,Football,"Plot 727, Sports Nagar, Raipur",Raipur,Chhattisgarh,+919741757003,"https://maps.google.com/?q=21.282547,81.591267",https://picsum.photos/seed/future-sports-club-raipur-157/800/600,Deepak Patel,Football,20 Years,Future Sports Club Raipur 157,₹2834/month,"Training Cones, Locker Rooms, Fitness Center, Natural Grass Ground",6:00 PM - 8:00 PM,5-10,Mixed,24,"AIFF D License, AIFF C License",3.7,283,True,"{""instagram"": ""https://instagram.com/future-sports-club-raipur-157"", ""facebook"": ""https://facebook.com/future-sports-club-raipur-157"", ""youtube"": ""https://youtube.com/@future-sports-club-raipur-157""}"
4f9f499f-4027-4ed5-aaf1-c97eda2b84df,Prime Sports Academy Durg 158,prime-sports-academy-durg-158,21.178836,81.241861,Professional Badminton coaching academy offering structured training programs.,Badminton,"Plot 23, Sports Nagar, Durg",Durg,Chhattisgarh,+918621480346,"https://maps.google.com/?q=21.178836,81.241861",https://picsum.photos/seed/prime-sports-academy-durg-158/800/600,Mahesh Patel,Badminton,5 Years,Prime Sports Academy Durg 158,₹4815/month,"Wooden Courts, Shuttle Supply, Indoor Courts, Fitness Center",5:30 AM - 7:30 AM,5-10,Boys,84,BAI Certified Coach,4.4,321,True,"{""instagram"": ""https://instagram.com/prime-sports-academy-durg-158"", ""facebook"": ""https://facebook.com/prime-sports-academy-durg-158"", ""youtube"": ""https://youtube.com/@prime-sports-academy-durg-158""}"
8d422e93-0ecf-4a79-b16b-49deb823d318,Legend Athletic Center Raipur 159,legend-athletic-center-raipur-159,21.210584,81.666213,Professional Volleyball coaching academy offering structured training programs.,Volleyball,"Plot 616, Sports Complex, Raipur",Raipur,Chhattisgarh,+918029636821,"https://maps.google.com/?q=21.210584,81.666213",https://picsum.photos/seed/legend-athletic-center-raipur-159/800/600,Naveen Kumar,Volleyball,21 Years,Legend Athletic Center Raipur 159,₹2178/month,"Flood Lights, Fitness Center, Indoor Court, Sand Court",5:00 PM - 7:00 PM,18+,Mixed,75,Volleyball Federation Certified,5.0,48,False,"{""instagram"": ""https://instagram.com/legend-athletic-center-raipur-159"", ""facebook"": ""https://facebook.com/legend-athletic-center-raipur-159"", ""youtube"": ""https://youtube.com/@legend-athletic-center-raipur-159""}"
fae6136e-c208-45d0-86d9-b888a1945704,Victory Sports Club Durg 160,victory-sports-club-durg-160,21.235045,81.26013,Professional Tennis coaching academy offering structured training programs.,Tennis,"Plot 674, Sports Complex, Durg",Durg,Chhattisgarh,+918585731167,"https://maps.google.com/?q=21.235045,81.26013",https://picsum.photos/seed/victory-sports-club-durg-160/800/600,Suresh Reddy,Tennis,23 Years,Victory Sports Club Durg 160,₹10025/month,"Hard Court, Clay Court, Ball Machine, Fitness Center",6:00 PM - 8:00 PM,All Ages,Boys,69,AITA Certified Coach,4.6,397,True,"{""instagram"": ""https://instagram.com/victory-sports-club-durg-160"", ""facebook"": ""https://facebook.com/victory-sports-club-durg-160"", ""youtube"": ""https://youtube.com/@victory-sports-club-durg-160""}"
cd0efdbd-ddd5-45ff-b3c2-6b742b69a59f,Future Sports Institute Bilaspur 161,future-sports-institute-bilaspur-161,22.032244,82.100303,Professional Swimming coaching academy offering structured training programs.,Swimming,"Plot 920, Ring Road, Bilaspur",Bilaspur,Chhattisgarh,+917905517917,"https://maps.google.com/?q=22.032244,82.100303",https://picsum.photos/seed/future-sports-institute-bilaspur-161/800/600,Deepak Reddy,Swimming,22 Years,Future Sports Institute Bilaspur 161,₹8841/month,"Olympic Pool, Lifeguard Support, Kids Pool, Changing Rooms",5:00 PM - 7:00 PM,All Ages,Boys,51,Swimming Federation Certified,4.7,223,True,"{""instagram"": ""https://instagram.com/future-sports-institute-bilaspur-161"", ""facebook"": ""https://facebook.com/future-sports-institute-bilaspur-161"", ""youtube"": ""https://youtube.com/@future-sports-institute-bilaspur-161""}"
73b40079-1656-4b97-849b-020aa42d492e,Future Athletic Center Raipur 162,future-athletic-center-raipur-162,21.228509,81.611814,Professional Basketball coaching academy offering structured training programs.,Basketball,"Plot 912, Sports Hub, Raipur",Raipur,Chhattisgarh,+919175938876,"https://maps.google.com/?q=21.228509,81.611814",https://picsum.photos/seed/future-athletic-center-raipur-162/800/600,Aman Yadav,Basketball,2 Years,Future Athletic Center Raipur 162,₹5094/month,"Fitness Center, Locker Rooms, Indoor Court, Outdoor Court",5:30 AM - 7:30 AM,5-10,Girls,38,Basketball Federation Certified,4.3,349,True,"{""instagram"": ""https://instagram.com/future-athletic-center-raipur-162"", ""facebook"": ""https://facebook.com/future-athletic-center-raipur-162"", ""youtube"": ""https://youtube.com/@future-athletic-center-raipur-162""}"
c38290f1-97bd-49a5-9dfe-368d7e20e859,Royal Sports Institute Durg 163,royal-sports-institute-durg-163,21.146019,81.242678,Professional Badminton coaching academy offering structured training programs.,Badminton,"Plot 155, Sports Complex, Durg",Durg,Chhattisgarh,+917827766591,"https://maps.google.com/?q=21.146019,81.242678",https://picsum.photos/seed/royal-sports-institute-durg-163/800/600,Ravi Joshi,Badminton,23 Years,Royal Sports Institute Durg 163,₹3424/month,"Shuttle Supply, Wooden Courts, Indoor Courts, Fitness Center",6:00 AM - 8:00 AM,18+,Mixed,43,BAI Certified Coach,4.1,423,False,"{""instagram"": ""https://instagram.com/royal-sports-institute-durg-163"", ""facebook"": ""https://facebook.com/royal-sports-institute-durg-163"", ""youtube"": ""https://youtube.com/@royal-sports-institute-durg-163""}"
c5f46000-ba54-40f2-83be-b5de40c659df,Royal Athletic Center Bilaspur 164,royal-athletic-center-bilaspur-164,22.072142,82.162625,Professional Tennis coaching academy offering structured training programs.,Tennis,"Plot 46, Ring Road, Bilaspur",Bilaspur,Chhattisgarh,+919860259304,"https://maps.google.com/?q=22.072142,82.162625",https://picsum.photos/seed/royal-athletic-center-bilaspur-164/800/600,Rohit Nair,Tennis,17 Years,Royal Athletic Center Bilaspur 164,₹7655/month,"Clay Court, Hard Court, Ball Machine, Fitness Center",5:30 AM - 7:30 AM,18+,Girls,43,AITA Certified Coach,3.6,359,True,"{""instagram"": ""https://instagram.com/royal-athletic-center-bilaspur-164"", ""facebook"": ""https://facebook.com/royal-athletic-center-bilaspur-164"", ""youtube"": ""https://youtube.com/@royal-athletic-center-bilaspur-164""}"
462f5076-7a7a-4d3b-91e0-3d8353027558,Prime Sports Club Durg 165,prime-sports-club-durg-165,21.14184,81.322437,Professional Swimming coaching academy offering structured training programs.,Swimming,"Plot 449, Sports Hub, Durg",Durg,Chhattisgarh,+918436889345,"https://maps.google.com/?q=21.14184,81.322437",https://picsum.photos/seed/prime-sports-club-durg-165/800/600,Ravi Reddy,Swimming,19 Years,Prime Sports Club Durg 165,₹3789/month,"Changing Rooms, Olympic Pool, Lifeguard Support, Kids Pool",5:00 PM - 7:00 PM,18+,Girls,33,Swimming Federation Certified,3.6,27,True,"{""instagram"": ""https://instagram.com/prime-sports-club-durg-165"", ""facebook"": ""https://facebook.com/prime-sports-club-durg-165"", ""youtube"": ""https://youtube.com/@prime-sports-club-durg-165""}"
89fbf518-2e80-4dfa-ae35-8b3a9134c1ce,Legend Training Center Bilaspur 166,legend-training-center-bilaspur-166,22.126756,82.154587,Professional Tennis coaching academy offering structured training programs.,Tennis,"Plot 534, Victory Avenue, Bilaspur",Bilaspur,Chhattisgarh,+918865429504,"https://maps.google.com/?q=22.126756,82.154587",https://picsum.photos/seed/legend-training-center-bilaspur-166/800/600,Naveen Reddy,Tennis,13 Years,Legend Training Center Bilaspur 166,₹10933/month,"Clay Court, Hard Court, Fitness Center, Ball Machine",4:00 PM - 6:00 PM,All Ages,Mixed,99,AITA Certified Coach,4.3,77,True,"{""instagram"": ""https://instagram.com/legend-training-center-bilaspur-166"", ""facebook"": ""https://facebook.com/legend-training-center-bilaspur-166"", ""youtube"": ""https://youtube.com/@legend-training-center-bilaspur-166""}"
c9d6355a-2bf8-4d99-9310-72dcb12531c5,Legend Sports Academy Bilaspur 167,legend-sports-academy-bilaspur-167,22.096639,82.112769,Professional Swimming coaching academy offering structured training programs.,Swimming,"Plot 719, Sports Nagar, Bilaspur",Bilaspur,Chhattisgarh,+916521358022,"https://maps.google.com/?q=22.096639,82.112769",https://picsum.photos/seed/legend-sports-academy-bilaspur-167/800/600,Mahesh Singh,Swimming,24 Years,Legend Sports Academy Bilaspur 167,₹4159/month,"Changing Rooms, Olympic Pool, Lifeguard Support, Kids Pool",6:00 AM - 8:00 AM,All Ages,Girls,87,Swimming Federation Certified,3.8,270,True,"{""instagram"": ""https://instagram.com/legend-sports-academy-bilaspur-167"", ""facebook"": ""https://facebook.com/legend-sports-academy-bilaspur-167"", ""youtube"": ""https://youtube.com/@legend-sports-academy-bilaspur-167""}"
2012e932-388f-499c-87e8-751153415a72,Royal Athletic Center Durg 168,royal-athletic-center-durg-168,21.187935,81.333793,Professional Badminton coaching academy offering structured training programs.,Badminton,"Plot 206, Central Park, Durg",Durg,Chhattisgarh,+917250008114,"https://maps.google.com/?q=21.187935,81.333793",https://picsum.photos/seed/royal-athletic-center-durg-168/800/600,Vikram Singh,Badminton,15 Years,Royal Athletic Center Durg 168,₹2202/month,"Fitness Center, Shuttle Supply, Indoor Courts, Wooden Courts",5:30 AM - 7:30 AM,All Ages,Girls,47,BAI Certified Coach,4.9,410,True,"{""instagram"": ""https://instagram.com/royal-athletic-center-durg-168"", ""facebook"": ""https://facebook.com/royal-athletic-center-durg-168"", ""youtube"": ""https://youtube.com/@royal-athletic-center-durg-168""}"
c8b2ae68-6403-4a33-8245-d7084efe5513,National Performance Academy Raipur 169,national-performance-academy-raipur-169,21.272815,81.674643,Professional Football coaching academy offering structured training programs.,Football,"Plot 775, Sports Hub, Raipur",Raipur,Chhattisgarh,+916237024604,"https://maps.google.com/?q=21.272815,81.674643",https://picsum.photos/seed/national-performance-academy-raipur-169/800/600,Kiran Reddy,Football,7 Years,National Performance Academy Raipur 169,₹2782/month,"Training Cones, Flood Lights, Fitness Center, Natural Grass Ground",5:30 AM - 7:30 AM,10-15,Boys,69,"AIFF D License, AIFF C License",4.4,493,False,"{""instagram"": ""https://instagram.com/national-performance-academy-raipur-169"", ""facebook"": ""https://facebook.com/national-performance-academy-raipur-169"", ""youtube"": ""https://youtube.com/@national-performance-academy-raipur-169""}"
cb6550f5-5ebd-41cf-b9db-7ef7f16ce916,Royal Sports Institute Bilaspur 170,royal-sports-institute-bilaspur-170,22.112607,82.100904,Professional Football coaching academy offering structured training programs.,Football,"Plot 224, Sports Nagar, Bilaspur",Bilaspur,Chhattisgarh,+918188024633,"https://maps.google.com/?q=22.112607,82.100904",https://picsum.photos/seed/royal-sports-institute-bilaspur-170/800/600,Prakash Gupta,Football,20 Years,Royal Sports Institute Bilaspur 170,₹5741/month,"Locker Rooms, Fitness Center, Flood Lights, Natural Grass Ground",5:30 AM - 7:30 AM,10-15,Mixed,81,"AIFF D License, AIFF C License",4.7,148,True,"{""instagram"": ""https://instagram.com/royal-sports-institute-bilaspur-170"", ""facebook"": ""https://facebook.com/royal-sports-institute-bilaspur-170"", ""youtube"": ""https://youtube.com/@royal-sports-institute-bilaspur-170""}"
36a881b9-27ae-4482-9273-d87372e0dd43,Master Training Center Bilaspur 171,master-training-center-bilaspur-171,22.045243,82.128959,Professional Football coaching academy offering structured training programs.,Football,"Plot 215, Victory Avenue, Bilaspur",Bilaspur,Chhattisgarh,+918649743681,"https://maps.google.com/?q=22.045243,82.128959",https://picsum.photos/seed/master-training-center-bilaspur-171/800/600,Rahul Rao,Football,4 Years,Master Training Center Bilaspur 171,₹3512/month,"Fitness Center, Flood Lights, Locker Rooms, Natural Grass Ground",6:00 PM - 8:00 PM,All Ages,Girls,89,"AIFF D License, AIFF C License",3.8,414,True,"{""instagram"": ""https://instagram.com/master-training-center-bilaspur-171"", ""facebook"": ""https://facebook.com/master-training-center-bilaspur-171"", ""youtube"": ""https://youtube.com/@master-training-center-bilaspur-171""}"
937d0880-60f9-4564-b6ed-2d87f0c39665,Royal Sports Academy Raipur 172,royal-sports-academy-raipur-172,21.283326,81.59009,Professional Basketball coaching academy offering structured training programs.,Basketball,"Plot 684, Champions Street, Raipur",Raipur,Chhattisgarh,+916095952708,"https://maps.google.com/?q=21.283326,81.59009",https://picsum.photos/seed/royal-sports-academy-raipur-172/800/600,Naveen Choudhary,Basketball,14 Years,Royal Sports Academy Raipur 172,₹3903/month,"Outdoor Court, Indoor Court, Locker Rooms, Fitness Center",5:30 AM - 7:30 AM,All Ages,Mixed,58,Basketball Federation Certified,4.8,186,True,"{""instagram"": ""https://instagram.com/royal-sports-academy-raipur-172"", ""facebook"": ""https://facebook.com/royal-sports-academy-raipur-172"", ""youtube"": ""https://youtube.com/@royal-sports-academy-raipur-172""}"
27a5cae0-0a7e-4725-9377-7d0db407f8d6,Star Performance Academy Bilaspur 173,star-performance-academy-bilaspur-173,22.088076,82.152799,Professional Cricket coaching academy offering structured training programs.,Cricket,"Plot 251, Sports Complex, Bilaspur",Bilaspur,Chhattisgarh,+919587084629,"https://maps.google.com/?q=22.088076,82.152799",https://picsum.photos/seed/star-performance-academy-bilaspur-173/800/600,Ravi Rao,Cricket,6 Years,Star Performance Academy Bilaspur 173,₹3092/month,"Practice Pitch, Bowling Machine, Turf Nets, Video Analysis",6:00 AM - 8:00 AM,15-18,Mixed,97,"BCCI Level 1, BCCI Level 2",4.6,472,True,"{""instagram"": ""https://instagram.com/star-performance-academy-bilaspur-173"", ""facebook"": ""https://facebook.com/star-performance-academy-bilaspur-173"", ""youtube"": ""https://youtube.com/@star-performance-academy-bilaspur-173""}"
8f014b3a-45c8-43a1-b22a-9c0368e3b1ab,Royal Sports Institute Raipur 174,royal-sports-institute-raipur-174,21.280117,81.608334,Professional Badminton coaching academy offering structured training programs.,Badminton,"Plot 914, Victory Avenue, Raipur",Raipur,Chhattisgarh,+919125015001,"https://maps.google.com/?q=21.280117,81.608334",https://picsum.photos/seed/royal-sports-institute-raipur-174/800/600,Naveen Kumar,Badminton,12 Years,Royal Sports Institute Raipur 174,₹4845/month,"Indoor Courts, Fitness Center, Shuttle Supply, Wooden Courts",5:30 AM - 7:30 AM,5-10,Mixed,33,BAI Certified Coach,3.6,187,False,"{""instagram"": ""https://instagram.com/royal-sports-institute-raipur-174"", ""facebook"": ""https://facebook.com/royal-sports-institute-raipur-174"", ""youtube"": ""https://youtube.com/@royal-sports-institute-raipur-174""}"
62fa8728-b80c-4ac3-b56b-9994d7fcf047,Pro Training Center Raipur 175,pro-training-center-raipur-175,21.280177,81.6634,Professional Badminton coaching academy offering structured training programs.,Badminton,"Plot 757, Champions Street, Raipur",Raipur,Chhattisgarh,+918847465022,"https://maps.google.com/?q=21.280177,81.6634",https://picsum.photos/seed/pro-training-center-raipur-175/800/600,Ajay Singh,Badminton,12 Years,Pro Training Center Raipur 175,₹3935/month,"Indoor Courts, Shuttle Supply, Wooden Courts, Fitness Center",6:00 AM - 8:00 AM,All Ages,Girls,99,BAI Certified Coach,4.0,470,False,"{""instagram"": ""https://instagram.com/pro-training-center-raipur-175"", ""facebook"": ""https://facebook.com/pro-training-center-raipur-175"", ""youtube"": ""https://youtube.com/@pro-training-center-raipur-175""}"
0754b620-1bd7-4d9e-91a3-e11be3d2f241,Legend Athletic Center Margao 176,legend-athletic-center-margao-176,15.30547,73.952569,Professional Swimming coaching academy offering structured training programs.,Swimming,"Plot 138, Champions Street, Margao",Margao,Goa,+916345734013,"https://maps.google.com/?q=15.30547,73.952569",https://picsum.photos/seed/legend-athletic-center-margao-176/800/600,Suresh Singh,Swimming,4 Years,Legend Athletic Center Margao 176,₹8555/month,"Lifeguard Support, Olympic Pool, Changing Rooms, Kids Pool",6:00 AM - 8:00 AM,10-15,Boys,28,Swimming Federation Certified,4.8,104,True,"{""instagram"": ""https://instagram.com/legend-athletic-center-margao-176"", ""facebook"": ""https://facebook.com/legend-athletic-center-margao-176"", ""youtube"": ""https://youtube.com/@legend-athletic-center-margao-176""}"
1be97ae4-84b7-4321-8965-d4dff7c29e1d,Pro Sports Club Panaji 177,pro-sports-club-panaji-177,15.462121,73.800273,Professional Basketball coaching academy offering structured training programs.,Basketball,"Plot 873, Sports Complex, Panaji",Panaji,Goa,+917983674539,"https://maps.google.com/?q=15.462121,73.800273",https://picsum.photos/seed/pro-sports-club-panaji-177/800/600,Kiran Patel,Basketball,21 Years,Pro Sports Club Panaji 177,₹3753/month,"Locker Rooms, Outdoor Court, Fitness Center, Indoor Court",4:00 PM - 6:00 PM,10-15,Girls,61,Basketball Federation Certified,3.9,282,False,"{""instagram"": ""https://instagram.com/pro-sports-club-panaji-177"", ""facebook"": ""https://facebook.com/pro-sports-club-panaji-177"", ""youtube"": ""https://youtube.com/@pro-sports-club-panaji-177""}"
ae16b526-1d12-46a0-9a39-542721686349,Dynamic Athletic Center Panaji 178,dynamic-athletic-center-panaji-178,15.512531,73.826278,Professional Badminton coaching academy offering structured training programs.,Badminton,"Plot 247, Sports Hub, Panaji",Panaji,Goa,+918845387632,"https://maps.google.com/?q=15.512531,73.826278",https://picsum.photos/seed/dynamic-athletic-center-panaji-178/800/600,Arjun Nair,Badminton,7 Years,Dynamic Athletic Center Panaji 178,₹5726/month,"Shuttle Supply, Wooden Courts, Fitness Center, Indoor Courts",5:00 PM - 7:00 PM,10-15,Boys,37,BAI Certified Coach,3.6,154,True,"{""instagram"": ""https://instagram.com/dynamic-athletic-center-panaji-178"", ""facebook"": ""https://facebook.com/dynamic-athletic-center-panaji-178"", ""youtube"": ""https://youtube.com/@dynamic-athletic-center-panaji-178""}"
d50372e6-f728-4313-921a-829f3f4a36aa,Champion Performance Academy Panaji 179,champion-performance-academy-panaji-179,15.515399,73.816129,Professional Badminton coaching academy offering structured training programs.,Badminton,"Plot 308, Sports Complex, Panaji",Panaji,Goa,+916053953958,"https://maps.google.com/?q=15.515399,73.816129",https://picsum.photos/seed/champion-performance-academy-panaji-179/800/600,Rahul Yadav,Badminton,15 Years,Champion Performance Academy Panaji 179,₹3863/month,"Fitness Center, Shuttle Supply, Indoor Courts, Wooden Courts",4:00 PM - 6:00 PM,15-18,Girls,91,BAI Certified Coach,3.7,279,True,"{""instagram"": ""https://instagram.com/champion-performance-academy-panaji-179"", ""facebook"": ""https://facebook.com/champion-performance-academy-panaji-179"", ""youtube"": ""https://youtube.com/@champion-performance-academy-panaji-179""}"
89ecb7a6-d199-4d37-86b5-3c86e240cbd3,Dynamic Training Center Margao 180,dynamic-training-center-margao-180,15.282122,73.999731,Professional Athletics coaching academy offering structured training programs.,Athletics,"Plot 715, Sports Nagar, Margao",Margao,Goa,+918846370708,"https://maps.google.com/?q=15.282122,73.999731",https://picsum.photos/seed/dynamic-training-center-margao-180/800/600,Ajay Mishra,Athletics,25 Years,Dynamic Training Center Margao 180,₹3178/month,"Recovery Zone, Running Track, Gym, Fitness Center",5:00 PM - 7:00 PM,15-18,Mixed,54,Athletics Federation Certified,4.5,415,False,"{""instagram"": ""https://instagram.com/dynamic-training-center-margao-180"", ""facebook"": ""https://facebook.com/dynamic-training-center-margao-180"", ""youtube"": ""https://youtube.com/@dynamic-training-center-margao-180""}"
5660a739-534c-4f84-aebe-718eebf0e02f,Future Performance Academy Margao 181,future-performance-academy-margao-181,15.291268,74.000795,Professional Cricket coaching academy offering structured training programs.,Cricket,"Plot 709, Sports Nagar, Margao",Margao,Goa,+918805189417,"https://maps.google.com/?q=15.291268,74.000795",https://picsum.photos/seed/future-performance-academy-margao-181/800/600,Ajay Nair,Cricket,25 Years,Future Performance Academy Margao 181,₹5372/month,"Gym, Bowling Machine, Video Analysis, Turf Nets",5:30 AM - 7:30 AM,5-10,Boys,25,"BCCI Level 1, BCCI Level 2",4.5,385,True,"{""instagram"": ""https://instagram.com/future-performance-academy-margao-181"", ""facebook"": ""https://facebook.com/future-performance-academy-margao-181"", ""youtube"": ""https://youtube.com/@future-performance-academy-margao-181""}"
35358d47-fa22-4f4c-acaa-4da3a3c314f4,Dynamic Sports Academy Panaji 182,dynamic-sports-academy-panaji-182,15.500402,73.784002,Professional Cricket coaching academy offering structured training programs.,Cricket,"Plot 292, Champions Street, Panaji",Panaji,Goa,+918275471859,"https://maps.google.com/?q=15.500402,73.784002",https://picsum.photos/seed/dynamic-sports-academy-panaji-182/800/600,Tarun Gupta,Cricket,23 Years,Dynamic Sports Academy Panaji 182,₹5658/month,"Bowling Machine, Gym, Practice Pitch, Turf Nets",5:00 PM - 7:00 PM,10-15,Mixed,92,"BCCI Level 1, BCCI Level 2",5.0,194,False,"{""instagram"": ""https://instagram.com/dynamic-sports-academy-panaji-182"", ""facebook"": ""https://facebook.com/dynamic-sports-academy-panaji-182"", ""youtube"": ""https://youtube.com/@dynamic-sports-academy-panaji-182""}"
0a2cb1bb-5962-41bf-a7eb-dddf2855bcfc,Master Sports Academy Margao 183,master-sports-academy-margao-183,15.2728,73.954305,Professional Basketball coaching academy offering structured training programs.,Basketball,"Plot 128, Ring Road, Margao",Margao,Goa,+919081538126,"https://maps.google.com/?q=15.2728,73.954305",https://picsum.photos/seed/master-sports-academy-margao-183/800/600,Mahesh Sharma,Basketball,21 Years,Master Sports Academy Margao 183,₹5273/month,"Locker Rooms, Indoor Court, Outdoor Court, Fitness Center",6:00 AM - 8:00 AM,5-10,Girls,20,Basketball Federation Certified,3.9,100,True,"{""instagram"": ""https://instagram.com/master-sports-academy-margao-183"", ""facebook"": ""https://facebook.com/master-sports-academy-margao-183"", ""youtube"": ""https://youtube.com/@master-sports-academy-margao-183""}"
2e2c618e-bd69-43cf-871c-8c9c6ea8dd97,Prime Sports Academy Margao 184,prime-sports-academy-margao-184,15.340857,73.986577,Professional Badminton coaching academy offering structured training programs.,Badminton,"Plot 939, Athletic Colony, Margao",Margao,Goa,+916777055765,"https://maps.google.com/?q=15.340857,73.986577",https://picsum.photos/seed/prime-sports-academy-margao-184/800/600,Harish Sharma,Badminton,12 Years,Prime Sports Academy Margao 184,₹3369/month,"Indoor Courts, Shuttle Supply, Fitness Center, Wooden Courts",4:00 PM - 6:00 PM,18+,Boys,55,BAI Certified Coach,4.8,42,True,"{""instagram"": ""https://instagram.com/prime-sports-academy-margao-184"", ""facebook"": ""https://facebook.com/prime-sports-academy-margao-184"", ""youtube"": ""https://youtube.com/@prime-sports-academy-margao-184""}"
0ba56757-074a-459e-ab9e-1aa44dcd92c5,Royal Performance Academy Margao 185,royal-performance-academy-margao-185,15.268594,73.997061,Professional Cricket coaching academy offering structured training programs.,Cricket,"Plot 48, Main Road, Margao",Margao,Goa,+916784864189,"https://maps.google.com/?q=15.268594,73.997061",https://picsum.photos/seed/royal-performance-academy-margao-185/800/600,Rahul Kumar,Cricket,18 Years,Royal Performance Academy Margao 185,₹4558/month,"Bowling Machine, Video Analysis, Turf Nets, Gym",6:00 PM - 8:00 PM,10-15,Mixed,51,"BCCI Level 1, BCCI Level 2",3.9,362,False,"{""instagram"": ""https://instagram.com/royal-performance-academy-margao-185"", ""facebook"": ""https://facebook.com/royal-performance-academy-margao-185"", ""youtube"": ""https://youtube.com/@royal-performance-academy-margao-185""}"
cd7816ca-bf9d-49ff-ac72-df49c460b81a,Master Athletic Center Panaji 186,master-athletic-center-panaji-186,15.456055,73.789683,Professional Football coaching academy offering structured training programs.,Football,"Plot 306, Sports Hub, Panaji",Panaji,Goa,+919892098104,"https://maps.google.com/?q=15.456055,73.789683",https://picsum.photos/seed/master-athletic-center-panaji-186/800/600,Naveen Joshi,Football,7 Years,Master Athletic Center Panaji 186,₹3545/month,"Locker Rooms, Natural Grass Ground, Flood Lights, Fitness Center",6:00 AM - 8:00 AM,5-10,Mixed,48,"AIFF D License, AIFF C License",4.7,132,True,"{""instagram"": ""https://instagram.com/master-athletic-center-panaji-186"", ""facebook"": ""https://facebook.com/master-athletic-center-panaji-186"", ""youtube"": ""https://youtube.com/@master-athletic-center-panaji-186""}"
fbca017d-6d29-469c-a4ea-7f062a5dba8e,National Training Center Panaji 187,national-training-center-panaji-187,15.447086,73.82555,Professional Tennis coaching academy offering structured training programs.,Tennis,"Plot 195, Champions Street, Panaji",Panaji,Goa,+917344632067,"https://maps.google.com/?q=15.447086,73.82555",https://picsum.photos/seed/national-training-center-panaji-187/800/600,Harish Verma,Tennis,20 Years,National Training Center Panaji 187,₹7457/month,"Hard Court, Clay Court, Ball Machine, Fitness Center",4:00 PM - 6:00 PM,15-18,Mixed,65,AITA Certified Coach,4.6,332,False,"{""instagram"": ""https://instagram.com/national-training-center-panaji-187"", ""facebook"": ""https://facebook.com/national-training-center-panaji-187"", ""youtube"": ""https://youtube.com/@national-training-center-panaji-187""}"
be5254ce-2baa-41be-84c0-03046598f4e5,Pro Sports Institute Panaji 188,pro-sports-institute-panaji-188,15.446243,73.831116,Professional Basketball coaching academy offering structured training programs.,Basketball,"Plot 486, Central Park, Panaji",Panaji,Goa,+917228727428,"https://maps.google.com/?q=15.446243,73.831116",https://picsum.photos/seed/pro-sports-institute-panaji-188/800/600,Arjun Verma,Basketball,19 Years,Pro Sports Institute Panaji 188,₹4390/month,"Indoor Court, Outdoor Court, Locker Rooms, Fitness Center",4:00 PM - 6:00 PM,10-15,Mixed,26,Basketball Federation Certified,3.8,271,False,"{""instagram"": ""https://instagram.com/pro-sports-institute-panaji-188"", ""facebook"": ""https://facebook.com/pro-sports-institute-panaji-188"", ""youtube"": ""https://youtube.com/@pro-sports-institute-panaji-188""}"
3c4a4fee-f4da-4966-9ee0-b60cbdf0d4bf,Star Sports Club Panaji 189,star-sports-club-panaji-189,15.538547,73.845918,Professional Cricket coaching academy offering structured training programs.,Cricket,"Plot 366, Athletic Colony, Panaji",Panaji,Goa,+917875974257,"https://maps.google.com/?q=15.538547,73.845918",https://picsum.photos/seed/star-sports-club-panaji-189/800/600,Deepak Nair,Cricket,18 Years,Star Sports Club Panaji 189,₹5884/month,"Bowling Machine, Turf Nets, Video Analysis, Gym",6:00 PM - 8:00 PM,All Ages,Boys,76,"BCCI Level 1, BCCI Level 2",4.1,78,True,"{""instagram"": ""https://instagram.com/star-sports-club-panaji-189"", ""facebook"": ""https://facebook.com/star-sports-club-panaji-189"", ""youtube"": ""https://youtube.com/@star-sports-club-panaji-189""}"
5f18e7d4-6ba8-4a8b-9dfc-d3132d4d48c2,Pro Training Center Margao 190,pro-training-center-margao-190,15.325521,73.969259,Professional Tennis coaching academy offering structured training programs.,Tennis,"Plot 246, Ring Road, Margao",Margao,Goa,+918711007413,"https://maps.google.com/?q=15.325521,73.969259",https://picsum.photos/seed/pro-training-center-margao-190/800/600,Prakash Gupta,Tennis,24 Years,Pro Training Center Margao 190,₹10274/month,"Hard Court, Clay Court, Fitness Center, Ball Machine",4:00 PM - 6:00 PM,10-15,Boys,66,AITA Certified Coach,3.8,23,True,"{""instagram"": ""https://instagram.com/pro-training-center-margao-190"", ""facebook"": ""https://facebook.com/pro-training-center-margao-190"", ""youtube"": ""https://youtube.com/@pro-training-center-margao-190""}"
28a55aa0-9a21-44ff-8b33-c99eb86f7ce8,Master Performance Academy Panaji 191,master-performance-academy-panaji-191,15.491629,73.804171,Professional Cricket coaching academy offering structured training programs.,Cricket,"Plot 480, Central Park, Panaji",Panaji,Goa,+918487660804,"https://maps.google.com/?q=15.491629,73.804171",https://picsum.photos/seed/master-performance-academy-panaji-191/800/600,Lokesh Singh,Cricket,10 Years,Master Performance Academy Panaji 191,₹5494/month,"Turf Nets, Gym, Video Analysis, Bowling Machine",5:30 AM - 7:30 AM,5-10,Boys,66,"BCCI Level 1, BCCI Level 2",3.7,211,False,"{""instagram"": ""https://instagram.com/master-performance-academy-panaji-191"", ""facebook"": ""https://facebook.com/master-performance-academy-panaji-191"", ""youtube"": ""https://youtube.com/@master-performance-academy-panaji-191""}"
412e29ed-c818-4781-9c94-af02d9b04acc,Future Sports Academy Margao 192,future-sports-academy-margao-192,15.304416,73.993009,Professional Football coaching academy offering structured training programs.,Football,"Plot 705, Ring Road, Margao",Margao,Goa,+918487332238,"https://maps.google.com/?q=15.304416,73.993009",https://picsum.photos/seed/future-sports-academy-margao-192/800/600,Deepak Pillai,Football,19 Years,Future Sports Academy Margao 192,₹4223/month,"Fitness Center, Flood Lights, Locker Rooms, Natural Grass Ground",4:00 PM - 6:00 PM,10-15,Girls,54,"AIFF D License, AIFF C License",4.6,451,False,"{""instagram"": ""https://instagram.com/future-sports-academy-margao-192"", ""facebook"": ""https://facebook.com/future-sports-academy-margao-192"", ""youtube"": ""https://youtube.com/@future-sports-academy-margao-192""}"
75343352-5877-4d5a-862b-e151e1783cb8,Champion Sports Club Panaji 193,champion-sports-club-panaji-193,15.475174,73.860523,Professional Basketball coaching academy offering structured training programs.,Basketball,"Plot 404, Sports Nagar, Panaji",Panaji,Goa,+917115842417,"https://maps.google.com/?q=15.475174,73.860523",https://picsum.photos/seed/champion-sports-club-panaji-193/800/600,Suresh Reddy,Basketball,7 Years,Champion Sports Club Panaji 193,₹6332/month,"Fitness Center, Outdoor Court, Locker Rooms, Indoor Court",5:00 PM - 7:00 PM,5-10,Girls,92,Basketball Federation Certified,3.6,78,False,"{""instagram"": ""https://instagram.com/champion-sports-club-panaji-193"", ""facebook"": ""https://facebook.com/champion-sports-club-panaji-193"", ""youtube"": ""https://youtube.com/@champion-sports-club-panaji-193""}"
a1f3cf6b-50f4-43e4-a007-93ad3a023846,Future Sports Academy Panaji 194,future-sports-academy-panaji-194,15.50009,73.827273,Professional Basketball coaching academy offering structured training programs.,Basketball,"Plot 1, Stadium Road, Panaji",Panaji,Goa,+917568445878,"https://maps.google.com/?q=15.50009,73.827273",https://picsum.photos/seed/future-sports-academy-panaji-194/800/600,Naveen Reddy,Basketball,5 Years,Future Sports Academy Panaji 194,₹4315/month,"Indoor Court, Outdoor Court, Fitness Center, Locker Rooms",5:00 PM - 7:00 PM,10-15,Mixed,67,Basketball Federation Certified,3.8,136,False,"{""instagram"": ""https://instagram.com/future-sports-academy-panaji-194"", ""facebook"": ""https://facebook.com/future-sports-academy-panaji-194"", ""youtube"": ""https://youtube.com/@future-sports-academy-panaji-194""}"
fe0fe2b3-c4ce-43c7-9aa4-50a458b077f2,Victory Sports Academy Margao 195,victory-sports-academy-margao-195,15.308931,73.971147,Professional Badminton coaching academy offering structured training programs.,Badminton,"Plot 219, Victory Avenue, Margao",Margao,Goa,+919262875138,"https://maps.google.com/?q=15.308931,73.971147",https://picsum.photos/seed/victory-sports-academy-margao-195/800/600,Prakash Choudhary,Badminton,23 Years,Victory Sports Academy Margao 195,₹6282/month,"Shuttle Supply, Fitness Center, Wooden Courts, Indoor Courts",6:00 AM - 8:00 AM,5-10,Mixed,58,BAI Certified Coach,4.9,131,False,"{""instagram"": ""https://instagram.com/victory-sports-academy-margao-195"", ""facebook"": ""https://facebook.com/victory-sports-academy-margao-195"", ""youtube"": ""https://youtube.com/@victory-sports-academy-margao-195""}"
eaa236a6-a200-492d-8318-84c86183c164,Victory Athletic Center Margao 196,victory-athletic-center-margao-196,15.337886,73.967218,Professional Football coaching academy offering structured training programs.,Football,"Plot 425, Victory Avenue, Margao",Margao,Goa,+917035382056,"https://maps.google.com/?q=15.337886,73.967218",https://picsum.photos/seed/victory-athletic-center-margao-196/800/600,Naveen Pillai,Football,2 Years,Victory Athletic Center Margao 196,₹3192/month,"Training Cones, Flood Lights, Locker Rooms, Fitness Center",4:00 PM - 6:00 PM,All Ages,Mixed,26,"AIFF D License, AIFF C License",5.0,288,True,"{""instagram"": ""https://instagram.com/victory-athletic-center-margao-196"", ""facebook"": ""https://facebook.com/victory-athletic-center-margao-196"", ""youtube"": ""https://youtube.com/@victory-athletic-center-margao-196""}"
22549aed-de95-4a54-91da-98b9bf781f6e,National Sports Institute Panaji 197,national-sports-institute-panaji-197,15.520356,73.811984,Professional Badminton coaching academy offering structured training programs.,Badminton,"Plot 46, Sports Hub, Panaji",Panaji,Goa,+916960116107,"https://maps.google.com/?q=15.520356,73.811984",https://picsum.photos/seed/national-sports-institute-panaji-197/800/600,Rohit Gupta,Badminton,11 Years,National Sports Institute Panaji 197,₹2111/month,"Shuttle Supply, Fitness Center, Wooden Courts, Indoor Courts",5:30 AM - 7:30 AM,All Ages,Girls,29,BAI Certified Coach,4.7,489,True,"{""instagram"": ""https://instagram.com/national-sports-institute-panaji-197"", ""facebook"": ""https://facebook.com/national-sports-institute-panaji-197"", ""youtube"": ""https://youtube.com/@national-sports-institute-panaji-197""}"
dfe04fe2-b3fa-485d-ae4c-9b88ec0eda39,Legend Sports Club Panaji 198,legend-sports-club-panaji-198,15.450843,73.787767,Professional Basketball coaching academy offering structured training programs.,Basketball,"Plot 667, Central Park, Panaji",Panaji,Goa,+918559712159,"https://maps.google.com/?q=15.450843,73.787767",https://picsum.photos/seed/legend-sports-club-panaji-198/800/600,Rohit Reddy,Basketball,15 Years,Legend Sports Club Panaji 198,₹6779/month,"Indoor Court, Outdoor Court, Locker Rooms, Fitness Center",6:00 PM - 8:00 PM,All Ages,Girls,35,Basketball Federation Certified,5.0,321,False,"{""instagram"": ""https://instagram.com/legend-sports-club-panaji-198"", ""facebook"": ""https://facebook.com/legend-sports-club-panaji-198"", ""youtube"": ""https://youtube.com/@legend-sports-club-panaji-198""}"
bdd1d0fa-8570-43da-ad30-c735c3bf85c3,Master Athletic Center Margao 199,master-athletic-center-margao-199,15.256933,73.958209,Professional Football coaching academy offering structured training programs.,Football,"Plot 540, Stadium Road, Margao",Margao,Goa,+919936566742,"https://maps.google.com/?q=15.256933,73.958209",https://picsum.photos/seed/master-athletic-center-margao-199/800/600,Deepak Reddy,Football,6 Years,Master Athletic Center Margao 199,₹3942/month,"Training Cones, Flood Lights, Fitness Center, Natural Grass Ground",6:00 PM - 8:00 PM,5-10,Boys,84,"AIFF D License, AIFF C License",3.6,67,False,"{""instagram"": ""https://instagram.com/master-athletic-center-margao-199"", ""facebook"": ""https://facebook.com/master-athletic-center-margao-199"", ""youtube"": ""https://youtube.com/@master-athletic-center-margao-199""}"
a72e5314-c1ac-41bf-b2db-7e32e3dd704e,Future Performance Academy Panaji 200,future-performance-academy-panaji-200,15.484707,73.872051,Professional Basketball coaching academy offering structured training programs.,Basketball,"Plot 688, Sports Complex, Panaji",Panaji,Goa,+916012871991,"https://maps.google.com/?q=15.484707,73.872051",https://picsum.photos/seed/future-performance-academy-panaji-200/800/600,Arjun Kumar,Basketball,21 Years,Future Performance Academy Panaji 200,₹5181/month,"Outdoor Court, Fitness Center, Indoor Court, Locker Rooms",6:00 PM - 8:00 PM,All Ages,Boys,62,Basketball Federation Certified,3.8,305,True,"{""instagram"": ""https://instagram.com/future-performance-academy-panaji-200"", ""facebook"": ""https://facebook.com/future-performance-academy-panaji-200"", ""youtube"": ""https://youtube.com/@future-performance-academy-panaji-200""}"
06b193eb-4e0d-4d17-9e55-f8c0fbd02a6b,Elite Training Center Margao 201,elite-training-center-margao-201,15.321008,73.935865,Professional Athletics coaching academy offering structured training programs.,Athletics,"Plot 441, Central Park, Margao",Margao,Goa,+917602885853,"https://maps.google.com/?q=15.321008,73.935865",https://picsum.photos/seed/elite-training-center-margao-201/800/600,Arjun Gupta,Athletics,21 Years,Elite Training Center Margao 201,₹3232/month,"Gym, Running Track, Fitness Center, Recovery Zone",6:00 AM - 8:00 AM,10-15,Mixed,60,Athletics Federation Certified,4.3,33,True,"{""instagram"": ""https://instagram.com/elite-training-center-margao-201"", ""facebook"": ""https://facebook.com/elite-training-center-margao-201"", ""youtube"": ""https://youtube.com/@elite-training-center-margao-201""}"
641766f9-f4f2-410d-bce1-b9bb0bac38fd,Future Training Center Panaji 202,future-training-center-panaji-202,15.517474,73.813784,Professional Tennis coaching academy offering structured training programs.,Tennis,"Plot 374, Main Road, Panaji",Panaji,Goa,+918579135277,"https://maps.google.com/?q=15.517474,73.813784",https://picsum.photos/seed/future-training-center-panaji-202/800/600,Vikram Joshi,Tennis,20 Years,Future Training Center Panaji 202,₹10739/month,"Ball Machine, Clay Court, Hard Court, Fitness Center",5:00 PM - 7:00 PM,18+,Girls,39,AITA Certified Coach,3.6,12,False,"{""instagram"": ""https://instagram.com/future-training-center-panaji-202"", ""facebook"": ""https://facebook.com/future-training-center-panaji-202"", ""youtube"": ""https://youtube.com/@future-training-center-panaji-202""}"
b18e21f4-5b30-41f8-a529-6252f2fd6cea,Star Performance Academy Panaji 203,star-performance-academy-panaji-203,15.514868,73.829637,Professional Athletics coaching academy offering structured training programs.,Athletics,"Plot 296, Sports Nagar, Panaji",Panaji,Goa,+916938735824,"https://maps.google.com/?q=15.514868,73.829637",https://picsum.photos/seed/star-performance-academy-panaji-203/800/600,Deepak Mishra,Athletics,8 Years,Star Performance Academy Panaji 203,₹2615/month,"Running Track, Gym, Fitness Center, Recovery Zone",4:00 PM - 6:00 PM,18+,Girls,56,Athletics Federation Certified,4.6,188,True,"{""instagram"": ""https://instagram.com/star-performance-academy-panaji-203"", ""facebook"": ""https://facebook.com/star-performance-academy-panaji-203"", ""youtube"": ""https://youtube.com/@star-performance-academy-panaji-203""}"
c4e6a888-6368-45b9-a9df-41baae72b89d,Star Sports Institute Margao 204,star-sports-institute-margao-204,15.299871,74.000385,Professional Volleyball coaching academy offering structured training programs.,Volleyball,"Plot 484, Ring Road, Margao",Margao,Goa,+918209373236,"https://maps.google.com/?q=15.299871,74.000385",https://picsum.photos/seed/star-sports-institute-margao-204/800/600,Rahul Kumar,Volleyball,6 Years,Star Sports Institute Margao 204,₹3372/month,"Flood Lights, Fitness Center, Indoor Court, Sand Court",6:00 PM - 8:00 PM,All Ages,Boys,62,Volleyball Federation Certified,3.6,199,False,"{""instagram"": ""https://instagram.com/star-sports-institute-margao-204"", ""facebook"": ""https://facebook.com/star-sports-institute-margao-204"", ""youtube"": ""https://youtube.com/@star-sports-institute-margao-204""}"
2579dcee-651e-4537-9748-f6344e79a7bb,Legend Performance Academy Panaji 205,legend-performance-academy-panaji-205,15.492888,73.847282,Professional Football coaching academy offering structured training programs.,Football,"Plot 88, Sports Hub, Panaji",Panaji,Goa,+917016168100,"https://maps.google.com/?q=15.492888,73.847282",https://picsum.photos/seed/legend-performance-academy-panaji-205/800/600,Aman Gupta,Football,8 Years,Legend Performance Academy Panaji 205,₹7806/month,"Natural Grass Ground, Flood Lights, Locker Rooms, Training Cones",4:00 PM - 6:00 PM,18+,Boys,57,"AIFF D License, AIFF C License",4.4,484,False,"{""instagram"": ""https://instagram.com/legend-performance-academy-panaji-205"", ""facebook"": ""https://facebook.com/legend-performance-academy-panaji-205"", ""youtube"": ""https://youtube.com/@legend-performance-academy-panaji-205""}"
db71cf76-2e48-4242-92a4-bb64613b137f,Victory Sports Academy Margao 206,victory-sports-academy-margao-206,15.300635,73.921244,Professional Athletics coaching academy offering structured training programs.,Athletics,"Plot 313, Stadium Road, Margao",Margao,Goa,+916121324365,"https://maps.google.com/?q=15.300635,73.921244",https://picsum.photos/seed/victory-sports-academy-margao-206/800/600,Mahesh Sharma,Athletics,12 Years,Victory Sports Academy Margao 206,₹4801/month,"Running Track, Gym, Fitness Center, Recovery Zone",6:00 PM - 8:00 PM,18+,Boys,34,Athletics Federation Certified,3.6,181,True,"{""instagram"": ""https://instagram.com/victory-sports-academy-margao-206"", ""facebook"": ""https://facebook.com/victory-sports-academy-margao-206"", ""youtube"": ""https://youtube.com/@victory-sports-academy-margao-206""}"
b37de550-2dfd-4c7f-8f91-a79637c516b9,Dynamic Sports Institute Margao 207,dynamic-sports-institute-margao-207,15.265226,74.003137,Professional Football coaching academy offering structured training programs.,Football,"Plot 657, Ring Road, Margao",Margao,Goa,+919187866878,"https://maps.google.com/?q=15.265226,74.003137",https://picsum.photos/seed/dynamic-sports-institute-margao-207/800/600,Ajay Gupta,Football,22 Years,Dynamic Sports Institute Margao 207,₹3185/month,"Flood Lights, Natural Grass Ground, Fitness Center, Training Cones",5:30 AM - 7:30 AM,All Ages,Mixed,55,"AIFF D License, AIFF C License",4.0,81,True,"{""instagram"": ""https://instagram.com/dynamic-sports-institute-margao-207"", ""facebook"": ""https://facebook.com/dynamic-sports-institute-margao-207"", ""youtube"": ""https://youtube.com/@dynamic-sports-institute-margao-207""}"
fa529b43-cda7-4f76-b2a2-85ed86daceda,Future Sports Club Margao 208,future-sports-club-margao-208,15.336619,73.949811,Professional Badminton coaching academy offering structured training programs.,Badminton,"Plot 24, Sports Nagar, Margao",Margao,Goa,+919293856895,"https://maps.google.com/?q=15.336619,73.949811",https://picsum.photos/seed/future-sports-club-margao-208/800/600,Lokesh Yadav,Badminton,23 Years,Future Sports Club Margao 208,₹2944/month,"Indoor Courts, Shuttle Supply, Wooden Courts, Fitness Center",5:00 PM - 7:00 PM,18+,Girls,51,BAI Certified Coach,3.6,424,False,"{""instagram"": ""https://instagram.com/future-sports-club-margao-208"", ""facebook"": ""https://facebook.com/future-sports-club-margao-208"", ""youtube"": ""https://youtube.com/@future-sports-club-margao-208""}"
e1ca0a2a-532d-4589-b639-68b52b06ca6d,Star Performance Academy Panaji 209,star-performance-academy-panaji-209,15.523978,73.828693,Professional Volleyball coaching academy offering structured training programs.,Volleyball,"Plot 347, Stadium Road, Panaji",Panaji,Goa,+918942664062,"https://maps.google.com/?q=15.523978,73.828693",https://picsum.photos/seed/star-performance-academy-panaji-209/800/600,Naveen Patel,Volleyball,3 Years,Star Performance Academy Panaji 209,₹3361/month,"Fitness Center, Sand Court, Indoor Court, Flood Lights",5:30 AM - 7:30 AM,5-10,Girls,41,Volleyball Federation Certified,3.8,20,False,"{""instagram"": ""https://instagram.com/star-performance-academy-panaji-209"", ""facebook"": ""https://facebook.com/star-performance-academy-panaji-209"", ""youtube"": ""https://youtube.com/@star-performance-academy-panaji-209""}"
67089a27-b9d3-42f0-9d0b-e5c32082fb03,Champion Athletic Center Margao 210,champion-athletic-center-margao-210,15.25333,73.931646,Professional Swimming coaching academy offering structured training programs.,Swimming,"Plot 959, Victory Avenue, Margao",Margao,Goa,+916462550593,"https://maps.google.com/?q=15.25333,73.931646",https://picsum.photos/seed/champion-athletic-center-margao-210/800/600,Harish Choudhary,Swimming,23 Years,Champion Athletic Center Margao 210,₹5174/month,"Lifeguard Support, Olympic Pool, Changing Rooms, Kids Pool",4:00 PM - 6:00 PM,10-15,Mixed,44,Swimming Federation Certified,4.8,401,True,"{""instagram"": ""https://instagram.com/champion-athletic-center-margao-210"", ""facebook"": ""https://facebook.com/champion-athletic-center-margao-210"", ""youtube"": ""https://youtube.com/@champion-athletic-center-margao-210""}"
f45edcf9-c966-49d2-afc4-8183d8470079,Prime Sports Club Vadodara 211,prime-sports-club-vadodara-211,22.280883,73.199411,Professional Football coaching academy offering structured training programs.,Football,"Plot 341, Victory Avenue, Vadodara",Vadodara,Gujarat,+918759604345,"https://maps.google.com/?q=22.280883,73.199411",https://picsum.photos/seed/prime-sports-club-vadodara-211/800/600,Ravi Kumar,Football,22 Years,Prime Sports Club Vadodara 211,₹3244/month,"Fitness Center, Natural Grass Ground, Training Cones, Locker Rooms",6:00 PM - 8:00 PM,18+,Girls,90,"AIFF D License, AIFF C License",4.8,54,True,"{""instagram"": ""https://instagram.com/prime-sports-club-vadodara-211"", ""facebook"": ""https://facebook.com/prime-sports-club-vadodara-211"", ""youtube"": ""https://youtube.com/@prime-sports-club-vadodara-211""}"
08cf9a12-ab90-4edf-9ce9-1d4573cd678e,Royal Athletic Center Ahmedabad 212,royal-athletic-center-ahmedabad-212,23.063601,72.620937,Professional Swimming coaching academy offering structured training programs.,Swimming,"Plot 627, Stadium Road, Ahmedabad",Ahmedabad,Gujarat,+918952868605,"https://maps.google.com/?q=23.063601,72.620937",https://picsum.photos/seed/royal-athletic-center-ahmedabad-212/800/600,Rahul Verma,Swimming,2 Years,Royal Athletic Center Ahmedabad 212,₹8524/month,"Lifeguard Support, Changing Rooms, Olympic Pool, Kids Pool",6:00 AM - 8:00 AM,10-15,Mixed,79,Swimming Federation Certified,4.4,413,False,"{""instagram"": ""https://instagram.com/royal-athletic-center-ahmedabad-212"", ""facebook"": ""https://facebook.com/royal-athletic-center-ahmedabad-212"", ""youtube"": ""https://youtube.com/@royal-athletic-center-ahmedabad-212""}"
791734e0-f2bc-45ab-b811-f65020cff880,Dynamic Training Center Rajkot 213,dynamic-training-center-rajkot-213,22.285912,70.793887,Professional Cricket coaching academy offering structured training programs.,Cricket,"Plot 932, Sports Complex, Rajkot",Rajkot,Gujarat,+918003396177,"https://maps.google.com/?q=22.285912,70.793887",https://picsum.photos/seed/dynamic-training-center-rajkot-213/800/600,Aman Pillai,Cricket,19 Years,Dynamic Training Center Rajkot 213,₹6720/month,"Practice Pitch, Gym, Turf Nets, Bowling Machine",5:30 AM - 7:30 AM,18+,Girls,74,"BCCI Level 1, BCCI Level 2",4.2,307,True,"{""instagram"": ""https://instagram.com/dynamic-training-center-rajkot-213"", ""facebook"": ""https://facebook.com/dynamic-training-center-rajkot-213"", ""youtube"": ""https://youtube.com/@dynamic-training-center-rajkot-213""}"
ae3b5ea7-68ab-4327-a5d9-07edccc10575,Future Sports Club Vadodara 214,future-sports-club-vadodara-214,22.319222,73.131293,Professional Volleyball coaching academy offering structured training programs.,Volleyball,"Plot 370, Victory Avenue, Vadodara",Vadodara,Gujarat,+916830119251,"https://maps.google.com/?q=22.319222,73.131293",https://picsum.photos/seed/future-sports-club-vadodara-214/800/600,Aman Pillai,Volleyball,5 Years,Future Sports Club Vadodara 214,₹4543/month,"Fitness Center, Indoor Court, Flood Lights, Sand Court",6:00 PM - 8:00 PM,All Ages,Boys,37,Volleyball Federation Certified,3.6,368,True,"{""instagram"": ""https://instagram.com/future-sports-club-vadodara-214"", ""facebook"": ""https://facebook.com/future-sports-club-vadodara-214"", ""youtube"": ""https://youtube.com/@future-sports-club-vadodara-214""}"
2f13931b-20e4-406f-8da7-74cb5f7d274e,Victory Sports Institute Vadodara 215,victory-sports-institute-vadodara-215,22.330324,73.216725,Professional Cricket coaching academy offering structured training programs.,Cricket,"Plot 130, Athletic Colony, Vadodara",Vadodara,Gujarat,+918293462557,"https://maps.google.com/?q=22.330324,73.216725",https://picsum.photos/seed/victory-sports-institute-vadodara-215/800/600,Prakash Reddy,Cricket,21 Years,Victory Sports Institute Vadodara 215,₹4034/month,"Practice Pitch, Video Analysis, Bowling Machine, Turf Nets",4:00 PM - 6:00 PM,18+,Boys,47,"BCCI Level 1, BCCI Level 2",4.0,369,False,"{""instagram"": ""https://instagram.com/victory-sports-institute-vadodara-215"", ""facebook"": ""https://facebook.com/victory-sports-institute-vadodara-215"", ""youtube"": ""https://youtube.com/@victory-sports-institute-vadodara-215""}"
91c219e8-fae8-47c0-955f-4bf2f2a47bbd,Future Athletic Center Ahmedabad 216,future-athletic-center-ahmedabad-216,23.061135,72.565645,Professional Athletics coaching academy offering structured training programs.,Athletics,"Plot 866, Sports Nagar, Ahmedabad",Ahmedabad,Gujarat,+918245918832,"https://maps.google.com/?q=23.061135,72.565645",https://picsum.photos/seed/future-athletic-center-ahmedabad-216/800/600,Suresh Mishra,Athletics,15 Years,Future Athletic Center Ahmedabad 216,₹2000/month,"Running Track, Gym, Fitness Center, Recovery Zone",5:30 AM - 7:30 AM,15-18,Girls,33,Athletics Federation Certified,4.5,114,False,"{""instagram"": ""https://instagram.com/future-athletic-center-ahmedabad-216"", ""facebook"": ""https://facebook.com/future-athletic-center-ahmedabad-216"", ""youtube"": ""https://youtube.com/@future-athletic-center-ahmedabad-216""}"
05236592-3d7c-497f-82dd-b72af67a9dc4,Royal Sports Academy Rajkot 217,royal-sports-academy-rajkot-217,22.350471,70.821481,Professional Volleyball coaching academy offering structured training programs.,Volleyball,"Plot 254, Central Park, Rajkot",Rajkot,Gujarat,+919733196441,"https://maps.google.com/?q=22.350471,70.821481",https://picsum.photos/seed/royal-sports-academy-rajkot-217/800/600,Harish Mishra,Volleyball,4 Years,Royal Sports Academy Rajkot 217,₹5815/month,"Flood Lights, Sand Court, Indoor Court, Fitness Center",5:00 PM - 7:00 PM,5-10,Boys,27,Volleyball Federation Certified,4.2,412,True,"{""instagram"": ""https://instagram.com/royal-sports-academy-rajkot-217"", ""facebook"": ""https://facebook.com/royal-sports-academy-rajkot-217"", ""youtube"": ""https://youtube.com/@royal-sports-academy-rajkot-217""}"
ae82fff9-636e-444e-a704-3fa6fd299b72,Champion Performance Academy Rajkot 218,champion-performance-academy-rajkot-218,22.32043,70.851923,Professional Badminton coaching academy offering structured training programs.,Badminton,"Plot 85, Central Park, Rajkot",Rajkot,Gujarat,+918039659564,"https://maps.google.com/?q=22.32043,70.851923",https://picsum.photos/seed/champion-performance-academy-rajkot-218/800/600,Prakash Choudhary,Badminton,17 Years,Champion Performance Academy Rajkot 218,₹3444/month,"Shuttle Supply, Wooden Courts, Fitness Center, Indoor Courts",5:00 PM - 7:00 PM,18+,Boys,25,BAI Certified Coach,3.7,260,True,"{""instagram"": ""https://instagram.com/champion-performance-academy-rajkot-218"", ""facebook"": ""https://facebook.com/champion-performance-academy-rajkot-218"", ""youtube"": ""https://youtube.com/@champion-performance-academy-rajkot-218""}"
a1273883-94f8-4bd6-a115-f088c25f76e2,Royal Sports Institute Surat 219,royal-sports-institute-surat-219,21.160714,72.833792,Professional Athletics coaching academy offering structured training programs.,Athletics,"Plot 417, Victory Avenue, Surat",Surat,Gujarat,+917527487209,"https://maps.google.com/?q=21.160714,72.833792",https://picsum.photos/seed/royal-sports-institute-surat-219/800/600,Ravi Joshi,Athletics,22 Years,Royal Sports Institute Surat 219,₹4942/month,"Recovery Zone, Gym, Running Track, Fitness Center",5:30 AM - 7:30 AM,18+,Mixed,74,Athletics Federation Certified,4.2,72,True,"{""instagram"": ""https://instagram.com/royal-sports-institute-surat-219"", ""facebook"": ""https://facebook.com/royal-sports-institute-surat-219"", ""youtube"": ""https://youtube.com/@royal-sports-institute-surat-219""}"
65a4a378-a251-447d-9ef8-769e6c814855,National Performance Academy Ahmedabad 220,national-performance-academy-ahmedabad-220,23.064685,72.61639,Professional Tennis coaching academy offering structured training programs.,Tennis,"Plot 773, Sports Complex, Ahmedabad",Ahmedabad,Gujarat,+918044192453,"https://maps.google.com/?q=23.064685,72.61639",https://picsum.photos/seed/national-performance-academy-ahmedabad-220/800/600,Rohit Choudhary,Tennis,12 Years,National Performance Academy Ahmedabad 220,₹10962/month,"Ball Machine, Hard Court, Clay Court, Fitness Center",6:00 PM - 8:00 PM,All Ages,Boys,73,AITA Certified Coach,3.7,295,False,"{""instagram"": ""https://instagram.com/national-performance-academy-ahmedabad-220"", ""facebook"": ""https://facebook.com/national-performance-academy-ahmedabad-220"", ""youtube"": ""https://youtube.com/@national-performance-academy-ahmedabad-220""}"
cf338dfc-32df-4b15-8dfa-0b842ff9974d,Victory Training Center Ahmedabad 221,victory-training-center-ahmedabad-221,23.016297,72.588515,Professional Football coaching academy offering structured training programs.,Football,"Plot 992, Sports Nagar, Ahmedabad",Ahmedabad,Gujarat,+917780356172,"https://maps.google.com/?q=23.016297,72.588515",https://picsum.photos/seed/victory-training-center-ahmedabad-221/800/600,Tarun Nair,Football,25 Years,Victory Training Center Ahmedabad 221,₹4592/month,"Flood Lights, Locker Rooms, Training Cones, Natural Grass Ground",6:00 PM - 8:00 PM,All Ages,Mixed,66,"AIFF D License, AIFF C License",4.7,248,False,"{""instagram"": ""https://instagram.com/victory-training-center-ahmedabad-221"", ""facebook"": ""https://facebook.com/victory-training-center-ahmedabad-221"", ""youtube"": ""https://youtube.com/@victory-training-center-ahmedabad-221""}"
6dc7e563-5d27-4174-a8d4-88ac062d75f5,Dynamic Athletic Center Ahmedabad 222,dynamic-athletic-center-ahmedabad-222,23.057165,72.534844,Professional Badminton coaching academy offering structured training programs.,Badminton,"Plot 162, Champions Street, Ahmedabad",Ahmedabad,Gujarat,+916856703081,"https://maps.google.com/?q=23.057165,72.534844",https://picsum.photos/seed/dynamic-athletic-center-ahmedabad-222/800/600,Lokesh Choudhary,Badminton,12 Years,Dynamic Athletic Center Ahmedabad 222,₹5681/month,"Wooden Courts, Indoor Courts, Fitness Center, Shuttle Supply",5:00 PM - 7:00 PM,15-18,Mixed,89,BAI Certified Coach,4.9,300,False,"{""instagram"": ""https://instagram.com/dynamic-athletic-center-ahmedabad-222"", ""facebook"": ""https://facebook.com/dynamic-athletic-center-ahmedabad-222"", ""youtube"": ""https://youtube.com/@dynamic-athletic-center-ahmedabad-222""}"
e4ab85bc-cc79-4f39-bc6a-c648bf975a8c,Star Sports Institute Ahmedabad 223,star-sports-institute-ahmedabad-223,23.05724,72.589251,Professional Cricket coaching academy offering structured training programs.,Cricket,"Plot 625, Sports Hub, Ahmedabad",Ahmedabad,Gujarat,+919466680556,"https://maps.google.com/?q=23.05724,72.589251",https://picsum.photos/seed/star-sports-institute-ahmedabad-223/800/600,Harish Patel,Cricket,11 Years,Star Sports Institute Ahmedabad 223,₹5746/month,"Gym, Bowling Machine, Turf Nets, Video Analysis",5:00 PM - 7:00 PM,18+,Mixed,21,"BCCI Level 1, BCCI Level 2",4.2,440,False,"{""instagram"": ""https://instagram.com/star-sports-institute-ahmedabad-223"", ""facebook"": ""https://facebook.com/star-sports-institute-ahmedabad-223"", ""youtube"": ""https://youtube.com/@star-sports-institute-ahmedabad-223""}"
f8ea031a-8448-408c-b708-ea9b0fb3b418,Future Sports Academy Vadodara 224,future-sports-academy-vadodara-224,22.346431,73.188988,Professional Athletics coaching academy offering structured training programs.,Athletics,"Plot 33, Champions Street, Vadodara",Vadodara,Gujarat,+916971419521,"https://maps.google.com/?q=22.346431,73.188988",https://picsum.photos/seed/future-sports-academy-vadodara-224/800/600,Aman Yadav,Athletics,25 Years,Future Sports Academy Vadodara 224,₹3740/month,"Running Track, Fitness Center, Recovery Zone, Gym",4:00 PM - 6:00 PM,10-15,Girls,64,Athletics Federation Certified,3.9,112,True,"{""instagram"": ""https://instagram.com/future-sports-academy-vadodara-224"", ""facebook"": ""https://facebook.com/future-sports-academy-vadodara-224"", ""youtube"": ""https://youtube.com/@future-sports-academy-vadodara-224""}"
9a49c54f-a6d7-46b3-a1b7-57be9126c96b,Champion Sports Academy Rajkot 225,champion-sports-academy-rajkot-225,22.328971,70.791596,Professional Volleyball coaching academy offering structured training programs.,Volleyball,"Plot 775, Sports Nagar, Rajkot",Rajkot,Gujarat,+916793306478,"https://maps.google.com/?q=22.328971,70.791596",https://picsum.photos/seed/champion-sports-academy-rajkot-225/800/600,Mahesh Gupta,Volleyball,20 Years,Champion Sports Academy Rajkot 225,₹5722/month,"Fitness Center, Sand Court, Indoor Court, Flood Lights",6:00 PM - 8:00 PM,5-10,Boys,90,Volleyball Federation Certified,4.8,352,False,"{""instagram"": ""https://instagram.com/champion-sports-academy-rajkot-225"", ""facebook"": ""https://facebook.com/champion-sports-academy-rajkot-225"", ""youtube"": ""https://youtube.com/@champion-sports-academy-rajkot-225""}"
2ca24ab5-cee4-47ca-a34e-fc71582087d8,Star Sports Club Ahmedabad 226,star-sports-club-ahmedabad-226,23.018475,72.586308,Professional Football coaching academy offering structured training programs.,Football,"Plot 662, Sports Complex, Ahmedabad",Ahmedabad,Gujarat,+919661091240,"https://maps.google.com/?q=23.018475,72.586308",https://picsum.photos/seed/star-sports-club-ahmedabad-226/800/600,Ajay Gupta,Football,11 Years,Star Sports Club Ahmedabad 226,₹5874/month,"Flood Lights, Locker Rooms, Training Cones, Fitness Center",6:00 AM - 8:00 AM,15-18,Girls,87,"AIFF D License, AIFF C License",4.5,25,False,"{""instagram"": ""https://instagram.com/star-sports-club-ahmedabad-226"", ""facebook"": ""https://facebook.com/star-sports-club-ahmedabad-226"", ""youtube"": ""https://youtube.com/@star-sports-club-ahmedabad-226""}"
ee8c71c9-38aa-4b08-b9d7-bae0445e8298,National Sports Club Vadodara 227,national-sports-club-vadodara-227,22.322948,73.190482,Professional Tennis coaching academy offering structured training programs.,Tennis,"Plot 789, Athletic Colony, Vadodara",Vadodara,Gujarat,+916535942156,"https://maps.google.com/?q=22.322948,73.190482",https://picsum.photos/seed/national-sports-club-vadodara-227/800/600,Vikram Mishra,Tennis,9 Years,National Sports Club Vadodara 227,₹8908/month,"Fitness Center, Hard Court, Clay Court, Ball Machine",5:00 PM - 7:00 PM,18+,Girls,85,AITA Certified Coach,4.9,213,False,"{""instagram"": ""https://instagram.com/national-sports-club-vadodara-227"", ""facebook"": ""https://facebook.com/national-sports-club-vadodara-227"", ""youtube"": ""https://youtube.com/@national-sports-club-vadodara-227""}"
4e82a794-f03e-4678-a2a6-3dd2a372a707,Champion Sports Academy Rajkot 228,champion-sports-academy-rajkot-228,22.321451,70.758696,Professional Tennis coaching academy offering structured training programs.,Tennis,"Plot 640, Central Park, Rajkot",Rajkot,Gujarat,+918776349153,"https://maps.google.com/?q=22.321451,70.758696",https://picsum.photos/seed/champion-sports-academy-rajkot-228/800/600,Suresh Rao,Tennis,17 Years,Champion Sports Academy Rajkot 228,₹5951/month,"Fitness Center, Clay Court, Ball Machine, Hard Court",6:00 PM - 8:00 PM,10-15,Mixed,59,AITA Certified Coach,4.8,375,False,"{""instagram"": ""https://instagram.com/champion-sports-academy-rajkot-228"", ""facebook"": ""https://facebook.com/champion-sports-academy-rajkot-228"", ""youtube"": ""https://youtube.com/@champion-sports-academy-rajkot-228""}"
a75a8e72-f7d9-4ae6-a8eb-2399792915c9,Future Athletic Center Vadodara 229,future-athletic-center-vadodara-229,22.28809,73.229774,Professional Swimming coaching academy offering structured training programs.,Swimming,"Plot 414, Victory Avenue, Vadodara",Vadodara,Gujarat,+918952670935,"https://maps.google.com/?q=22.28809,73.229774",https://picsum.photos/seed/future-athletic-center-vadodara-229/800/600,Kiran Patel,Swimming,23 Years,Future Athletic Center Vadodara 229,₹7957/month,"Kids Pool, Changing Rooms, Lifeguard Support, Olympic Pool",6:00 AM - 8:00 AM,18+,Girls,71,Swimming Federation Certified,4.7,420,False,"{""instagram"": ""https://instagram.com/future-athletic-center-vadodara-229"", ""facebook"": ""https://facebook.com/future-athletic-center-vadodara-229"", ""youtube"": ""https://youtube.com/@future-athletic-center-vadodara-229""}"
fae69855-7d19-4640-b0c5-dcc887bcdaf8,Champion Training Center Surat 230,champion-training-center-surat-230,21.135718,72.838347,Professional Football coaching academy offering structured training programs.,Football,"Plot 642, Ring Road, Surat",Surat,Gujarat,+919160129579,"https://maps.google.com/?q=21.135718,72.838347",https://picsum.photos/seed/champion-training-center-surat-230/800/600,Ajay Yadav,Football,20 Years,Champion Training Center Surat 230,₹2629/month,"Fitness Center, Flood Lights, Locker Rooms, Natural Grass Ground",6:00 PM - 8:00 PM,15-18,Girls,61,"AIFF D License, AIFF C License",4.6,470,True,"{""instagram"": ""https://instagram.com/champion-training-center-surat-230"", ""facebook"": ""https://facebook.com/champion-training-center-surat-230"", ""youtube"": ""https://youtube.com/@champion-training-center-surat-230""}"
46b7fc9c-a187-4f8b-82c6-39b9db3a5e41,Star Sports Club Vadodara 231,star-sports-club-vadodara-231,22.259658,73.176829,Professional Tennis coaching academy offering structured training programs.,Tennis,"Plot 823, Ring Road, Vadodara",Vadodara,Gujarat,+917445861442,"https://maps.google.com/?q=22.259658,73.176829",https://picsum.photos/seed/star-sports-club-vadodara-231/800/600,Rahul Pillai,Tennis,21 Years,Star Sports Club Vadodara 231,₹4370/month,"Ball Machine, Clay Court, Fitness Center, Hard Court",6:00 AM - 8:00 AM,5-10,Mixed,28,AITA Certified Coach,4.1,276,True,"{""instagram"": ""https://instagram.com/star-sports-club-vadodara-231"", ""facebook"": ""https://facebook.com/star-sports-club-vadodara-231"", ""youtube"": ""https://youtube.com/@star-sports-club-vadodara-231""}"
e4193879-ec46-42d0-88bc-507962d1a487,Dynamic Sports Institute Ahmedabad 232,dynamic-sports-institute-ahmedabad-232,23.015477,72.595109,Professional Basketball coaching academy offering structured training programs.,Basketball,"Plot 460, Sports Hub, Ahmedabad",Ahmedabad,Gujarat,+916096643068,"https://maps.google.com/?q=23.015477,72.595109",https://picsum.photos/seed/dynamic-sports-institute-ahmedabad-232/800/600,Suresh Verma,Basketball,21 Years,Dynamic Sports Institute Ahmedabad 232,₹5927/month,"Fitness Center, Outdoor Court, Indoor Court, Locker Rooms",4:00 PM - 6:00 PM,All Ages,Boys,90,Basketball Federation Certified,4.7,161,True,"{""instagram"": ""https://instagram.com/dynamic-sports-institute-ahmedabad-232"", ""facebook"": ""https://facebook.com/dynamic-sports-institute-ahmedabad-232"", ""youtube"": ""https://youtube.com/@dynamic-sports-institute-ahmedabad-232""}"
a3907400-8595-4a8a-9775-4b790b5023da,Master Sports Club Surat 233,master-sports-club-surat-233,21.124162,72.82823,Professional Basketball coaching academy offering structured training programs.,Basketball,"Plot 389, Athletic Colony, Surat",Surat,Gujarat,+917928392089,"https://maps.google.com/?q=21.124162,72.82823",https://picsum.photos/seed/master-sports-club-surat-233/800/600,Rahul Reddy,Basketball,16 Years,Master Sports Club Surat 233,₹6420/month,"Indoor Court, Locker Rooms, Fitness Center, Outdoor Court",5:30 AM - 7:30 AM,5-10,Boys,46,Basketball Federation Certified,4.6,267,True,"{""instagram"": ""https://instagram.com/master-sports-club-surat-233"", ""facebook"": ""https://facebook.com/master-sports-club-surat-233"", ""youtube"": ""https://youtube.com/@master-sports-club-surat-233""}"
6bbb14f1-42db-4383-8dac-d917ecc0c206,Pro Training Center Surat 234,pro-training-center-surat-234,21.172893,72.791325,Professional Athletics coaching academy offering structured training programs.,Athletics,"Plot 949, Sports Hub, Surat",Surat,Gujarat,+916186877014,"https://maps.google.com/?q=21.172893,72.791325",https://picsum.photos/seed/pro-training-center-surat-234/800/600,Prakash Mishra,Athletics,23 Years,Pro Training Center Surat 234,₹1575/month,"Fitness Center, Running Track, Recovery Zone, Gym",6:00 PM - 8:00 PM,18+,Girls,22,Athletics Federation Certified,5.0,105,True,"{""instagram"": ""https://instagram.com/pro-training-center-surat-234"", ""facebook"": ""https://facebook.com/pro-training-center-surat-234"", ""youtube"": ""https://youtube.com/@pro-training-center-surat-234""}"
53d6e940-d9e5-411d-b308-c44da613a0b2,Elite Performance Academy Vadodara 235,elite-performance-academy-vadodara-235,22.345863,73.164193,Professional Basketball coaching academy offering structured training programs.,Basketball,"Plot 350, Central Park, Vadodara",Vadodara,Gujarat,+916554793640,"https://maps.google.com/?q=22.345863,73.164193",https://picsum.photos/seed/elite-performance-academy-vadodara-235/800/600,Sanjay Reddy,Basketball,2 Years,Elite Performance Academy Vadodara 235,₹6305/month,"Locker Rooms, Indoor Court, Outdoor Court, Fitness Center",5:30 AM - 7:30 AM,10-15,Girls,87,Basketball Federation Certified,3.7,148,True,"{""instagram"": ""https://instagram.com/elite-performance-academy-vadodara-235"", ""facebook"": ""https://facebook.com/elite-performance-academy-vadodara-235"", ""youtube"": ""https://youtube.com/@elite-performance-academy-vadodara-235""}"
c49ee499-ed34-4138-9d7a-1dc4b1b84c0b,National Training Center Surat 236,national-training-center-surat-236,21.206332,72.785687,Professional Tennis coaching academy offering structured training programs.,Tennis,"Plot 623, Central Park, Surat",Surat,Gujarat,+916351836256,"https://maps.google.com/?q=21.206332,72.785687",https://picsum.photos/seed/national-training-center-surat-236/800/600,Rohit Joshi,Tennis,6 Years,National Training Center Surat 236,₹11501/month,"Hard Court, Ball Machine, Fitness Center, Clay Court",5:30 AM - 7:30 AM,18+,Girls,72,AITA Certified Coach,3.9,299,True,"{""instagram"": ""https://instagram.com/national-training-center-surat-236"", ""facebook"": ""https://facebook.com/national-training-center-surat-236"", ""youtube"": ""https://youtube.com/@national-training-center-surat-236""}"
9dcb3ed1-eef7-405c-bcc0-4ccea2ebc3f6,Royal Training Center Ahmedabad 237,royal-training-center-ahmedabad-237,23.031919,72.61121,Professional Volleyball coaching academy offering structured training programs.,Volleyball,"Plot 153, Sports Hub, Ahmedabad",Ahmedabad,Gujarat,+918492971960,"https://maps.google.com/?q=23.031919,72.61121",https://picsum.photos/seed/royal-training-center-ahmedabad-237/800/600,Rohit Verma,Volleyball,19 Years,Royal Training Center Ahmedabad 237,₹3128/month,"Indoor Court, Flood Lights, Fitness Center, Sand Court",6:00 AM - 8:00 AM,10-15,Girls,100,Volleyball Federation Certified,4.2,400,False,"{""instagram"": ""https://instagram.com/royal-training-center-ahmedabad-237"", ""facebook"": ""https://facebook.com/royal-training-center-ahmedabad-237"", ""youtube"": ""https://youtube.com/@royal-training-center-ahmedabad-237""}"
c521836e-3e17-4431-bd99-f449338494ba,Victory Sports Club Ahmedabad 238,victory-sports-club-ahmedabad-238,23.058075,72.524827,Professional Tennis coaching academy offering structured training programs.,Tennis,"Plot 881, Main Road, Ahmedabad",Ahmedabad,Gujarat,+919482189211,"https://maps.google.com/?q=23.058075,72.524827",https://picsum.photos/seed/victory-sports-club-ahmedabad-238/800/600,Ravi Reddy,Tennis,14 Years,Victory Sports Club Ahmedabad 238,₹4553/month,"Hard Court, Clay Court, Ball Machine, Fitness Center",5:00 PM - 7:00 PM,15-18,Mixed,36,AITA Certified Coach,4.0,44,True,"{""instagram"": ""https://instagram.com/victory-sports-club-ahmedabad-238"", ""facebook"": ""https://facebook.com/victory-sports-club-ahmedabad-238"", ""youtube"": ""https://youtube.com/@victory-sports-club-ahmedabad-238""}"
c2dc2549-7584-47ac-9d64-fc27ef0a8b60,Star Sports Institute Rajkot 239,star-sports-institute-rajkot-239,22.266409,70.820524,Professional Badminton coaching academy offering structured training programs.,Badminton,"Plot 89, Victory Avenue, Rajkot",Rajkot,Gujarat,+917545336812,"https://maps.google.com/?q=22.266409,70.820524",https://picsum.photos/seed/star-sports-institute-rajkot-239/800/600,Kiran Mishra,Badminton,13 Years,Star Sports Institute Rajkot 239,₹2189/month,"Shuttle Supply, Wooden Courts, Indoor Courts, Fitness Center",4:00 PM - 6:00 PM,18+,Boys,66,BAI Certified Coach,3.7,322,True,"{""instagram"": ""https://instagram.com/star-sports-institute-rajkot-239"", ""facebook"": ""https://facebook.com/star-sports-institute-rajkot-239"", ""youtube"": ""https://youtube.com/@star-sports-institute-rajkot-239""}"
6df187a6-ceef-4015-8012-c49b24f2b6a2,Master Sports Club Rajkot 240,master-sports-club-rajkot-240,22.313743,70.8485,Professional Basketball coaching academy offering structured training programs.,Basketball,"Plot 665, Main Road, Rajkot",Rajkot,Gujarat,+919540784862,"https://maps.google.com/?q=22.313743,70.8485",https://picsum.photos/seed/master-sports-club-rajkot-240/800/600,Naveen Kumar,Basketball,11 Years,Master Sports Club Rajkot 240,₹2911/month,"Indoor Court, Locker Rooms, Outdoor Court, Fitness Center",6:00 PM - 8:00 PM,All Ages,Boys,22,Basketball Federation Certified,4.1,296,False,"{""instagram"": ""https://instagram.com/master-sports-club-rajkot-240"", ""facebook"": ""https://facebook.com/master-sports-club-rajkot-240"", ""youtube"": ""https://youtube.com/@master-sports-club-rajkot-240""}"
da8fa6e2-659b-42b0-b3e1-ca98d9d37f6a,Pro Sports Institute Surat 241,pro-sports-institute-surat-241,21.198526,72.791431,Professional Swimming coaching academy offering structured training programs.,Swimming,"Plot 142, Champions Street, Surat",Surat,Gujarat,+919314696019,"https://maps.google.com/?q=21.198526,72.791431",https://picsum.photos/seed/pro-sports-institute-surat-241/800/600,Arjun Sharma,Swimming,14 Years,Pro Sports Institute Surat 241,₹6372/month,"Olympic Pool, Kids Pool, Changing Rooms, Lifeguard Support",5:00 PM - 7:00 PM,15-18,Boys,89,Swimming Federation Certified,4.6,56,False,"{""instagram"": ""https://instagram.com/pro-sports-institute-surat-241"", ""facebook"": ""https://facebook.com/pro-sports-institute-surat-241"", ""youtube"": ""https://youtube.com/@pro-sports-institute-surat-241""}"
c8c2f4c0-41ea-47df-93fd-ec88c6568ed5,Legend Sports Academy Ahmedabad 242,legend-sports-academy-ahmedabad-242,22.987041,72.526394,Professional Swimming coaching academy offering structured training programs.,Swimming,"Plot 12, Sports Nagar, Ahmedabad",Ahmedabad,Gujarat,+919154545339,"https://maps.google.com/?q=22.987041,72.526394",https://picsum.photos/seed/legend-sports-academy-ahmedabad-242/800/600,Arjun Rao,Swimming,22 Years,Legend Sports Academy Ahmedabad 242,₹8663/month,"Olympic Pool, Kids Pool, Lifeguard Support, Changing Rooms",6:00 PM - 8:00 PM,All Ages,Girls,95,Swimming Federation Certified,4.2,455,True,"{""instagram"": ""https://instagram.com/legend-sports-academy-ahmedabad-242"", ""facebook"": ""https://facebook.com/legend-sports-academy-ahmedabad-242"", ""youtube"": ""https://youtube.com/@legend-sports-academy-ahmedabad-242""}"
2ef7ebe2-1ddf-44e5-8162-63fc083c8d07,Future Sports Academy Vadodara 243,future-sports-academy-vadodara-243,22.33399,73.131781,Professional Football coaching academy offering structured training programs.,Football,"Plot 362, Victory Avenue, Vadodara",Vadodara,Gujarat,+916337095819,"https://maps.google.com/?q=22.33399,73.131781",https://picsum.photos/seed/future-sports-academy-vadodara-243/800/600,Kiran Yadav,Football,5 Years,Future Sports Academy Vadodara 243,₹4350/month,"Fitness Center, Training Cones, Natural Grass Ground, Flood Lights",6:00 PM - 8:00 PM,All Ages,Girls,24,"AIFF D License, AIFF C License",3.8,340,True,"{""instagram"": ""https://instagram.com/future-sports-academy-vadodara-243"", ""facebook"": ""https://facebook.com/future-sports-academy-vadodara-243"", ""youtube"": ""https://youtube.com/@future-sports-academy-vadodara-243""}"
a201015d-31ba-4aca-8ef7-fbe49e750b44,Future Sports Club Rajkot 244,future-sports-club-rajkot-244,22.281715,70.797705,Professional Volleyball coaching academy offering structured training programs.,Volleyball,"Plot 527, Athletic Colony, Rajkot",Rajkot,Gujarat,+918510861067,"https://maps.google.com/?q=22.281715,70.797705",https://picsum.photos/seed/future-sports-club-rajkot-244/800/600,Mahesh Kumar,Volleyball,25 Years,Future Sports Club Rajkot 244,₹5425/month,"Fitness Center, Indoor Court, Sand Court, Flood Lights",4:00 PM - 6:00 PM,All Ages,Girls,25,Volleyball Federation Certified,3.5,370,True,"{""instagram"": ""https://instagram.com/future-sports-club-rajkot-244"", ""facebook"": ""https://facebook.com/future-sports-club-rajkot-244"", ""youtube"": ""https://youtube.com/@future-sports-club-rajkot-244""}"
03245bb5-6af8-487d-85a2-86c2c899aa4a,Victory Sports Institute Vadodara 245,victory-sports-institute-vadodara-245,22.331016,73.186622,Professional Volleyball coaching academy offering structured training programs.,Volleyball,"Plot 760, Central Park, Vadodara",Vadodara,Gujarat,+918940546566,"https://maps.google.com/?q=22.331016,73.186622",https://picsum.photos/seed/victory-sports-institute-vadodara-245/800/600,Prakash Reddy,Volleyball,3 Years,Victory Sports Institute Vadodara 245,₹4521/month,"Sand Court, Flood Lights, Fitness Center, Indoor Court",6:00 AM - 8:00 AM,18+,Mixed,74,Volleyball Federation Certified,4.2,246,True,"{""instagram"": ""https://instagram.com/victory-sports-institute-vadodara-245"", ""facebook"": ""https://facebook.com/victory-sports-institute-vadodara-245"", ""youtube"": ""https://youtube.com/@victory-sports-institute-vadodara-245""}"
33b00580-dbc1-45f6-ae8f-d79e4182f5b8,National Sports Club Faridabad 246,national-sports-club-faridabad-246,28.434222,77.316037,Professional Basketball coaching academy offering structured training programs.,Basketball,"Plot 54, Athletic Colony, Faridabad",Faridabad,Haryana,+916800514259,"https://maps.google.com/?q=28.434222,77.316037",https://picsum.photos/seed/national-sports-club-faridabad-246/800/600,Deepak Joshi,Basketball,23 Years,National Sports Club Faridabad 246,₹5053/month,"Locker Rooms, Outdoor Court, Fitness Center, Indoor Court",4:00 PM - 6:00 PM,All Ages,Boys,92,Basketball Federation Certified,4.6,351,True,"{""instagram"": ""https://instagram.com/national-sports-club-faridabad-246"", ""facebook"": ""https://facebook.com/national-sports-club-faridabad-246"", ""youtube"": ""https://youtube.com/@national-sports-club-faridabad-246""}"
3daa0bf1-f617-4810-bdf7-de39f6f6e036,Royal Sports Institute Gurugram 247,royal-sports-institute-gurugram-247,28.453793,76.977778,Professional Football coaching academy offering structured training programs.,Football,"Plot 175, Stadium Road, Gurugram",Gurugram,Haryana,+916383781976,"https://maps.google.com/?q=28.453793,76.977778",https://picsum.photos/seed/royal-sports-institute-gurugram-247/800/600,Deepak Reddy,Football,15 Years,Royal Sports Institute Gurugram 247,₹6391/month,"Flood Lights, Training Cones, Locker Rooms, Natural Grass Ground",4:00 PM - 6:00 PM,10-15,Girls,61,"AIFF D License, AIFF C License",4.5,171,True,"{""instagram"": ""https://instagram.com/royal-sports-institute-gurugram-247"", ""facebook"": ""https://facebook.com/royal-sports-institute-gurugram-247"", ""youtube"": ""https://youtube.com/@royal-sports-institute-gurugram-247""}"
14b260e1-4677-475f-92b2-eeaf443ba1a1,Master Sports Institute Hisar 248,master-sports-institute-hisar-248,29.138026,75.768079,Professional Badminton coaching academy offering structured training programs.,Badminton,"Plot 742, Athletic Colony, Hisar",Hisar,Haryana,+916181250435,"https://maps.google.com/?q=29.138026,75.768079",https://picsum.photos/seed/master-sports-institute-hisar-248/800/600,Prakash Choudhary,Badminton,9 Years,Master Sports Institute Hisar 248,₹4059/month,"Shuttle Supply, Fitness Center, Indoor Courts, Wooden Courts",6:00 PM - 8:00 PM,18+,Girls,41,BAI Certified Coach,4.8,365,False,"{""instagram"": ""https://instagram.com/master-sports-institute-hisar-248"", ""facebook"": ""https://facebook.com/master-sports-institute-hisar-248"", ""youtube"": ""https://youtube.com/@master-sports-institute-hisar-248""}"
272278fa-c245-4a67-a3b2-60f021b287d0,Elite Sports Club Gurugram 249,elite-sports-club-gurugram-249,28.428313,77.071321,Professional Cricket coaching academy offering structured training programs.,Cricket,"Plot 746, Victory Avenue, Gurugram",Gurugram,Haryana,+916462374719,"https://maps.google.com/?q=28.428313,77.071321",https://picsum.photos/seed/elite-sports-club-gurugram-249/800/600,Vikram Verma,Cricket,16 Years,Elite Sports Club Gurugram 249,₹5995/month,"Video Analysis, Gym, Turf Nets, Practice Pitch",4:00 PM - 6:00 PM,All Ages,Mixed,86,"BCCI Level 1, BCCI Level 2",4.6,66,False,"{""instagram"": ""https://instagram.com/elite-sports-club-gurugram-249"", ""facebook"": ""https://facebook.com/elite-sports-club-gurugram-249"", ""youtube"": ""https://youtube.com/@elite-sports-club-gurugram-249""}"
ce8a07ac-ba8d-4840-84eb-41e97d695deb,Prime Athletic Center Gurugram 250,prime-athletic-center-gurugram-250,28.417724,76.983046,Professional Football coaching academy offering structured training programs.,Football,"Plot 258, Ring Road, Gurugram",Gurugram,Haryana,+919091539574,"https://maps.google.com/?q=28.417724,76.983046",https://picsum.photos/seed/prime-athletic-center-gurugram-250/800/600,Aman Reddy,Football,20 Years,Prime Athletic Center Gurugram 250,₹4970/month,"Natural Grass Ground, Training Cones, Flood Lights, Fitness Center",4:00 PM - 6:00 PM,All Ages,Mixed,97,"AIFF D License, AIFF C License",4.8,104,True,"{""instagram"": ""https://instagram.com/prime-athletic-center-gurugram-250"", ""facebook"": ""https://facebook.com/prime-athletic-center-gurugram-250"", ""youtube"": ""https://youtube.com/@prime-athletic-center-gurugram-250""}"
c02c99d8-cfe0-4649-ac0d-b8cd00391fb2,Star Sports Club Hisar 251,star-sports-club-hisar-251,29.126153,75.695618,Professional Basketball coaching academy offering structured training programs.,Basketball,"Plot 185, Athletic Colony, Hisar",Hisar,Haryana,+919216586968,"https://maps.google.com/?q=29.126153,75.695618",https://picsum.photos/seed/star-sports-club-hisar-251/800/600,Suresh Joshi,Basketball,12 Years,Star Sports Club Hisar 251,₹3851/month,"Outdoor Court, Locker Rooms, Indoor Court, Fitness Center",6:00 AM - 8:00 AM,10-15,Girls,99,Basketball Federation Certified,4.2,395,True,"{""instagram"": ""https://instagram.com/star-sports-club-hisar-251"", ""facebook"": ""https://facebook.com/star-sports-club-hisar-251"", ""youtube"": ""https://youtube.com/@star-sports-club-hisar-251""}"
a86265d2-8781-484d-9074-1c50a0b48584,Champion Training Center Gurugram 252,champion-training-center-gurugram-252,28.422276,77.043183,Professional Volleyball coaching academy offering structured training programs.,Volleyball,"Plot 250, Stadium Road, Gurugram",Gurugram,Haryana,+916344044917,"https://maps.google.com/?q=28.422276,77.043183",https://picsum.photos/seed/champion-training-center-gurugram-252/800/600,Mahesh Nair,Volleyball,9 Years,Champion Training Center Gurugram 252,₹5188/month,"Sand Court, Indoor Court, Fitness Center, Flood Lights",6:00 AM - 8:00 AM,5-10,Girls,89,Volleyball Federation Certified,4.3,436,False,"{""instagram"": ""https://instagram.com/champion-training-center-gurugram-252"", ""facebook"": ""https://facebook.com/champion-training-center-gurugram-252"", ""youtube"": ""https://youtube.com/@champion-training-center-gurugram-252""}"
f409b219-add4-429c-a2fb-8244feab6442,Champion Athletic Center Faridabad 253,champion-athletic-center-faridabad-253,28.412714,77.306669,Professional Cricket coaching academy offering structured training programs.,Cricket,"Plot 674, Sports Nagar, Faridabad",Faridabad,Haryana,+918227970778,"https://maps.google.com/?q=28.412714,77.306669",https://picsum.photos/seed/champion-athletic-center-faridabad-253/800/600,Mahesh Yadav,Cricket,7 Years,Champion Athletic Center Faridabad 253,₹4869/month,"Video Analysis, Bowling Machine, Gym, Practice Pitch",6:00 PM - 8:00 PM,18+,Boys,84,"BCCI Level 1, BCCI Level 2",4.3,155,True,"{""instagram"": ""https://instagram.com/champion-athletic-center-faridabad-253"", ""facebook"": ""https://facebook.com/champion-athletic-center-faridabad-253"", ""youtube"": ""https://youtube.com/@champion-athletic-center-faridabad-253""}"
d751788d-d1d8-4845-b43b-7031291309ac,National Sports Club Gurugram 254,national-sports-club-gurugram-254,28.491503,77.066884,Professional Cricket coaching academy offering structured training programs.,Cricket,"Plot 402, Main Road, Gurugram",Gurugram,Haryana,+918342184951,"https://maps.google.com/?q=28.491503,77.066884",https://picsum.photos/seed/national-sports-club-gurugram-254/800/600,Vikram Verma,Cricket,11 Years,National Sports Club Gurugram 254,₹7481/month,"Gym, Practice Pitch, Turf Nets, Video Analysis",4:00 PM - 6:00 PM,5-10,Girls,92,"BCCI Level 1, BCCI Level 2",4.5,490,False,"{""instagram"": ""https://instagram.com/national-sports-club-gurugram-254"", ""facebook"": ""https://facebook.com/national-sports-club-gurugram-254"", ""youtube"": ""https://youtube.com/@national-sports-club-gurugram-254""}"
852bf4f8-d4ff-43c1-b34d-dd2875961abc,National Training Center Gurugram 255,national-training-center-gurugram-255,28.448021,77.065321,Professional Cricket coaching academy offering structured training programs.,Cricket,"Plot 931, Athletic Colony, Gurugram",Gurugram,Haryana,+919557517361,"https://maps.google.com/?q=28.448021,77.065321",https://picsum.photos/seed/national-training-center-gurugram-255/800/600,Harish Pillai,Cricket,25 Years,National Training Center Gurugram 255,₹7618/month,"Gym, Bowling Machine, Practice Pitch, Turf Nets",6:00 AM - 8:00 AM,All Ages,Boys,62,"BCCI Level 1, BCCI Level 2",4.5,10,True,"{""instagram"": ""https://instagram.com/national-training-center-gurugram-255"", ""facebook"": ""https://facebook.com/national-training-center-gurugram-255"", ""youtube"": ""https://youtube.com/@national-training-center-gurugram-255""}"
25763632-008c-447b-a753-538db2189ad6,Legend Sports Club Hisar 256,legend-sports-club-hisar-256,29.162228,75.747695,Professional Basketball coaching academy offering structured training programs.,Basketball,"Plot 70, Stadium Road, Hisar",Hisar,Haryana,+917070814683,"https://maps.google.com/?q=29.162228,75.747695",https://picsum.photos/seed/legend-sports-club-hisar-256/800/600,Aman Verma,Basketball,13 Years,Legend Sports Club Hisar 256,₹3438/month,"Indoor Court, Locker Rooms, Outdoor Court, Fitness Center",5:00 PM - 7:00 PM,5-10,Girls,79,Basketball Federation Certified,4.0,310,True,"{""instagram"": ""https://instagram.com/legend-sports-club-hisar-256"", ""facebook"": ""https://facebook.com/legend-sports-club-hisar-256"", ""youtube"": ""https://youtube.com/@legend-sports-club-hisar-256""}"
7dc2505f-5fe9-41c6-bcd0-cc3e643d70ca,Royal Performance Academy Hisar 257,royal-performance-academy-hisar-257,29.102382,75.750846,Professional Swimming coaching academy offering structured training programs.,Swimming,"Plot 878, Ring Road, Hisar",Hisar,Haryana,+919703927482,"https://maps.google.com/?q=29.102382,75.750846",https://picsum.photos/seed/royal-performance-academy-hisar-257/800/600,Suresh Joshi,Swimming,24 Years,Royal Performance Academy Hisar 257,₹7064/month,"Kids Pool, Lifeguard Support, Changing Rooms, Olympic Pool",5:30 AM - 7:30 AM,5-10,Girls,67,Swimming Federation Certified,4.3,281,True,"{""instagram"": ""https://instagram.com/royal-performance-academy-hisar-257"", ""facebook"": ""https://facebook.com/royal-performance-academy-hisar-257"", ""youtube"": ""https://youtube.com/@royal-performance-academy-hisar-257""}"
1ae436eb-b071-4720-9ea0-4fd9243782d2,Pro Athletic Center Hisar 258,pro-athletic-center-hisar-258,29.101018,75.739284,Professional Athletics coaching academy offering structured training programs.,Athletics,"Plot 50, Sports Nagar, Hisar",Hisar,Haryana,+916496085081,"https://maps.google.com/?q=29.101018,75.739284",https://picsum.photos/seed/pro-athletic-center-hisar-258/800/600,Naveen Choudhary,Athletics,7 Years,Pro Athletic Center Hisar 258,₹3834/month,"Recovery Zone, Running Track, Fitness Center, Gym",6:00 PM - 8:00 PM,5-10,Girls,66,Athletics Federation Certified,4.7,77,False,"{""instagram"": ""https://instagram.com/pro-athletic-center-hisar-258"", ""facebook"": ""https://facebook.com/pro-athletic-center-hisar-258"", ""youtube"": ""https://youtube.com/@pro-athletic-center-hisar-258""}"
5c4c6c6e-bd76-424e-9dff-bae5394df981,Star Sports Institute Faridabad 259,star-sports-institute-faridabad-259,28.445634,77.287657,Professional Tennis coaching academy offering structured training programs.,Tennis,"Plot 36, Central Park, Faridabad",Faridabad,Haryana,+916710001905,"https://maps.google.com/?q=28.445634,77.287657",https://picsum.photos/seed/star-sports-institute-faridabad-259/800/600,Arjun Patel,Tennis,16 Years,Star Sports Institute Faridabad 259,₹7319/month,"Fitness Center, Ball Machine, Hard Court, Clay Court",5:30 AM - 7:30 AM,18+,Boys,58,AITA Certified Coach,4.1,375,True,"{""instagram"": ""https://instagram.com/star-sports-institute-faridabad-259"", ""facebook"": ""https://facebook.com/star-sports-institute-faridabad-259"", ""youtube"": ""https://youtube.com/@star-sports-institute-faridabad-259""}"
31dc1845-ee2c-42d5-adba-292e43c1b5be,Master Performance Academy Hisar 260,master-performance-academy-hisar-260,29.16882,75.764316,Professional Tennis coaching academy offering structured training programs.,Tennis,"Plot 533, Victory Avenue, Hisar",Hisar,Haryana,+917875950664,"https://maps.google.com/?q=29.16882,75.764316",https://picsum.photos/seed/master-performance-academy-hisar-260/800/600,Arjun Pillai,Tennis,7 Years,Master Performance Academy Hisar 260,₹5351/month,"Fitness Center, Hard Court, Ball Machine, Clay Court",6:00 AM - 8:00 AM,18+,Mixed,42,AITA Certified Coach,4.3,240,False,"{""instagram"": ""https://instagram.com/master-performance-academy-hisar-260"", ""facebook"": ""https://facebook.com/master-performance-academy-hisar-260"", ""youtube"": ""https://youtube.com/@master-performance-academy-hisar-260""}"
7f97c745-3e1d-4d7a-b167-d80be900ecc9,Star Sports Institute Gurugram 261,star-sports-institute-gurugram-261,28.461998,77.039585,Professional Swimming coaching academy offering structured training programs.,Swimming,"Plot 409, Ring Road, Gurugram",Gurugram,Haryana,+917427318584,"https://maps.google.com/?q=28.461998,77.039585",https://picsum.photos/seed/star-sports-institute-gurugram-261/800/600,Rohit Reddy,Swimming,11 Years,Star Sports Institute Gurugram 261,₹5448/month,"Kids Pool, Olympic Pool, Changing Rooms, Lifeguard Support",4:00 PM - 6:00 PM,5-10,Girls,78,Swimming Federation Certified,4.5,266,True,"{""instagram"": ""https://instagram.com/star-sports-institute-gurugram-261"", ""facebook"": ""https://facebook.com/star-sports-institute-gurugram-261"", ""youtube"": ""https://youtube.com/@star-sports-institute-gurugram-261""}"
d50a4fd4-06f6-419e-8713-4c0c202cadec,Prime Sports Club Faridabad 262,prime-sports-club-faridabad-262,28.374102,77.360338,Professional Volleyball coaching academy offering structured training programs.,Volleyball,"Plot 749, Athletic Colony, Faridabad",Faridabad,Haryana,+918647742278,"https://maps.google.com/?q=28.374102,77.360338",https://picsum.photos/seed/prime-sports-club-faridabad-262/800/600,Mahesh Joshi,Volleyball,18 Years,Prime Sports Club Faridabad 262,₹2755/month,"Fitness Center, Sand Court, Flood Lights, Indoor Court",6:00 AM - 8:00 AM,5-10,Mixed,78,Volleyball Federation Certified,4.5,21,True,"{""instagram"": ""https://instagram.com/prime-sports-club-faridabad-262"", ""facebook"": ""https://facebook.com/prime-sports-club-faridabad-262"", ""youtube"": ""https://youtube.com/@prime-sports-club-faridabad-262""}"
06bfec62-0e7a-48db-96e2-fb8f94f28430,National Performance Academy Faridabad 263,national-performance-academy-faridabad-263,28.368718,77.356266,Professional Basketball coaching academy offering structured training programs.,Basketball,"Plot 650, Sports Nagar, Faridabad",Faridabad,Haryana,+916819789823,"https://maps.google.com/?q=28.368718,77.356266",https://picsum.photos/seed/national-performance-academy-faridabad-263/800/600,Sanjay Reddy,Basketball,8 Years,National Performance Academy Faridabad 263,₹4212/month,"Locker Rooms, Fitness Center, Outdoor Court, Indoor Court",6:00 AM - 8:00 AM,5-10,Boys,27,Basketball Federation Certified,4.1,251,False,"{""instagram"": ""https://instagram.com/national-performance-academy-faridabad-263"", ""facebook"": ""https://facebook.com/national-performance-academy-faridabad-263"", ""youtube"": ""https://youtube.com/@national-performance-academy-faridabad-263""}"
6114189b-db6a-4829-9d19-2520eb57b153,Royal Athletic Center Faridabad 264,royal-athletic-center-faridabad-264,28.388804,77.34201,Professional Swimming coaching academy offering structured training programs.,Swimming,"Plot 300, Ring Road, Faridabad",Faridabad,Haryana,+916818786909,"https://maps.google.com/?q=28.388804,77.34201",https://picsum.photos/seed/royal-athletic-center-faridabad-264/800/600,Ravi Kumar,Swimming,11 Years,Royal Athletic Center Faridabad 264,₹8852/month,"Olympic Pool, Kids Pool, Lifeguard Support, Changing Rooms",4:00 PM - 6:00 PM,5-10,Girls,26,Swimming Federation Certified,4.4,415,True,"{""instagram"": ""https://instagram.com/royal-athletic-center-faridabad-264"", ""facebook"": ""https://facebook.com/royal-athletic-center-faridabad-264"", ""youtube"": ""https://youtube.com/@royal-athletic-center-faridabad-264""}"
5f00804a-3572-47ff-aebf-edd3f5107c1c,Elite Sports Club Faridabad 265,elite-sports-club-faridabad-265,28.411759,77.336637,Professional Volleyball coaching academy offering structured training programs.,Volleyball,"Plot 339, Sports Complex, Faridabad",Faridabad,Haryana,+919065633303,"https://maps.google.com/?q=28.411759,77.336637",https://picsum.photos/seed/elite-sports-club-faridabad-265/800/600,Ajay Pillai,Volleyball,22 Years,Elite Sports Club Faridabad 265,₹5942/month,"Indoor Court, Sand Court, Flood Lights, Fitness Center",5:30 AM - 7:30 AM,15-18,Mixed,47,Volleyball Federation Certified,4.6,457,True,"{""instagram"": ""https://instagram.com/elite-sports-club-faridabad-265"", ""facebook"": ""https://facebook.com/elite-sports-club-faridabad-265"", ""youtube"": ""https://youtube.com/@elite-sports-club-faridabad-265""}"
7f8cf27b-5769-4b73-8944-e91c1fac9b35,Master Athletic Center Gurugram 266,master-athletic-center-gurugram-266,28.452933,77.048328,Professional Athletics coaching academy offering structured training programs.,Athletics,"Plot 763, Sports Hub, Gurugram",Gurugram,Haryana,+919953068281,"https://maps.google.com/?q=28.452933,77.048328",https://picsum.photos/seed/master-athletic-center-gurugram-266/800/600,Ravi Rao,Athletics,25 Years,Master Athletic Center Gurugram 266,₹1803/month,"Gym, Running Track, Recovery Zone, Fitness Center",6:00 AM - 8:00 AM,5-10,Girls,66,Athletics Federation Certified,3.8,251,False,"{""instagram"": ""https://instagram.com/master-athletic-center-gurugram-266"", ""facebook"": ""https://facebook.com/master-athletic-center-gurugram-266"", ""youtube"": ""https://youtube.com/@master-athletic-center-gurugram-266""}"
e8245274-5db8-4c5e-8143-20e4818d9988,National Athletic Center Faridabad 267,national-athletic-center-faridabad-267,28.394606,77.328872,Professional Swimming coaching academy offering structured training programs.,Swimming,"Plot 265, Main Road, Faridabad",Faridabad,Haryana,+918213069533,"https://maps.google.com/?q=28.394606,77.328872",https://picsum.photos/seed/national-athletic-center-faridabad-267/800/600,Aman Pillai,Swimming,6 Years,National Athletic Center Faridabad 267,₹6546/month,"Lifeguard Support, Kids Pool, Changing Rooms, Olympic Pool",4:00 PM - 6:00 PM,All Ages,Boys,48,Swimming Federation Certified,4.0,220,True,"{""instagram"": ""https://instagram.com/national-athletic-center-faridabad-267"", ""facebook"": ""https://facebook.com/national-athletic-center-faridabad-267"", ""youtube"": ""https://youtube.com/@national-athletic-center-faridabad-267""}"
5f6488e1-2888-4459-b47e-e5a00ae0cc75,Pro Training Center Hisar 268,pro-training-center-hisar-268,29.116747,75.747739,Professional Swimming coaching academy offering structured training programs.,Swimming,"Plot 288, Main Road, Hisar",Hisar,Haryana,+916423505425,"https://maps.google.com/?q=29.116747,75.747739",https://picsum.photos/seed/pro-training-center-hisar-268/800/600,Prakash Patel,Swimming,10 Years,Pro Training Center Hisar 268,₹6826/month,"Lifeguard Support, Olympic Pool, Changing Rooms, Kids Pool",5:00 PM - 7:00 PM,All Ages,Girls,68,Swimming Federation Certified,4.8,495,True,"{""instagram"": ""https://instagram.com/pro-training-center-hisar-268"", ""facebook"": ""https://facebook.com/pro-training-center-hisar-268"", ""youtube"": ""https://youtube.com/@pro-training-center-hisar-268""}"
c8e63050-4754-4d16-ade3-1fc05560f686,Dynamic Training Center Faridabad 269,dynamic-training-center-faridabad-269,28.411448,77.300542,Professional Athletics coaching academy offering structured training programs.,Athletics,"Plot 281, Central Park, Faridabad",Faridabad,Haryana,+918243899648,"https://maps.google.com/?q=28.411448,77.300542",https://picsum.photos/seed/dynamic-training-center-faridabad-269/800/600,Naveen Rao,Athletics,23 Years,Dynamic Training Center Faridabad 269,₹3805/month,"Running Track, Recovery Zone, Gym, Fitness Center",5:00 PM - 7:00 PM,18+,Girls,20,Athletics Federation Certified,4.2,271,True,"{""instagram"": ""https://instagram.com/dynamic-training-center-faridabad-269"", ""facebook"": ""https://facebook.com/dynamic-training-center-faridabad-269"", ""youtube"": ""https://youtube.com/@dynamic-training-center-faridabad-269""}"
cb28fbbd-ebca-4106-b599-6cc9d2152f49,Victory Training Center Faridabad 270,victory-training-center-faridabad-270,28.415885,77.29583,Professional Cricket coaching academy offering structured training programs.,Cricket,"Plot 803, Main Road, Faridabad",Faridabad,Haryana,+917169068276,"https://maps.google.com/?q=28.415885,77.29583",https://picsum.photos/seed/victory-training-center-faridabad-270/800/600,Ravi Verma,Cricket,4 Years,Victory Training Center Faridabad 270,₹4197/month,"Bowling Machine, Practice Pitch, Video Analysis, Gym",6:00 AM - 8:00 AM,5-10,Mixed,46,"BCCI Level 1, BCCI Level 2",5.0,120,True,"{""instagram"": ""https://instagram.com/victory-training-center-faridabad-270"", ""facebook"": ""https://facebook.com/victory-training-center-faridabad-270"", ""youtube"": ""https://youtube.com/@victory-training-center-faridabad-270""}"
25ed8ce5-0ff9-4ef6-bc5d-17c1aaedb9f6,Future Sports Club Hisar 271,future-sports-club-hisar-271,29.188764,75.755617,Professional Football coaching academy offering structured training programs.,Football,"Plot 431, Champions Street, Hisar",Hisar,Haryana,+919453171369,"https://maps.google.com/?q=29.188764,75.755617",https://picsum.photos/seed/future-sports-club-hisar-271/800/600,Deepak Rao,Football,7 Years,Future Sports Club Hisar 271,₹4812/month,"Fitness Center, Training Cones, Flood Lights, Natural Grass Ground",6:00 AM - 8:00 AM,10-15,Boys,97,"AIFF D License, AIFF C License",3.9,90,False,"{""instagram"": ""https://instagram.com/future-sports-club-hisar-271"", ""facebook"": ""https://facebook.com/future-sports-club-hisar-271"", ""youtube"": ""https://youtube.com/@future-sports-club-hisar-271""}"
5776c315-8bbc-4cfb-962c-2a3b55f62e79,Champion Athletic Center Hisar 272,champion-athletic-center-hisar-272,29.192098,75.719756,Professional Badminton coaching academy offering structured training programs.,Badminton,"Plot 867, Ring Road, Hisar",Hisar,Haryana,+918836415736,"https://maps.google.com/?q=29.192098,75.719756",https://picsum.photos/seed/champion-athletic-center-hisar-272/800/600,Ajay Gupta,Badminton,22 Years,Champion Athletic Center Hisar 272,₹6979/month,"Wooden Courts, Indoor Courts, Fitness Center, Shuttle Supply",5:00 PM - 7:00 PM,5-10,Girls,39,BAI Certified Coach,4.5,264,False,"{""instagram"": ""https://instagram.com/champion-athletic-center-hisar-272"", ""facebook"": ""https://facebook.com/champion-athletic-center-hisar-272"", ""youtube"": ""https://youtube.com/@champion-athletic-center-hisar-272""}"
e19ee39c-643b-44cb-8f46-918b830d522f,Future Athletic Center Faridabad 273,future-athletic-center-faridabad-273,28.380835,77.29716,Professional Swimming coaching academy offering structured training programs.,Swimming,"Plot 228, Sports Hub, Faridabad",Faridabad,Haryana,+917580167495,"https://maps.google.com/?q=28.380835,77.29716",https://picsum.photos/seed/future-athletic-center-faridabad-273/800/600,Lokesh Yadav,Swimming,13 Years,Future Athletic Center Faridabad 273,₹4921/month,"Lifeguard Support, Olympic Pool, Changing Rooms, Kids Pool",4:00 PM - 6:00 PM,10-15,Boys,35,Swimming Federation Certified,4.7,252,True,"{""instagram"": ""https://instagram.com/future-athletic-center-faridabad-273"", ""facebook"": ""https://facebook.com/future-athletic-center-faridabad-273"", ""youtube"": ""https://youtube.com/@future-athletic-center-faridabad-273""}"
a17beab2-c84b-4a68-8863-9c23db7f7c7c,Dynamic Athletic Center Gurugram 274,dynamic-athletic-center-gurugram-274,28.424802,77.016674,Professional Volleyball coaching academy offering structured training programs.,Volleyball,"Plot 438, Sports Nagar, Gurugram",Gurugram,Haryana,+919830445541,"https://maps.google.com/?q=28.424802,77.016674",https://picsum.photos/seed/dynamic-athletic-center-gurugram-274/800/600,Kiran Kumar,Volleyball,14 Years,Dynamic Athletic Center Gurugram 274,₹3124/month,"Sand Court, Fitness Center, Indoor Court, Flood Lights",4:00 PM - 6:00 PM,5-10,Girls,39,Volleyball Federation Certified,4.4,76,True,"{""instagram"": ""https://instagram.com/dynamic-athletic-center-gurugram-274"", ""facebook"": ""https://facebook.com/dynamic-athletic-center-gurugram-274"", ""youtube"": ""https://youtube.com/@dynamic-athletic-center-gurugram-274""}"
dd6d9ed0-420e-4ea4-a2fa-420327e35f48,Dynamic Performance Academy Faridabad 275,dynamic-performance-academy-faridabad-275,28.395607,77.301947,Professional Tennis coaching academy offering structured training programs.,Tennis,"Plot 211, Sports Nagar, Faridabad",Faridabad,Haryana,+918638414669,"https://maps.google.com/?q=28.395607,77.301947",https://picsum.photos/seed/dynamic-performance-academy-faridabad-275/800/600,Ravi Kumar,Tennis,2 Years,Dynamic Performance Academy Faridabad 275,₹9467/month,"Clay Court, Fitness Center, Ball Machine, Hard Court",4:00 PM - 6:00 PM,18+,Boys,23,AITA Certified Coach,3.9,402,False,"{""instagram"": ""https://instagram.com/dynamic-performance-academy-faridabad-275"", ""facebook"": ""https://facebook.com/dynamic-performance-academy-faridabad-275"", ""youtube"": ""https://youtube.com/@dynamic-performance-academy-faridabad-275""}"
fcbf6e2b-e54f-4fa7-b27c-ea7a91efaf13,Royal Sports Academy Hisar 276,royal-sports-academy-hisar-276,29.17586,75.685132,Professional Badminton coaching academy offering structured training programs.,Badminton,"Plot 312, Sports Complex, Hisar",Hisar,Haryana,+918070104730,"https://maps.google.com/?q=29.17586,75.685132",https://picsum.photos/seed/royal-sports-academy-hisar-276/800/600,Prakash Verma,Badminton,14 Years,Royal Sports Academy Hisar 276,₹2811/month,"Wooden Courts, Fitness Center, Indoor Courts, Shuttle Supply",5:00 PM - 7:00 PM,5-10,Boys,33,BAI Certified Coach,4.8,107,False,"{""instagram"": ""https://instagram.com/royal-sports-academy-hisar-276"", ""facebook"": ""https://facebook.com/royal-sports-academy-hisar-276"", ""youtube"": ""https://youtube.com/@royal-sports-academy-hisar-276""}"
9763b018-54e7-48a6-ba38-5b3c61f96a38,Legend Training Center Faridabad 277,legend-training-center-faridabad-277,28.435801,77.365797,Professional Swimming coaching academy offering structured training programs.,Swimming,"Plot 506, Central Park, Faridabad",Faridabad,Haryana,+917563033524,"https://maps.google.com/?q=28.435801,77.365797",https://picsum.photos/seed/legend-training-center-faridabad-277/800/600,Ajay Nair,Swimming,18 Years,Legend Training Center Faridabad 277,₹5930/month,"Lifeguard Support, Changing Rooms, Kids Pool, Olympic Pool",5:30 AM - 7:30 AM,15-18,Mixed,99,Swimming Federation Certified,4.4,287,False,"{""instagram"": ""https://instagram.com/legend-training-center-faridabad-277"", ""facebook"": ""https://facebook.com/legend-training-center-faridabad-277"", ""youtube"": ""https://youtube.com/@legend-training-center-faridabad-277""}"
0a76fe65-d8f4-4ef8-9686-4a00e65232d9,Master Athletic Center Gurugram 278,master-athletic-center-gurugram-278,28.432723,76.990969,Professional Athletics coaching academy offering structured training programs.,Athletics,"Plot 349, Sports Complex, Gurugram",Gurugram,Haryana,+917121544762,"https://maps.google.com/?q=28.432723,76.990969",https://picsum.photos/seed/master-athletic-center-gurugram-278/800/600,Harish Patel,Athletics,11 Years,Master Athletic Center Gurugram 278,₹4627/month,"Recovery Zone, Gym, Running Track, Fitness Center",5:30 AM - 7:30 AM,18+,Girls,65,Athletics Federation Certified,4.7,232,True,"{""instagram"": ""https://instagram.com/master-athletic-center-gurugram-278"", ""facebook"": ""https://facebook.com/master-athletic-center-gurugram-278"", ""youtube"": ""https://youtube.com/@master-athletic-center-gurugram-278""}"
5ad2dce6-e658-4c29-b370-f0910a05a135,Champion Sports Club Faridabad 279,champion-sports-club-faridabad-279,28.438887,77.307705,Professional Badminton coaching academy offering structured training programs.,Badminton,"Plot 614, Sports Hub, Faridabad",Faridabad,Haryana,+917455793646,"https://maps.google.com/?q=28.438887,77.307705",https://picsum.photos/seed/champion-sports-club-faridabad-279/800/600,Harish Verma,Badminton,12 Years,Champion Sports Club Faridabad 279,₹3273/month,"Fitness Center, Indoor Courts, Wooden Courts, Shuttle Supply",5:30 AM - 7:30 AM,15-18,Girls,92,BAI Certified Coach,3.9,486,False,"{""instagram"": ""https://instagram.com/champion-sports-club-faridabad-279"", ""facebook"": ""https://facebook.com/champion-sports-club-faridabad-279"", ""youtube"": ""https://youtube.com/@champion-sports-club-faridabad-279""}"
ddb76257-f0ba-40d2-b05d-723f21ff9aa9,Star Training Center Faridabad 280,star-training-center-faridabad-280,28.421137,77.357551,Professional Swimming coaching academy offering structured training programs.,Swimming,"Plot 133, Athletic Colony, Faridabad",Faridabad,Haryana,+917098000695,"https://maps.google.com/?q=28.421137,77.357551",https://picsum.photos/seed/star-training-center-faridabad-280/800/600,Deepak Choudhary,Swimming,7 Years,Star Training Center Faridabad 280,₹4704/month,"Kids Pool, Olympic Pool, Lifeguard Support, Changing Rooms",5:00 PM - 7:00 PM,5-10,Girls,25,Swimming Federation Certified,4.1,291,True,"{""instagram"": ""https://instagram.com/star-training-center-faridabad-280"", ""facebook"": ""https://facebook.com/star-training-center-faridabad-280"", ""youtube"": ""https://youtube.com/@star-training-center-faridabad-280""}"
9faeee5a-ef7c-449b-a686-a96c5d8f032c,Future Athletic Center Shimla 281,future-athletic-center-shimla-281,31.115215,77.197243,Professional Volleyball coaching academy offering structured training programs.,Volleyball,"Plot 38, Sports Nagar, Shimla",Shimla,Himachal Pradesh,+918903604534,"https://maps.google.com/?q=31.115215,77.197243",https://picsum.photos/seed/future-athletic-center-shimla-281/800/600,Vikram Verma,Volleyball,24 Years,Future Athletic Center Shimla 281,₹3985/month,"Sand Court, Indoor Court, Flood Lights, Fitness Center",4:00 PM - 6:00 PM,10-15,Mixed,94,Volleyball Federation Certified,3.7,369,True,"{""instagram"": ""https://instagram.com/future-athletic-center-shimla-281"", ""facebook"": ""https://facebook.com/future-athletic-center-shimla-281"", ""youtube"": ""https://youtube.com/@future-athletic-center-shimla-281""}"
9fb02e68-5f1b-4996-8d0f-6ecdd6707536,Pro Sports Academy Dharamshala 282,pro-sports-academy-dharamshala-282,32.172798,76.340361,Professional Athletics coaching academy offering structured training programs.,Athletics,"Plot 216, Central Park, Dharamshala",Dharamshala,Himachal Pradesh,+918956141275,"https://maps.google.com/?q=32.172798,76.340361",https://picsum.photos/seed/pro-sports-academy-dharamshala-282/800/600,Lokesh Verma,Athletics,6 Years,Pro Sports Academy Dharamshala 282,₹4164/month,"Gym, Recovery Zone, Fitness Center, Running Track",4:00 PM - 6:00 PM,15-18,Girls,87,Athletics Federation Certified,4.4,297,False,"{""instagram"": ""https://instagram.com/pro-sports-academy-dharamshala-282"", ""facebook"": ""https://facebook.com/pro-sports-academy-dharamshala-282"", ""youtube"": ""https://youtube.com/@pro-sports-academy-dharamshala-282""}"
60f9c91c-86d8-4e53-a194-699006c5b5e0,National Performance Academy Shimla 283,national-performance-academy-shimla-283,31.13996,77.185099,Professional Volleyball coaching academy offering structured training programs.,Volleyball,"Plot 893, Main Road, Shimla",Shimla,Himachal Pradesh,+919656742171,"https://maps.google.com/?q=31.13996,77.185099",https://picsum.photos/seed/national-performance-academy-shimla-283/800/600,Harish Mishra,Volleyball,4 Years,National Performance Academy Shimla 283,₹3056/month,"Flood Lights, Indoor Court, Fitness Center, Sand Court",4:00 PM - 6:00 PM,18+,Mixed,88,Volleyball Federation Certified,4.0,127,True,"{""instagram"": ""https://instagram.com/national-performance-academy-shimla-283"", ""facebook"": ""https://facebook.com/national-performance-academy-shimla-283"", ""youtube"": ""https://youtube.com/@national-performance-academy-shimla-283""}"
86c9029d-502e-475d-9a98-d13165c920c1,Future Training Center Dharamshala 284,future-training-center-dharamshala-284,32.193637,76.335262,Professional Basketball coaching academy offering structured training programs.,Basketball,"Plot 891, Stadium Road, Dharamshala",Dharamshala,Himachal Pradesh,+919203162763,"https://maps.google.com/?q=32.193637,76.335262",https://picsum.photos/seed/future-training-center-dharamshala-284/800/600,Harish Kumar,Basketball,10 Years,Future Training Center Dharamshala 284,₹2949/month,"Outdoor Court, Locker Rooms, Fitness Center, Indoor Court",5:30 AM - 7:30 AM,All Ages,Girls,66,Basketball Federation Certified,4.1,199,True,"{""instagram"": ""https://instagram.com/future-training-center-dharamshala-284"", ""facebook"": ""https://facebook.com/future-training-center-dharamshala-284"", ""youtube"": ""https://youtube.com/@future-training-center-dharamshala-284""}"
4b39c8a5-ce61-41b4-ac0c-c522e41641a2,Master Training Center Shimla 285,master-training-center-shimla-285,31.144469,77.124467,Professional Football coaching academy offering structured training programs.,Football,"Plot 894, Athletic Colony, Shimla",Shimla,Himachal Pradesh,+916932946528,"https://maps.google.com/?q=31.144469,77.124467",https://picsum.photos/seed/master-training-center-shimla-285/800/600,Aman Nair,Football,8 Years,Master Training Center Shimla 285,₹6032/month,"Training Cones, Natural Grass Ground, Locker Rooms, Flood Lights",6:00 AM - 8:00 AM,15-18,Girls,66,"AIFF D License, AIFF C License",3.8,34,False,"{""instagram"": ""https://instagram.com/master-training-center-shimla-285"", ""facebook"": ""https://facebook.com/master-training-center-shimla-285"", ""youtube"": ""https://youtube.com/@master-training-center-shimla-285""}"
a19d5c7b-1d12-4348-a500-5adec328bbda,Champion Sports Institute Shimla 286,champion-sports-institute-shimla-286,31.154333,77.18624,Professional Basketball coaching academy offering structured training programs.,Basketball,"Plot 90, Main Road, Shimla",Shimla,Himachal Pradesh,+917586193710,"https://maps.google.com/?q=31.154333,77.18624",https://picsum.photos/seed/champion-sports-institute-shimla-286/800/600,Prakash Pillai,Basketball,9 Years,Champion Sports Institute Shimla 286,₹5367/month,"Outdoor Court, Fitness Center, Locker Rooms, Indoor Court",5:00 PM - 7:00 PM,All Ages,Boys,79,Basketball Federation Certified,4.0,20,True,"{""instagram"": ""https://instagram.com/champion-sports-institute-shimla-286"", ""facebook"": ""https://facebook.com/champion-sports-institute-shimla-286"", ""youtube"": ""https://youtube.com/@champion-sports-institute-shimla-286""}"
9458d187-f536-4430-96e3-da3db5f1055e,National Athletic Center Dharamshala 287,national-athletic-center-dharamshala-287,32.240005,76.277568,Professional Volleyball coaching academy offering structured training programs.,Volleyball,"Plot 742, Central Park, Dharamshala",Dharamshala,Himachal Pradesh,+918018215219,"https://maps.google.com/?q=32.240005,76.277568",https://picsum.photos/seed/national-athletic-center-dharamshala-287/800/600,Harish Singh,Volleyball,17 Years,National Athletic Center Dharamshala 287,₹5604/month,"Flood Lights, Sand Court, Indoor Court, Fitness Center",6:00 AM - 8:00 AM,18+,Mixed,97,Volleyball Federation Certified,4.5,231,False,"{""instagram"": ""https://instagram.com/national-athletic-center-dharamshala-287"", ""facebook"": ""https://facebook.com/national-athletic-center-dharamshala-287"", ""youtube"": ""https://youtube.com/@national-athletic-center-dharamshala-287""}"
6d9ac688-cdde-4ccd-bc52-254969f42127,Future Athletic Center Shimla 288,future-athletic-center-shimla-288,31.103705,77.191583,Professional Tennis coaching academy offering structured training programs.,Tennis,"Plot 145, Athletic Colony, Shimla",Shimla,Himachal Pradesh,+916765893129,"https://maps.google.com/?q=31.103705,77.191583",https://picsum.photos/seed/future-athletic-center-shimla-288/800/600,Rohit Sharma,Tennis,2 Years,Future Athletic Center Shimla 288,₹7137/month,"Hard Court, Clay Court, Ball Machine, Fitness Center",5:30 AM - 7:30 AM,15-18,Mixed,93,AITA Certified Coach,4.6,381,False,"{""instagram"": ""https://instagram.com/future-athletic-center-shimla-288"", ""facebook"": ""https://facebook.com/future-athletic-center-shimla-288"", ""youtube"": ""https://youtube.com/@future-athletic-center-shimla-288""}"
0ff3d1bd-4fe8-4b2d-894b-1aaba8f4118e,Royal Sports Institute Dharamshala 289,royal-sports-institute-dharamshala-289,32.192921,76.309067,Professional Swimming coaching academy offering structured training programs.,Swimming,"Plot 362, Sports Hub, Dharamshala",Dharamshala,Himachal Pradesh,+917273564963,"https://maps.google.com/?q=32.192921,76.309067",https://picsum.photos/seed/royal-sports-institute-dharamshala-289/800/600,Kiran Reddy,Swimming,18 Years,Royal Sports Institute Dharamshala 289,₹4314/month,"Olympic Pool, Kids Pool, Lifeguard Support, Changing Rooms",5:30 AM - 7:30 AM,15-18,Boys,59,Swimming Federation Certified,4.4,139,False,"{""instagram"": ""https://instagram.com/royal-sports-institute-dharamshala-289"", ""facebook"": ""https://facebook.com/royal-sports-institute-dharamshala-289"", ""youtube"": ""https://youtube.com/@royal-sports-institute-dharamshala-289""}"
07763fcd-b295-4f77-b1e3-006deb970665,Royal Sports Institute Dharamshala 290,royal-sports-institute-dharamshala-290,32.224751,76.317516,Professional Badminton coaching academy offering structured training programs.,Badminton,"Plot 385, Sports Complex, Dharamshala",Dharamshala,Himachal Pradesh,+916750241523,"https://maps.google.com/?q=32.224751,76.317516",https://picsum.photos/seed/royal-sports-institute-dharamshala-290/800/600,Deepak Gupta,Badminton,19 Years,Royal Sports Institute Dharamshala 290,₹5255/month,"Shuttle Supply, Fitness Center, Indoor Courts, Wooden Courts",5:30 AM - 7:30 AM,All Ages,Mixed,51,BAI Certified Coach,4.8,64,False,"{""instagram"": ""https://instagram.com/royal-sports-institute-dharamshala-290"", ""facebook"": ""https://facebook.com/royal-sports-institute-dharamshala-290"", ""youtube"": ""https://youtube.com/@royal-sports-institute-dharamshala-290""}"
73f14699-ea5d-45eb-b755-81bf5f09985e,Pro Performance Academy Dharamshala 291,pro-performance-academy-dharamshala-291,32.254697,76.343692,Professional Volleyball coaching academy offering structured training programs.,Volleyball,"Plot 946, Central Park, Dharamshala",Dharamshala,Himachal Pradesh,+917433959972,"https://maps.google.com/?q=32.254697,76.343692",https://picsum.photos/seed/pro-performance-academy-dharamshala-291/800/600,Ravi Reddy,Volleyball,15 Years,Pro Performance Academy Dharamshala 291,₹2751/month,"Flood Lights, Fitness Center, Sand Court, Indoor Court",6:00 AM - 8:00 AM,5-10,Girls,26,Volleyball Federation Certified,3.9,341,False,"{""instagram"": ""https://instagram.com/pro-performance-academy-dharamshala-291"", ""facebook"": ""https://facebook.com/pro-performance-academy-dharamshala-291"", ""youtube"": ""https://youtube.com/@pro-performance-academy-dharamshala-291""}"
7fe09625-2670-4a8e-a63c-130285bd9fbf,National Performance Academy Shimla 292,national-performance-academy-shimla-292,31.055636,77.163302,Professional Basketball coaching academy offering structured training programs.,Basketball,"Plot 491, Sports Complex, Shimla",Shimla,Himachal Pradesh,+917624883637,"https://maps.google.com/?q=31.055636,77.163302",https://picsum.photos/seed/national-performance-academy-shimla-292/800/600,Ajay Mishra,Basketball,25 Years,National Performance Academy Shimla 292,₹6039/month,"Fitness Center, Locker Rooms, Indoor Court, Outdoor Court",6:00 PM - 8:00 PM,18+,Girls,71,Basketball Federation Certified,4.6,403,False,"{""instagram"": ""https://instagram.com/national-performance-academy-shimla-292"", ""facebook"": ""https://facebook.com/national-performance-academy-shimla-292"", ""youtube"": ""https://youtube.com/@national-performance-academy-shimla-292""}"
bed130ef-9364-4886-ae7f-6dacdd7db518,Future Training Center Shimla 293,future-training-center-shimla-293,31.129725,77.187691,Professional Football coaching academy offering structured training programs.,Football,"Plot 115, Victory Avenue, Shimla",Shimla,Himachal Pradesh,+917088208272,"https://maps.google.com/?q=31.129725,77.187691",https://picsum.photos/seed/future-training-center-shimla-293/800/600,Arjun Singh,Football,19 Years,Future Training Center Shimla 293,₹5119/month,"Fitness Center, Locker Rooms, Natural Grass Ground, Flood Lights",6:00 AM - 8:00 AM,15-18,Mixed,41,"AIFF D License, AIFF C License",4.6,35,False,"{""instagram"": ""https://instagram.com/future-training-center-shimla-293"", ""facebook"": ""https://facebook.com/future-training-center-shimla-293"", ""youtube"": ""https://youtube.com/@future-training-center-shimla-293""}"
08d7a2ad-05ae-4bdb-89d2-0f80908a3766,Royal Athletic Center Dharamshala 294,royal-athletic-center-dharamshala-294,32.215758,76.284036,Professional Cricket coaching academy offering structured training programs.,Cricket,"Plot 687, Sports Hub, Dharamshala",Dharamshala,Himachal Pradesh,+917867721418,"https://maps.google.com/?q=32.215758,76.284036",https://picsum.photos/seed/royal-athletic-center-dharamshala-294/800/600,Mahesh Gupta,Cricket,6 Years,Royal Athletic Center Dharamshala 294,₹4025/month,"Bowling Machine, Practice Pitch, Gym, Turf Nets",5:30 AM - 7:30 AM,All Ages,Girls,24,"BCCI Level 1, BCCI Level 2",4.0,269,False,"{""instagram"": ""https://instagram.com/royal-athletic-center-dharamshala-294"", ""facebook"": ""https://facebook.com/royal-athletic-center-dharamshala-294"", ""youtube"": ""https://youtube.com/@royal-athletic-center-dharamshala-294""}"
b0d13351-d073-4b9f-873c-7b7a84a6728c,Future Sports Club Dharamshala 295,future-sports-club-dharamshala-295,32.193821,76.285694,Professional Swimming coaching academy offering structured training programs.,Swimming,"Plot 806, Stadium Road, Dharamshala",Dharamshala,Himachal Pradesh,+916013894104,"https://maps.google.com/?q=32.193821,76.285694",https://picsum.photos/seed/future-sports-club-dharamshala-295/800/600,Deepak Kumar,Swimming,19 Years,Future Sports Club Dharamshala 295,₹5783/month,"Olympic Pool, Changing Rooms, Lifeguard Support, Kids Pool",4:00 PM - 6:00 PM,15-18,Boys,52,Swimming Federation Certified,3.6,438,True,"{""instagram"": ""https://instagram.com/future-sports-club-dharamshala-295"", ""facebook"": ""https://facebook.com/future-sports-club-dharamshala-295"", ""youtube"": ""https://youtube.com/@future-sports-club-dharamshala-295""}"
72c5250d-6230-4459-aced-11b799edbb20,Champion Sports Club Shimla 296,champion-sports-club-shimla-296,31.093903,77.214851,Professional Tennis coaching academy offering structured training programs.,Tennis,"Plot 966, Ring Road, Shimla",Shimla,Himachal Pradesh,+916694296692,"https://maps.google.com/?q=31.093903,77.214851",https://picsum.photos/seed/champion-sports-club-shimla-296/800/600,Rohit Joshi,Tennis,23 Years,Champion Sports Club Shimla 296,₹8524/month,"Hard Court, Fitness Center, Ball Machine, Clay Court",5:30 AM - 7:30 AM,All Ages,Boys,57,AITA Certified Coach,4.7,475,False,"{""instagram"": ""https://instagram.com/champion-sports-club-shimla-296"", ""facebook"": ""https://facebook.com/champion-sports-club-shimla-296"", ""youtube"": ""https://youtube.com/@champion-sports-club-shimla-296""}"
12eb36f3-8759-4c1b-80a2-ecc1d6fa80dd,Star Training Center Dharamshala 297,star-training-center-dharamshala-297,32.213831,76.369105,Professional Football coaching academy offering structured training programs.,Football,"Plot 245, Main Road, Dharamshala",Dharamshala,Himachal Pradesh,+917350367566,"https://maps.google.com/?q=32.213831,76.369105",https://picsum.photos/seed/star-training-center-dharamshala-297/800/600,Rohit Rao,Football,7 Years,Star Training Center Dharamshala 297,₹5850/month,"Fitness Center, Flood Lights, Locker Rooms, Training Cones",5:00 PM - 7:00 PM,18+,Boys,30,"AIFF D License, AIFF C License",4.6,389,False,"{""instagram"": ""https://instagram.com/star-training-center-dharamshala-297"", ""facebook"": ""https://facebook.com/star-training-center-dharamshala-297"", ""youtube"": ""https://youtube.com/@star-training-center-dharamshala-297""}"
3ac76a6d-7004-4902-8999-241cf6dba837,Victory Training Center Dharamshala 298,victory-training-center-dharamshala-298,32.19027,76.316752,Professional Swimming coaching academy offering structured training programs.,Swimming,"Plot 205, Sports Complex, Dharamshala",Dharamshala,Himachal Pradesh,+919403885384,"https://maps.google.com/?q=32.19027,76.316752",https://picsum.photos/seed/victory-training-center-dharamshala-298/800/600,Sanjay Nair,Swimming,21 Years,Victory Training Center Dharamshala 298,₹6967/month,"Lifeguard Support, Kids Pool, Olympic Pool, Changing Rooms",6:00 PM - 8:00 PM,All Ages,Boys,54,Swimming Federation Certified,3.7,48,True,"{""instagram"": ""https://instagram.com/victory-training-center-dharamshala-298"", ""facebook"": ""https://facebook.com/victory-training-center-dharamshala-298"", ""youtube"": ""https://youtube.com/@victory-training-center-dharamshala-298""}"
28a5bf55-19e2-4f00-ae8b-fea0cbb20744,Royal Sports Academy Shimla 299,royal-sports-academy-shimla-299,31.117211,77.129483,Professional Tennis coaching academy offering structured training programs.,Tennis,"Plot 298, Sports Complex, Shimla",Shimla,Himachal Pradesh,+919441042612,"https://maps.google.com/?q=31.117211,77.129483",https://picsum.photos/seed/royal-sports-academy-shimla-299/800/600,Tarun Reddy,Tennis,17 Years,Royal Sports Academy Shimla 299,₹4960/month,"Hard Court, Ball Machine, Fitness Center, Clay Court",6:00 AM - 8:00 AM,10-15,Boys,37,AITA Certified Coach,4.8,454,True,"{""instagram"": ""https://instagram.com/royal-sports-academy-shimla-299"", ""facebook"": ""https://facebook.com/royal-sports-academy-shimla-299"", ""youtube"": ""https://youtube.com/@royal-sports-academy-shimla-299""}"
17da29b8-bd36-4904-8db6-e5e7c26eefbd,National Sports Club Shimla 300,national-sports-club-shimla-300,31.114919,77.175116,Professional Cricket coaching academy offering structured training programs.,Cricket,"Plot 762, Ring Road, Shimla",Shimla,Himachal Pradesh,+916275468640,"https://maps.google.com/?q=31.114919,77.175116",https://picsum.photos/seed/national-sports-club-shimla-300/800/600,Aman Choudhary,Cricket,15 Years,National Sports Club Shimla 300,₹7826/month,"Practice Pitch, Video Analysis, Gym, Turf Nets",6:00 AM - 8:00 AM,15-18,Mixed,34,"BCCI Level 1, BCCI Level 2",4.9,312,False,"{""instagram"": ""https://instagram.com/national-sports-club-shimla-300"", ""facebook"": ""https://facebook.com/national-sports-club-shimla-300"", ""youtube"": ""https://youtube.com/@national-sports-club-shimla-300""}"
7eda91d0-8f79-4f2d-9903-e9e69678eb9a,Star Training Center Dharamshala 301,star-training-center-dharamshala-301,32.207411,76.298189,Professional Swimming coaching academy offering structured training programs.,Swimming,"Plot 308, Main Road, Dharamshala",Dharamshala,Himachal Pradesh,+919810491381,"https://maps.google.com/?q=32.207411,76.298189",https://picsum.photos/seed/star-training-center-dharamshala-301/800/600,Tarun Rao,Swimming,11 Years,Star Training Center Dharamshala 301,₹4841/month,"Lifeguard Support, Olympic Pool, Kids Pool, Changing Rooms",5:30 AM - 7:30 AM,10-15,Girls,86,Swimming Federation Certified,4.0,108,True,"{""instagram"": ""https://instagram.com/star-training-center-dharamshala-301"", ""facebook"": ""https://facebook.com/star-training-center-dharamshala-301"", ""youtube"": ""https://youtube.com/@star-training-center-dharamshala-301""}"
f32f6c50-6d71-4aa7-9bc6-be7fbab2445d,National Athletic Center Shimla 302,national-athletic-center-shimla-302,31.081491,77.220918,Professional Football coaching academy offering structured training programs.,Football,"Plot 595, Ring Road, Shimla",Shimla,Himachal Pradesh,+918519155360,"https://maps.google.com/?q=31.081491,77.220918",https://picsum.photos/seed/national-athletic-center-shimla-302/800/600,Vikram Patel,Football,23 Years,National Athletic Center Shimla 302,₹6192/month,"Natural Grass Ground, Locker Rooms, Training Cones, Fitness Center",6:00 PM - 8:00 PM,10-15,Mixed,78,"AIFF D License, AIFF C License",3.6,177,True,"{""instagram"": ""https://instagram.com/national-athletic-center-shimla-302"", ""facebook"": ""https://facebook.com/national-athletic-center-shimla-302"", ""youtube"": ""https://youtube.com/@national-athletic-center-shimla-302""}"
40cd0970-cfd1-4f14-aa26-3f5e83593bb0,Elite Training Center Shimla 303,elite-training-center-shimla-303,31.101973,77.184192,Professional Tennis coaching academy offering structured training programs.,Tennis,"Plot 946, Victory Avenue, Shimla",Shimla,Himachal Pradesh,+917886515898,"https://maps.google.com/?q=31.101973,77.184192",https://picsum.photos/seed/elite-training-center-shimla-303/800/600,Rahul Joshi,Tennis,23 Years,Elite Training Center Shimla 303,₹8636/month,"Fitness Center, Clay Court, Hard Court, Ball Machine",6:00 PM - 8:00 PM,15-18,Boys,85,AITA Certified Coach,4.5,441,False,"{""instagram"": ""https://instagram.com/elite-training-center-shimla-303"", ""facebook"": ""https://facebook.com/elite-training-center-shimla-303"", ""youtube"": ""https://youtube.com/@elite-training-center-shimla-303""}"
d3ba4bb3-90f8-4937-8ed3-54a16aa96381,Master Athletic Center Shimla 304,master-athletic-center-shimla-304,31.075187,77.129818,Professional Swimming coaching academy offering structured training programs.,Swimming,"Plot 838, Sports Nagar, Shimla",Shimla,Himachal Pradesh,+918269176045,"https://maps.google.com/?q=31.075187,77.129818",https://picsum.photos/seed/master-athletic-center-shimla-304/800/600,Arjun Yadav,Swimming,22 Years,Master Athletic Center Shimla 304,₹5952/month,"Changing Rooms, Lifeguard Support, Olympic Pool, Kids Pool",5:30 AM - 7:30 AM,15-18,Girls,83,Swimming Federation Certified,4.2,435,False,"{""instagram"": ""https://instagram.com/master-athletic-center-shimla-304"", ""facebook"": ""https://facebook.com/master-athletic-center-shimla-304"", ""youtube"": ""https://youtube.com/@master-athletic-center-shimla-304""}"
cbcfff17-bdb4-4cd0-becd-298d0c0e4893,Pro Training Center Shimla 305,pro-training-center-shimla-305,31.146543,77.1868,Professional Swimming coaching academy offering structured training programs.,Swimming,"Plot 641, Champions Street, Shimla",Shimla,Himachal Pradesh,+919175477906,"https://maps.google.com/?q=31.146543,77.1868",https://picsum.photos/seed/pro-training-center-shimla-305/800/600,Naveen Nair,Swimming,8 Years,Pro Training Center Shimla 305,₹5930/month,"Changing Rooms, Kids Pool, Olympic Pool, Lifeguard Support",6:00 PM - 8:00 PM,All Ages,Girls,89,Swimming Federation Certified,4.4,277,True,"{""instagram"": ""https://instagram.com/pro-training-center-shimla-305"", ""facebook"": ""https://facebook.com/pro-training-center-shimla-305"", ""youtube"": ""https://youtube.com/@pro-training-center-shimla-305""}"
5ddfcb85-b8ae-4339-b631-db549599c997,Legend Athletic Center Dharamshala 306,legend-athletic-center-dharamshala-306,32.257638,76.326997,Professional Badminton coaching academy offering structured training programs.,Badminton,"Plot 602, Champions Street, Dharamshala",Dharamshala,Himachal Pradesh,+917440342626,"https://maps.google.com/?q=32.257638,76.326997",https://picsum.photos/seed/legend-athletic-center-dharamshala-306/800/600,Kiran Reddy,Badminton,13 Years,Legend Athletic Center Dharamshala 306,₹3461/month,"Indoor Courts, Fitness Center, Shuttle Supply, Wooden Courts",6:00 PM - 8:00 PM,10-15,Girls,57,BAI Certified Coach,4.2,210,False,"{""instagram"": ""https://instagram.com/legend-athletic-center-dharamshala-306"", ""facebook"": ""https://facebook.com/legend-athletic-center-dharamshala-306"", ""youtube"": ""https://youtube.com/@legend-athletic-center-dharamshala-306""}"
10aa304d-dc3c-42dc-8774-fb2fe0dccaae,Future Sports Academy Dharamshala 307,future-sports-academy-dharamshala-307,32.225855,76.291214,Professional Tennis coaching academy offering structured training programs.,Tennis,"Plot 54, Athletic Colony, Dharamshala",Dharamshala,Himachal Pradesh,+918548019126,"https://maps.google.com/?q=32.225855,76.291214",https://picsum.photos/seed/future-sports-academy-dharamshala-307/800/600,Naveen Reddy,Tennis,11 Years,Future Sports Academy Dharamshala 307,₹4090/month,"Hard Court, Clay Court, Fitness Center, Ball Machine",6:00 PM - 8:00 PM,18+,Girls,58,AITA Certified Coach,4.7,434,True,"{""instagram"": ""https://instagram.com/future-sports-academy-dharamshala-307"", ""facebook"": ""https://facebook.com/future-sports-academy-dharamshala-307"", ""youtube"": ""https://youtube.com/@future-sports-academy-dharamshala-307""}"
c435308c-d4da-45bf-86cb-2feec7004afc,Prime Sports Club Shimla 308,prime-sports-club-shimla-308,31.063142,77.158515,Professional Basketball coaching academy offering structured training programs.,Basketball,"Plot 587, Sports Nagar, Shimla",Shimla,Himachal Pradesh,+916769165091,"https://maps.google.com/?q=31.063142,77.158515",https://picsum.photos/seed/prime-sports-club-shimla-308/800/600,Ravi Mishra,Basketball,4 Years,Prime Sports Club Shimla 308,₹3245/month,"Indoor Court, Outdoor Court, Locker Rooms, Fitness Center",5:30 AM - 7:30 AM,10-15,Girls,71,Basketball Federation Certified,4.6,456,True,"{""instagram"": ""https://instagram.com/prime-sports-club-shimla-308"", ""facebook"": ""https://facebook.com/prime-sports-club-shimla-308"", ""youtube"": ""https://youtube.com/@prime-sports-club-shimla-308""}"
f36d91ec-2c0b-4b9a-b394-063e4345ecb4,Elite Performance Academy Dharamshala 309,elite-performance-academy-dharamshala-309,32.19876,76.330862,Professional Athletics coaching academy offering structured training programs.,Athletics,"Plot 489, Sports Complex, Dharamshala",Dharamshala,Himachal Pradesh,+919030622631,"https://maps.google.com/?q=32.19876,76.330862",https://picsum.photos/seed/elite-performance-academy-dharamshala-309/800/600,Ravi Sharma,Athletics,9 Years,Elite Performance Academy Dharamshala 309,₹1808/month,"Recovery Zone, Running Track, Fitness Center, Gym",5:30 AM - 7:30 AM,15-18,Mixed,94,Athletics Federation Certified,3.9,47,True,"{""instagram"": ""https://instagram.com/elite-performance-academy-dharamshala-309"", ""facebook"": ""https://facebook.com/elite-performance-academy-dharamshala-309"", ""youtube"": ""https://youtube.com/@elite-performance-academy-dharamshala-309""}"
16798133-7484-4f85-abc1-eefb342d50cc,Prime Performance Academy Shimla 310,prime-performance-academy-shimla-310,31.135565,77.190944,Professional Badminton coaching academy offering structured training programs.,Badminton,"Plot 586, Central Park, Shimla",Shimla,Himachal Pradesh,+919890674998,"https://maps.google.com/?q=31.135565,77.190944",https://picsum.photos/seed/prime-performance-academy-shimla-310/800/600,Sanjay Reddy,Badminton,5 Years,Prime Performance Academy Shimla 310,₹6057/month,"Shuttle Supply, Wooden Courts, Indoor Courts, Fitness Center",6:00 PM - 8:00 PM,10-15,Boys,57,BAI Certified Coach,4.8,223,True,"{""instagram"": ""https://instagram.com/prime-performance-academy-shimla-310"", ""facebook"": ""https://facebook.com/prime-performance-academy-shimla-310"", ""youtube"": ""https://youtube.com/@prime-performance-academy-shimla-310""}"
06618aa5-b2c6-490a-b917-92af83fe8776,Royal Sports Institute Dharamshala 311,royal-sports-institute-dharamshala-311,32.216633,76.311002,Professional Athletics coaching academy offering structured training programs.,Athletics,"Plot 156, Central Park, Dharamshala",Dharamshala,Himachal Pradesh,+916008606843,"https://maps.google.com/?q=32.216633,76.311002",https://picsum.photos/seed/royal-sports-institute-dharamshala-311/800/600,Lokesh Patel,Athletics,3 Years,Royal Sports Institute Dharamshala 311,₹4940/month,"Gym, Running Track, Recovery Zone, Fitness Center",5:00 PM - 7:00 PM,10-15,Mixed,74,Athletics Federation Certified,4.3,200,True,"{""instagram"": ""https://instagram.com/royal-sports-institute-dharamshala-311"", ""facebook"": ""https://facebook.com/royal-sports-institute-dharamshala-311"", ""youtube"": ""https://youtube.com/@royal-sports-institute-dharamshala-311""}"
9aa030bb-c85d-49fb-a54d-ae5acc1ebf1d,National Sports Institute Dharamshala 312,national-sports-institute-dharamshala-312,32.176776,76.320478,Professional Swimming coaching academy offering structured training programs.,Swimming,"Plot 91, Stadium Road, Dharamshala",Dharamshala,Himachal Pradesh,+919502271957,"https://maps.google.com/?q=32.176776,76.320478",https://picsum.photos/seed/national-sports-institute-dharamshala-312/800/600,Lokesh Joshi,Swimming,17 Years,National Sports Institute Dharamshala 312,₹5052/month,"Olympic Pool, Changing Rooms, Lifeguard Support, Kids Pool",5:30 AM - 7:30 AM,18+,Girls,77,Swimming Federation Certified,4.6,476,False,"{""instagram"": ""https://instagram.com/national-sports-institute-dharamshala-312"", ""facebook"": ""https://facebook.com/national-sports-institute-dharamshala-312"", ""youtube"": ""https://youtube.com/@national-sports-institute-dharamshala-312""}"
640f1ca1-a5d7-4740-ba42-fb47357661a0,National Sports Institute Dharamshala 313,national-sports-institute-dharamshala-313,32.249414,76.278213,Professional Cricket coaching academy offering structured training programs.,Cricket,"Plot 436, Athletic Colony, Dharamshala",Dharamshala,Himachal Pradesh,+917562123440,"https://maps.google.com/?q=32.249414,76.278213",https://picsum.photos/seed/national-sports-institute-dharamshala-313/800/600,Rohit Choudhary,Cricket,11 Years,National Sports Institute Dharamshala 313,₹4194/month,"Gym, Turf Nets, Video Analysis, Practice Pitch",6:00 PM - 8:00 PM,5-10,Boys,33,"BCCI Level 1, BCCI Level 2",4.1,193,True,"{""instagram"": ""https://instagram.com/national-sports-institute-dharamshala-313"", ""facebook"": ""https://facebook.com/national-sports-institute-dharamshala-313"", ""youtube"": ""https://youtube.com/@national-sports-institute-dharamshala-313""}"
c2d8b992-b73e-4804-bb81-c30df122da41,Victory Sports Club Shimla 314,victory-sports-club-shimla-314,31.150097,77.216244,Professional Athletics coaching academy offering structured training programs.,Athletics,"Plot 532, Sports Nagar, Shimla",Shimla,Himachal Pradesh,+918808141417,"https://maps.google.com/?q=31.150097,77.216244",https://picsum.photos/seed/victory-sports-club-shimla-314/800/600,Ravi Choudhary,Athletics,25 Years,Victory Sports Club Shimla 314,₹4061/month,"Gym, Running Track, Recovery Zone, Fitness Center",5:00 PM - 7:00 PM,5-10,Boys,61,Athletics Federation Certified,4.5,224,False,"{""instagram"": ""https://instagram.com/victory-sports-club-shimla-314"", ""facebook"": ""https://facebook.com/victory-sports-club-shimla-314"", ""youtube"": ""https://youtube.com/@victory-sports-club-shimla-314""}"
48f294f7-4d45-4c6b-9c4e-ca9b7e5b105e,Royal Sports Club Shimla 315,royal-sports-club-shimla-315,31.058573,77.16266,Professional Tennis coaching academy offering structured training programs.,Tennis,"Plot 16, Athletic Colony, Shimla",Shimla,Himachal Pradesh,+919078463252,"https://maps.google.com/?q=31.058573,77.16266",https://picsum.photos/seed/royal-sports-club-shimla-315/800/600,Arjun Kumar,Tennis,23 Years,Royal Sports Club Shimla 315,₹7732/month,"Fitness Center, Clay Court, Ball Machine, Hard Court",5:00 PM - 7:00 PM,15-18,Girls,88,AITA Certified Coach,4.6,109,True,"{""instagram"": ""https://instagram.com/royal-sports-club-shimla-315"", ""facebook"": ""https://facebook.com/royal-sports-club-shimla-315"", ""youtube"": ""https://youtube.com/@royal-sports-club-shimla-315""}"
97822f99-07e5-4f6e-a672-ea497b31293f,Future Sports Institute Dhanbad 316,future-sports-institute-dhanbad-316,23.774383,86.471454,Professional Volleyball coaching academy offering structured training programs.,Volleyball,"Plot 342, Central Park, Dhanbad",Dhanbad,Jharkhand,+919891602457,"https://maps.google.com/?q=23.774383,86.471454",https://picsum.photos/seed/future-sports-institute-dhanbad-316/800/600,Kiran Sharma,Volleyball,16 Years,Future Sports Institute Dhanbad 316,₹2460/month,"Indoor Court, Sand Court, Fitness Center, Flood Lights",5:30 AM - 7:30 AM,10-15,Boys,49,Volleyball Federation Certified,3.5,50,False,"{""instagram"": ""https://instagram.com/future-sports-institute-dhanbad-316"", ""facebook"": ""https://facebook.com/future-sports-institute-dhanbad-316"", ""youtube"": ""https://youtube.com/@future-sports-institute-dhanbad-316""}"
715b5676-cc04-4a4d-9fb2-cc2ae8c2bb5c,Dynamic Training Center Ranchi 317,dynamic-training-center-ranchi-317,23.35904,85.311601,Professional Swimming coaching academy offering structured training programs.,Swimming,"Plot 431, Central Park, Ranchi",Ranchi,Jharkhand,+919182805809,"https://maps.google.com/?q=23.35904,85.311601",https://picsum.photos/seed/dynamic-training-center-ranchi-317/800/600,Rohit Patel,Swimming,20 Years,Dynamic Training Center Ranchi 317,₹5043/month,"Lifeguard Support, Kids Pool, Changing Rooms, Olympic Pool",6:00 AM - 8:00 AM,15-18,Girls,53,Swimming Federation Certified,3.6,313,True,"{""instagram"": ""https://instagram.com/dynamic-training-center-ranchi-317"", ""facebook"": ""https://facebook.com/dynamic-training-center-ranchi-317"", ""youtube"": ""https://youtube.com/@dynamic-training-center-ranchi-317""}"
797879b7-e83b-40e3-9240-29af6dedd65e,Future Training Center Dhanbad 318,future-training-center-dhanbad-318,23.818355,86.467166,Professional Football coaching academy offering structured training programs.,Football,"Plot 803, Athletic Colony, Dhanbad",Dhanbad,Jharkhand,+917552183008,"https://maps.google.com/?q=23.818355,86.467166",https://picsum.photos/seed/future-training-center-dhanbad-318/800/600,Rohit Gupta,Football,13 Years,Future Training Center Dhanbad 318,₹2555/month,"Flood Lights, Training Cones, Natural Grass Ground, Fitness Center",6:00 AM - 8:00 AM,18+,Mixed,34,"AIFF D License, AIFF C License",4.7,145,True,"{""instagram"": ""https://instagram.com/future-training-center-dhanbad-318"", ""facebook"": ""https://facebook.com/future-training-center-dhanbad-318"", ""youtube"": ""https://youtube.com/@future-training-center-dhanbad-318""}"
a21ce9a4-24c8-4fef-bf3f-41200cf60665,Elite Sports Club Jamshedpur 319,elite-sports-club-jamshedpur-319,22.817825,86.168917,Professional Swimming coaching academy offering structured training programs.,Swimming,"Plot 51, Victory Avenue, Jamshedpur",Jamshedpur,Jharkhand,+916161955296,"https://maps.google.com/?q=22.817825,86.168917",https://picsum.photos/seed/elite-sports-club-jamshedpur-319/800/600,Prakash Sharma,Swimming,12 Years,Elite Sports Club Jamshedpur 319,₹3742/month,"Changing Rooms, Kids Pool, Olympic Pool, Lifeguard Support",6:00 PM - 8:00 PM,All Ages,Mixed,45,Swimming Federation Certified,4.6,196,False,"{""instagram"": ""https://instagram.com/elite-sports-club-jamshedpur-319"", ""facebook"": ""https://facebook.com/elite-sports-club-jamshedpur-319"", ""youtube"": ""https://youtube.com/@elite-sports-club-jamshedpur-319""}"
3055e01b-fdf3-45ec-a353-904395401b5b,Pro Sports Institute Jamshedpur 320,pro-sports-institute-jamshedpur-320,22.766875,86.223716,Professional Volleyball coaching academy offering structured training programs.,Volleyball,"Plot 87, Sports Nagar, Jamshedpur",Jamshedpur,Jharkhand,+918736343764,"https://maps.google.com/?q=22.766875,86.223716",https://picsum.photos/seed/pro-sports-institute-jamshedpur-320/800/600,Tarun Pillai,Volleyball,24 Years,Pro Sports Institute Jamshedpur 320,₹2708/month,"Sand Court, Indoor Court, Flood Lights, Fitness Center",6:00 PM - 8:00 PM,15-18,Mixed,72,Volleyball Federation Certified,3.6,220,False,"{""instagram"": ""https://instagram.com/pro-sports-institute-jamshedpur-320"", ""facebook"": ""https://facebook.com/pro-sports-institute-jamshedpur-320"", ""youtube"": ""https://youtube.com/@pro-sports-institute-jamshedpur-320""}"
b1a655c6-4ca3-4a47-a62e-43807ad2d010,Star Sports Institute Ranchi 321,star-sports-institute-ranchi-321,23.305035,85.275615,Professional Basketball coaching academy offering structured training programs.,Basketball,"Plot 56, Champions Street, Ranchi",Ranchi,Jharkhand,+919551051472,"https://maps.google.com/?q=23.305035,85.275615",https://picsum.photos/seed/star-sports-institute-ranchi-321/800/600,Ravi Patel,Basketball,6 Years,Star Sports Institute Ranchi 321,₹6106/month,"Locker Rooms, Fitness Center, Outdoor Court, Indoor Court",4:00 PM - 6:00 PM,15-18,Boys,34,Basketball Federation Certified,4.9,500,False,"{""instagram"": ""https://instagram.com/star-sports-institute-ranchi-321"", ""facebook"": ""https://facebook.com/star-sports-institute-ranchi-321"", ""youtube"": ""https://youtube.com/@star-sports-institute-ranchi-321""}"
bee87e6d-2655-4ef1-86eb-f95ff723fd6d,Legend Sports Club Ranchi 322,legend-sports-club-ranchi-322,23.329862,85.30212,Professional Cricket coaching academy offering structured training programs.,Cricket,"Plot 756, Sports Complex, Ranchi",Ranchi,Jharkhand,+918624332632,"https://maps.google.com/?q=23.329862,85.30212",https://picsum.photos/seed/legend-sports-club-ranchi-322/800/600,Aman Sharma,Cricket,16 Years,Legend Sports Club Ranchi 322,₹3451/month,"Practice Pitch, Bowling Machine, Gym, Turf Nets",6:00 PM - 8:00 PM,15-18,Boys,84,"BCCI Level 1, BCCI Level 2",3.8,308,True,"{""instagram"": ""https://instagram.com/legend-sports-club-ranchi-322"", ""facebook"": ""https://facebook.com/legend-sports-club-ranchi-322"", ""youtube"": ""https://youtube.com/@legend-sports-club-ranchi-322""}"
f030d368-54f4-4d6e-921b-9c1dc9cc686c,National Performance Academy Jamshedpur 323,national-performance-academy-jamshedpur-323,22.796188,86.250784,Professional Badminton coaching academy offering structured training programs.,Badminton,"Plot 758, Stadium Road, Jamshedpur",Jamshedpur,Jharkhand,+918496027529,"https://maps.google.com/?q=22.796188,86.250784",https://picsum.photos/seed/national-performance-academy-jamshedpur-323/800/600,Prakash Yadav,Badminton,23 Years,National Performance Academy Jamshedpur 323,₹2648/month,"Wooden Courts, Shuttle Supply, Indoor Courts, Fitness Center",4:00 PM - 6:00 PM,5-10,Boys,30,BAI Certified Coach,3.9,242,True,"{""instagram"": ""https://instagram.com/national-performance-academy-jamshedpur-323"", ""facebook"": ""https://facebook.com/national-performance-academy-jamshedpur-323"", ""youtube"": ""https://youtube.com/@national-performance-academy-jamshedpur-323""}"
e9028a78-f41d-4c85-a760-c9862010f9c2,Prime Performance Academy Dhanbad 324,prime-performance-academy-dhanbad-324,23.803804,86.434869,Professional Football coaching academy offering structured training programs.,Football,"Plot 562, Central Park, Dhanbad",Dhanbad,Jharkhand,+917440961645,"https://maps.google.com/?q=23.803804,86.434869",https://picsum.photos/seed/prime-performance-academy-dhanbad-324/800/600,Naveen Patel,Football,20 Years,Prime Performance Academy Dhanbad 324,₹4410/month,"Flood Lights, Training Cones, Locker Rooms, Natural Grass Ground",5:30 AM - 7:30 AM,18+,Boys,59,"AIFF D License, AIFF C License",4.2,88,False,"{""instagram"": ""https://instagram.com/prime-performance-academy-dhanbad-324"", ""facebook"": ""https://facebook.com/prime-performance-academy-dhanbad-324"", ""youtube"": ""https://youtube.com/@prime-performance-academy-dhanbad-324""}"
86531b31-b168-4dea-b0e7-44c36b6a07d7,Dynamic Training Center Dhanbad 325,dynamic-training-center-dhanbad-325,23.782096,86.439078,Professional Volleyball coaching academy offering structured training programs.,Volleyball,"Plot 45, Sports Complex, Dhanbad",Dhanbad,Jharkhand,+917449787269,"https://maps.google.com/?q=23.782096,86.439078",https://picsum.photos/seed/dynamic-training-center-dhanbad-325/800/600,Kiran Pillai,Volleyball,5 Years,Dynamic Training Center Dhanbad 325,₹4759/month,"Indoor Court, Flood Lights, Sand Court, Fitness Center",5:00 PM - 7:00 PM,10-15,Boys,63,Volleyball Federation Certified,4.9,207,True,"{""instagram"": ""https://instagram.com/dynamic-training-center-dhanbad-325"", ""facebook"": ""https://facebook.com/dynamic-training-center-dhanbad-325"", ""youtube"": ""https://youtube.com/@dynamic-training-center-dhanbad-325""}"
276c593d-ef0b-4960-a204-1ac16a668979,Prime Athletic Center Dhanbad 326,prime-athletic-center-dhanbad-326,23.804957,86.38978,Professional Tennis coaching academy offering structured training programs.,Tennis,"Plot 139, Stadium Road, Dhanbad",Dhanbad,Jharkhand,+918650704795,"https://maps.google.com/?q=23.804957,86.38978",https://picsum.photos/seed/prime-athletic-center-dhanbad-326/800/600,Deepak Yadav,Tennis,9 Years,Prime Athletic Center Dhanbad 326,₹10818/month,"Ball Machine, Fitness Center, Clay Court, Hard Court",5:30 AM - 7:30 AM,18+,Girls,56,AITA Certified Coach,4.3,182,True,"{""instagram"": ""https://instagram.com/prime-athletic-center-dhanbad-326"", ""facebook"": ""https://facebook.com/prime-athletic-center-dhanbad-326"", ""youtube"": ""https://youtube.com/@prime-athletic-center-dhanbad-326""}"
f42f8dda-5b8b-4ce3-8da0-c79f85623221,Legend Sports Academy Dhanbad 327,legend-sports-academy-dhanbad-327,23.750554,86.47612,Professional Football coaching academy offering structured training programs.,Football,"Plot 99, Victory Avenue, Dhanbad",Dhanbad,Jharkhand,+916318774242,"https://maps.google.com/?q=23.750554,86.47612",https://picsum.photos/seed/legend-sports-academy-dhanbad-327/800/600,Arjun Yadav,Football,16 Years,Legend Sports Academy Dhanbad 327,₹3844/month,"Natural Grass Ground, Fitness Center, Training Cones, Locker Rooms",5:30 AM - 7:30 AM,5-10,Boys,35,"AIFF D License, AIFF C License",3.9,495,True,"{""instagram"": ""https://instagram.com/legend-sports-academy-dhanbad-327"", ""facebook"": ""https://facebook.com/legend-sports-academy-dhanbad-327"", ""youtube"": ""https://youtube.com/@legend-sports-academy-dhanbad-327""}"
600aea23-b9c3-4c21-9182-a762cc2ac0b4,Champion Athletic Center Dhanbad 328,champion-athletic-center-dhanbad-328,23.796352,86.449565,Professional Tennis coaching academy offering structured training programs.,Tennis,"Plot 884, Athletic Colony, Dhanbad",Dhanbad,Jharkhand,+918122374965,"https://maps.google.com/?q=23.796352,86.449565",https://picsum.photos/seed/champion-athletic-center-dhanbad-328/800/600,Kiran Joshi,Tennis,18 Years,Champion Athletic Center Dhanbad 328,₹10930/month,"Clay Court, Ball Machine, Hard Court, Fitness Center",4:00 PM - 6:00 PM,10-15,Girls,77,AITA Certified Coach,3.8,198,True,"{""instagram"": ""https://instagram.com/champion-athletic-center-dhanbad-328"", ""facebook"": ""https://facebook.com/champion-athletic-center-dhanbad-328"", ""youtube"": ""https://youtube.com/@champion-athletic-center-dhanbad-328""}"
0780474b-c0e1-42b6-830d-0c04e401ec1b,Star Performance Academy Dhanbad 329,star-performance-academy-dhanbad-329,23.808144,86.422575,Professional Swimming coaching academy offering structured training programs.,Swimming,"Plot 555, Main Road, Dhanbad",Dhanbad,Jharkhand,+916721252836,"https://maps.google.com/?q=23.808144,86.422575",https://picsum.photos/seed/star-performance-academy-dhanbad-329/800/600,Kiran Choudhary,Swimming,25 Years,Star Performance Academy Dhanbad 329,₹3649/month,"Changing Rooms, Kids Pool, Lifeguard Support, Olympic Pool",6:00 AM - 8:00 AM,15-18,Girls,66,Swimming Federation Certified,4.7,188,True,"{""instagram"": ""https://instagram.com/star-performance-academy-dhanbad-329"", ""facebook"": ""https://facebook.com/star-performance-academy-dhanbad-329"", ""youtube"": ""https://youtube.com/@star-performance-academy-dhanbad-329""}"
19841163-0213-41ee-b38e-03bb1f6d311d,Legend Athletic Center Ranchi 330,legend-athletic-center-ranchi-330,23.376211,85.280365,Professional Athletics coaching academy offering structured training programs.,Athletics,"Plot 416, Sports Complex, Ranchi",Ranchi,Jharkhand,+918791846517,"https://maps.google.com/?q=23.376211,85.280365",https://picsum.photos/seed/legend-athletic-center-ranchi-330/800/600,Sanjay Reddy,Athletics,16 Years,Legend Athletic Center Ranchi 330,₹4000/month,"Running Track, Fitness Center, Recovery Zone, Gym",6:00 PM - 8:00 PM,15-18,Boys,78,Athletics Federation Certified,3.9,399,False,"{""instagram"": ""https://instagram.com/legend-athletic-center-ranchi-330"", ""facebook"": ""https://facebook.com/legend-athletic-center-ranchi-330"", ""youtube"": ""https://youtube.com/@legend-athletic-center-ranchi-330""}"
b194dcc9-d06e-4e63-9b59-3ee93ce36903,Star Training Center Jamshedpur 331,star-training-center-jamshedpur-331,22.813422,86.227075,Professional Basketball coaching academy offering structured training programs.,Basketball,"Plot 602, Victory Avenue, Jamshedpur",Jamshedpur,Jharkhand,+919573778611,"https://maps.google.com/?q=22.813422,86.227075",https://picsum.photos/seed/star-training-center-jamshedpur-331/800/600,Lokesh Mishra,Basketball,10 Years,Star Training Center Jamshedpur 331,₹3858/month,"Outdoor Court, Fitness Center, Locker Rooms, Indoor Court",5:00 PM - 7:00 PM,18+,Boys,38,Basketball Federation Certified,4.2,302,True,"{""instagram"": ""https://instagram.com/star-training-center-jamshedpur-331"", ""facebook"": ""https://facebook.com/star-training-center-jamshedpur-331"", ""youtube"": ""https://youtube.com/@star-training-center-jamshedpur-331""}"
0e96a0a0-8360-4e95-a191-614411c0b876,Champion Sports Academy Jamshedpur 332,champion-sports-academy-jamshedpur-332,22.765317,86.215256,Professional Volleyball coaching academy offering structured training programs.,Volleyball,"Plot 105, Victory Avenue, Jamshedpur",Jamshedpur,Jharkhand,+919986843895,"https://maps.google.com/?q=22.765317,86.215256",https://picsum.photos/seed/champion-sports-academy-jamshedpur-332/800/600,Deepak Singh,Volleyball,7 Years,Champion Sports Academy Jamshedpur 332,₹4454/month,"Flood Lights, Sand Court, Indoor Court, Fitness Center",5:30 AM - 7:30 AM,10-15,Mixed,90,Volleyball Federation Certified,4.4,249,True,"{""instagram"": ""https://instagram.com/champion-sports-academy-jamshedpur-332"", ""facebook"": ""https://facebook.com/champion-sports-academy-jamshedpur-332"", ""youtube"": ""https://youtube.com/@champion-sports-academy-jamshedpur-332""}"
0a6711e4-6bee-437a-a939-c82f399e7e52,Prime Training Center Ranchi 333,prime-training-center-ranchi-333,23.371011,85.348491,Professional Swimming coaching academy offering structured training programs.,Swimming,"Plot 127, Stadium Road, Ranchi",Ranchi,Jharkhand,+918157534341,"https://maps.google.com/?q=23.371011,85.348491",https://picsum.photos/seed/prime-training-center-ranchi-333/800/600,Sanjay Patel,Swimming,5 Years,Prime Training Center Ranchi 333,₹3647/month,"Changing Rooms, Kids Pool, Olympic Pool, Lifeguard Support",4:00 PM - 6:00 PM,5-10,Boys,55,Swimming Federation Certified,4.7,402,True,"{""instagram"": ""https://instagram.com/prime-training-center-ranchi-333"", ""facebook"": ""https://facebook.com/prime-training-center-ranchi-333"", ""youtube"": ""https://youtube.com/@prime-training-center-ranchi-333""}"
d0a04e9b-987c-4d79-80bb-4d4b164083dc,Prime Athletic Center Jamshedpur 334,prime-athletic-center-jamshedpur-334,22.810516,86.235384,Professional Badminton coaching academy offering structured training programs.,Badminton,"Plot 439, Victory Avenue, Jamshedpur",Jamshedpur,Jharkhand,+917215769093,"https://maps.google.com/?q=22.810516,86.235384",https://picsum.photos/seed/prime-athletic-center-jamshedpur-334/800/600,Prakash Singh,Badminton,15 Years,Prime Athletic Center Jamshedpur 334,₹4701/month,"Wooden Courts, Fitness Center, Indoor Courts, Shuttle Supply",6:00 AM - 8:00 AM,5-10,Boys,29,BAI Certified Coach,4.0,189,False,"{""instagram"": ""https://instagram.com/prime-athletic-center-jamshedpur-334"", ""facebook"": ""https://facebook.com/prime-athletic-center-jamshedpur-334"", ""youtube"": ""https://youtube.com/@prime-athletic-center-jamshedpur-334""}"
24117c37-b98e-4e46-9918-7d87553bcd1f,Future Sports Institute Jamshedpur 335,future-sports-institute-jamshedpur-335,22.852393,86.206375,Professional Cricket coaching academy offering structured training programs.,Cricket,"Plot 827, Central Park, Jamshedpur",Jamshedpur,Jharkhand,+917766239913,"https://maps.google.com/?q=22.852393,86.206375",https://picsum.photos/seed/future-sports-institute-jamshedpur-335/800/600,Naveen Joshi,Cricket,17 Years,Future Sports Institute Jamshedpur 335,₹4439/month,"Video Analysis, Gym, Turf Nets, Practice Pitch",6:00 PM - 8:00 PM,15-18,Mixed,75,"BCCI Level 1, BCCI Level 2",4.1,186,False,"{""instagram"": ""https://instagram.com/future-sports-institute-jamshedpur-335"", ""facebook"": ""https://facebook.com/future-sports-institute-jamshedpur-335"", ""youtube"": ""https://youtube.com/@future-sports-institute-jamshedpur-335""}"
d7d31dfd-db4c-4233-a854-a64f98655ead,Elite Sports Academy Dhanbad 336,elite-sports-academy-dhanbad-336,23.827545,86.466522,Professional Cricket coaching academy offering structured training programs.,Cricket,"Plot 38, Sports Nagar, Dhanbad",Dhanbad,Jharkhand,+919747618789,"https://maps.google.com/?q=23.827545,86.466522",https://picsum.photos/seed/elite-sports-academy-dhanbad-336/800/600,Kiran Gupta,Cricket,2 Years,Elite Sports Academy Dhanbad 336,₹8194/month,"Practice Pitch, Video Analysis, Gym, Bowling Machine",6:00 PM - 8:00 PM,10-15,Boys,42,"BCCI Level 1, BCCI Level 2",3.7,375,True,"{""instagram"": ""https://instagram.com/elite-sports-academy-dhanbad-336"", ""facebook"": ""https://facebook.com/elite-sports-academy-dhanbad-336"", ""youtube"": ""https://youtube.com/@elite-sports-academy-dhanbad-336""}"
da7ebe50-ef68-4e3c-8ba6-f23b54bf504a,Star Sports Club Dhanbad 337,star-sports-club-dhanbad-337,23.837767,86.419228,Professional Volleyball coaching academy offering structured training programs.,Volleyball,"Plot 272, Ring Road, Dhanbad",Dhanbad,Jharkhand,+919291113863,"https://maps.google.com/?q=23.837767,86.419228",https://picsum.photos/seed/star-sports-club-dhanbad-337/800/600,Ajay Yadav,Volleyball,4 Years,Star Sports Club Dhanbad 337,₹5728/month,"Indoor Court, Sand Court, Fitness Center, Flood Lights",6:00 PM - 8:00 PM,5-10,Boys,53,Volleyball Federation Certified,4.7,432,False,"{""instagram"": ""https://instagram.com/star-sports-club-dhanbad-337"", ""facebook"": ""https://facebook.com/star-sports-club-dhanbad-337"", ""youtube"": ""https://youtube.com/@star-sports-club-dhanbad-337""}"
7d33e0c9-e0be-4e86-ac66-23ec842841bf,Dynamic Sports Club Dhanbad 338,dynamic-sports-club-dhanbad-338,23.78359,86.386193,Professional Basketball coaching academy offering structured training programs.,Basketball,"Plot 378, Champions Street, Dhanbad",Dhanbad,Jharkhand,+917197173215,"https://maps.google.com/?q=23.78359,86.386193",https://picsum.photos/seed/dynamic-sports-club-dhanbad-338/800/600,Arjun Yadav,Basketball,4 Years,Dynamic Sports Club Dhanbad 338,₹6856/month,"Indoor Court, Locker Rooms, Outdoor Court, Fitness Center",5:00 PM - 7:00 PM,All Ages,Boys,32,Basketball Federation Certified,3.8,48,True,"{""instagram"": ""https://instagram.com/dynamic-sports-club-dhanbad-338"", ""facebook"": ""https://facebook.com/dynamic-sports-club-dhanbad-338"", ""youtube"": ""https://youtube.com/@dynamic-sports-club-dhanbad-338""}"
11e016a8-297d-4664-b904-31f19a4167d2,Dynamic Sports Club Ranchi 339,dynamic-sports-club-ranchi-339,23.307376,85.283085,Professional Athletics coaching academy offering structured training programs.,Athletics,"Plot 252, Champions Street, Ranchi",Ranchi,Jharkhand,+916541426075,"https://maps.google.com/?q=23.307376,85.283085",https://picsum.photos/seed/dynamic-sports-club-ranchi-339/800/600,Harish Kumar,Athletics,16 Years,Dynamic Sports Club Ranchi 339,₹4431/month,"Fitness Center, Recovery Zone, Gym, Running Track",6:00 AM - 8:00 AM,18+,Girls,89,Athletics Federation Certified,4.8,281,True,"{""instagram"": ""https://instagram.com/dynamic-sports-club-ranchi-339"", ""facebook"": ""https://facebook.com/dynamic-sports-club-ranchi-339"", ""youtube"": ""https://youtube.com/@dynamic-sports-club-ranchi-339""}"
970de1e5-9027-4db2-9ade-ce3abbfa7bfa,Future Sports Club Dhanbad 340,future-sports-club-dhanbad-340,23.805335,86.414514,Professional Tennis coaching academy offering structured training programs.,Tennis,"Plot 51, Athletic Colony, Dhanbad",Dhanbad,Jharkhand,+918224636489,"https://maps.google.com/?q=23.805335,86.414514",https://picsum.photos/seed/future-sports-club-dhanbad-340/800/600,Rohit Patel,Tennis,5 Years,Future Sports Club Dhanbad 340,₹11992/month,"Clay Court, Ball Machine, Fitness Center, Hard Court",5:00 PM - 7:00 PM,15-18,Mixed,45,AITA Certified Coach,4.7,85,True,"{""instagram"": ""https://instagram.com/future-sports-club-dhanbad-340"", ""facebook"": ""https://facebook.com/future-sports-club-dhanbad-340"", ""youtube"": ""https://youtube.com/@future-sports-club-dhanbad-340""}"
9de63f59-f16f-4400-b0e6-5dae6fb7dd0b,Dynamic Training Center Jamshedpur 341,dynamic-training-center-jamshedpur-341,22.793995,86.199286,Professional Volleyball coaching academy offering structured training programs.,Volleyball,"Plot 294, Main Road, Jamshedpur",Jamshedpur,Jharkhand,+919194018416,"https://maps.google.com/?q=22.793995,86.199286",https://picsum.photos/seed/dynamic-training-center-jamshedpur-341/800/600,Arjun Yadav,Volleyball,11 Years,Dynamic Training Center Jamshedpur 341,₹2714/month,"Sand Court, Fitness Center, Indoor Court, Flood Lights",6:00 AM - 8:00 AM,5-10,Girls,52,Volleyball Federation Certified,4.0,37,False,"{""instagram"": ""https://instagram.com/dynamic-training-center-jamshedpur-341"", ""facebook"": ""https://facebook.com/dynamic-training-center-jamshedpur-341"", ""youtube"": ""https://youtube.com/@dynamic-training-center-jamshedpur-341""}"
c1386a91-0b5c-44c4-9ba7-de430dad626a,Champion Training Center Dhanbad 342,champion-training-center-dhanbad-342,23.760138,86.419332,Professional Football coaching academy offering structured training programs.,Football,"Plot 3, Ring Road, Dhanbad",Dhanbad,Jharkhand,+916351934391,"https://maps.google.com/?q=23.760138,86.419332",https://picsum.photos/seed/champion-training-center-dhanbad-342/800/600,Ajay Yadav,Football,23 Years,Champion Training Center Dhanbad 342,₹7996/month,"Training Cones, Flood Lights, Fitness Center, Locker Rooms",6:00 PM - 8:00 PM,5-10,Girls,36,"AIFF D License, AIFF C License",4.8,121,False,"{""instagram"": ""https://instagram.com/champion-training-center-dhanbad-342"", ""facebook"": ""https://facebook.com/champion-training-center-dhanbad-342"", ""youtube"": ""https://youtube.com/@champion-training-center-dhanbad-342""}"
1b3e48f7-efcd-4006-9eee-c8dc659c7235,Royal Athletic Center Ranchi 343,royal-athletic-center-ranchi-343,23.343323,85.309313,Professional Badminton coaching academy offering structured training programs.,Badminton,"Plot 880, Victory Avenue, Ranchi",Ranchi,Jharkhand,+918813552358,"https://maps.google.com/?q=23.343323,85.309313",https://picsum.photos/seed/royal-athletic-center-ranchi-343/800/600,Deepak Pillai,Badminton,6 Years,Royal Athletic Center Ranchi 343,₹4900/month,"Wooden Courts, Fitness Center, Shuttle Supply, Indoor Courts",6:00 PM - 8:00 PM,18+,Boys,38,BAI Certified Coach,3.9,68,True,"{""instagram"": ""https://instagram.com/royal-athletic-center-ranchi-343"", ""facebook"": ""https://facebook.com/royal-athletic-center-ranchi-343"", ""youtube"": ""https://youtube.com/@royal-athletic-center-ranchi-343""}"
c29cca89-7ead-4ada-a7d0-06ce0eb276e8,Legend Sports Institute Ranchi 344,legend-sports-institute-ranchi-344,23.306551,85.334966,Professional Swimming coaching academy offering structured training programs.,Swimming,"Plot 1, Central Park, Ranchi",Ranchi,Jharkhand,+917333910551,"https://maps.google.com/?q=23.306551,85.334966",https://picsum.photos/seed/legend-sports-institute-ranchi-344/800/600,Suresh Sharma,Swimming,14 Years,Legend Sports Institute Ranchi 344,₹7099/month,"Kids Pool, Lifeguard Support, Olympic Pool, Changing Rooms",6:00 PM - 8:00 PM,18+,Mixed,55,Swimming Federation Certified,3.5,171,False,"{""instagram"": ""https://instagram.com/legend-sports-institute-ranchi-344"", ""facebook"": ""https://facebook.com/legend-sports-institute-ranchi-344"", ""youtube"": ""https://youtube.com/@legend-sports-institute-ranchi-344""}"
14e41472-2024-4251-8158-ac7823279cde,Master Sports Club Ranchi 345,master-sports-club-ranchi-345,23.365362,85.327002,Professional Badminton coaching academy offering structured training programs.,Badminton,"Plot 93, Sports Hub, Ranchi",Ranchi,Jharkhand,+919766273067,"https://maps.google.com/?q=23.365362,85.327002",https://picsum.photos/seed/master-sports-club-ranchi-345/800/600,Ajay Gupta,Badminton,21 Years,Master Sports Club Ranchi 345,₹4062/month,"Shuttle Supply, Indoor Courts, Wooden Courts, Fitness Center",4:00 PM - 6:00 PM,5-10,Boys,79,BAI Certified Coach,4.6,469,True,"{""instagram"": ""https://instagram.com/master-sports-club-ranchi-345"", ""facebook"": ""https://facebook.com/master-sports-club-ranchi-345"", ""youtube"": ""https://youtube.com/@master-sports-club-ranchi-345""}"
ee8fa1b2-327b-4571-b2a4-255ad003debb,National Sports Academy Ranchi 346,national-sports-academy-ranchi-346,23.378616,85.342914,Professional Badminton coaching academy offering structured training programs.,Badminton,"Plot 311, Victory Avenue, Ranchi",Ranchi,Jharkhand,+916466580437,"https://maps.google.com/?q=23.378616,85.342914",https://picsum.photos/seed/national-sports-academy-ranchi-346/800/600,Vikram Singh,Badminton,16 Years,National Sports Academy Ranchi 346,₹2957/month,"Indoor Courts, Wooden Courts, Shuttle Supply, Fitness Center",4:00 PM - 6:00 PM,10-15,Mixed,79,BAI Certified Coach,4.9,115,False,"{""instagram"": ""https://instagram.com/national-sports-academy-ranchi-346"", ""facebook"": ""https://facebook.com/national-sports-academy-ranchi-346"", ""youtube"": ""https://youtube.com/@national-sports-academy-ranchi-346""}"
4ee7803e-54f3-496f-87dd-c34acac55dfb,Master Training Center Ranchi 347,master-training-center-ranchi-347,23.362432,85.357645,Professional Basketball coaching academy offering structured training programs.,Basketball,"Plot 580, Ring Road, Ranchi",Ranchi,Jharkhand,+919422785183,"https://maps.google.com/?q=23.362432,85.357645",https://picsum.photos/seed/master-training-center-ranchi-347/800/600,Ravi Nair,Basketball,3 Years,Master Training Center Ranchi 347,₹2511/month,"Fitness Center, Indoor Court, Outdoor Court, Locker Rooms",5:00 PM - 7:00 PM,15-18,Mixed,88,Basketball Federation Certified,3.8,398,True,"{""instagram"": ""https://instagram.com/master-training-center-ranchi-347"", ""facebook"": ""https://facebook.com/master-training-center-ranchi-347"", ""youtube"": ""https://youtube.com/@master-training-center-ranchi-347""}"
29d4ee29-fdbc-4ab6-9e84-0dedba531052,Legend Performance Academy Ranchi 348,legend-performance-academy-ranchi-348,23.345585,85.264116,Professional Badminton coaching academy offering structured training programs.,Badminton,"Plot 460, Main Road, Ranchi",Ranchi,Jharkhand,+917706559182,"https://maps.google.com/?q=23.345585,85.264116",https://picsum.photos/seed/legend-performance-academy-ranchi-348/800/600,Ajay Yadav,Badminton,2 Years,Legend Performance Academy Ranchi 348,₹5209/month,"Indoor Courts, Shuttle Supply, Wooden Courts, Fitness Center",5:30 AM - 7:30 AM,10-15,Girls,60,BAI Certified Coach,3.6,218,True,"{""instagram"": ""https://instagram.com/legend-performance-academy-ranchi-348"", ""facebook"": ""https://facebook.com/legend-performance-academy-ranchi-348"", ""youtube"": ""https://youtube.com/@legend-performance-academy-ranchi-348""}"
7d1bfd19-dda8-41e1-8ecc-c593fa027df1,Victory Training Center Jamshedpur 349,victory-training-center-jamshedpur-349,22.811973,86.246062,Professional Football coaching academy offering structured training programs.,Football,"Plot 797, Sports Nagar, Jamshedpur",Jamshedpur,Jharkhand,+916668809286,"https://maps.google.com/?q=22.811973,86.246062",https://picsum.photos/seed/victory-training-center-jamshedpur-349/800/600,Arjun Rao,Football,23 Years,Victory Training Center Jamshedpur 349,₹5452/month,"Training Cones, Flood Lights, Locker Rooms, Natural Grass Ground",4:00 PM - 6:00 PM,All Ages,Girls,77,"AIFF D License, AIFF C License",3.8,45,False,"{""instagram"": ""https://instagram.com/victory-training-center-jamshedpur-349"", ""facebook"": ""https://facebook.com/victory-training-center-jamshedpur-349"", ""youtube"": ""https://youtube.com/@victory-training-center-jamshedpur-349""}"
d135b0e4-9c90-4cdf-952b-9d58a79a5835,Pro Athletic Center Ranchi 350,pro-athletic-center-ranchi-350,23.385434,85.324624,Professional Badminton coaching academy offering structured training programs.,Badminton,"Plot 596, Stadium Road, Ranchi",Ranchi,Jharkhand,+916046999869,"https://maps.google.com/?q=23.385434,85.324624",https://picsum.photos/seed/pro-athletic-center-ranchi-350/800/600,Kiran Rao,Badminton,10 Years,Pro Athletic Center Ranchi 350,₹6134/month,"Shuttle Supply, Fitness Center, Wooden Courts, Indoor Courts",5:00 PM - 7:00 PM,15-18,Boys,77,BAI Certified Coach,4.6,351,False,"{""instagram"": ""https://instagram.com/pro-athletic-center-ranchi-350"", ""facebook"": ""https://facebook.com/pro-athletic-center-ranchi-350"", ""youtube"": ""https://youtube.com/@pro-athletic-center-ranchi-350""}"
6bf0f726-10d3-4515-89db-b2b0ad3d56f5,Legend Training Center Hubballi 351,legend-training-center-hubballi-351,15.333842,75.084992,Professional Basketball coaching academy offering structured training programs.,Basketball,"Plot 257, Athletic Colony, Hubballi",Hubballi,Karnataka,+917594818539,"https://maps.google.com/?q=15.333842,75.084992",https://picsum.photos/seed/legend-training-center-hubballi-351/800/600,Rahul Choudhary,Basketball,10 Years,Legend Training Center Hubballi 351,₹5731/month,"Fitness Center, Indoor Court, Locker Rooms, Outdoor Court",5:00 PM - 7:00 PM,10-15,Girls,86,Basketball Federation Certified,3.7,329,True,"{""instagram"": ""https://instagram.com/legend-training-center-hubballi-351"", ""facebook"": ""https://facebook.com/legend-training-center-hubballi-351"", ""youtube"": ""https://youtube.com/@legend-training-center-hubballi-351""}"
dc854335-dfd9-45cc-b9fd-746b324e6aae,Prime Sports Club Hubballi 352,prime-sports-club-hubballi-352,15.374795,75.087152,Professional Football coaching academy offering structured training programs.,Football,"Plot 346, Central Park, Hubballi",Hubballi,Karnataka,+919232424728,"https://maps.google.com/?q=15.374795,75.087152",https://picsum.photos/seed/prime-sports-club-hubballi-352/800/600,Tarun Pillai,Football,6 Years,Prime Sports Club Hubballi 352,₹4338/month,"Flood Lights, Locker Rooms, Natural Grass Ground, Training Cones",5:00 PM - 7:00 PM,15-18,Boys,52,"AIFF D License, AIFF C License",4.3,266,True,"{""instagram"": ""https://instagram.com/prime-sports-club-hubballi-352"", ""facebook"": ""https://facebook.com/prime-sports-club-hubballi-352"", ""youtube"": ""https://youtube.com/@prime-sports-club-hubballi-352""}"
30b702e1-2a87-44b0-b477-78efaade0c01,Royal Sports Academy Mysuru 353,royal-sports-academy-mysuru-353,12.312392,76.591481,Professional Swimming coaching academy offering structured training programs.,Swimming,"Plot 841, Victory Avenue, Mysuru",Mysuru,Karnataka,+918189936305,"https://maps.google.com/?q=12.312392,76.591481",https://picsum.photos/seed/royal-sports-academy-mysuru-353/800/600,Vikram Nair,Swimming,20 Years,Royal Sports Academy Mysuru 353,₹7461/month,"Kids Pool, Changing Rooms, Lifeguard Support, Olympic Pool",6:00 AM - 8:00 AM,10-15,Girls,20,Swimming Federation Certified,3.7,126,True,"{""instagram"": ""https://instagram.com/royal-sports-academy-mysuru-353"", ""facebook"": ""https://facebook.com/royal-sports-academy-mysuru-353"", ""youtube"": ""https://youtube.com/@royal-sports-academy-mysuru-353""}"
578b18cc-ce3f-4ab7-bea3-3ccf5667ba9f,National Training Center Bengaluru 354,national-training-center-bengaluru-354,12.990419,77.572981,Professional Football coaching academy offering structured training programs.,Football,"Plot 106, Central Park, Bengaluru",Bengaluru,Karnataka,+919379384724,"https://maps.google.com/?q=12.990419,77.572981",https://picsum.photos/seed/national-training-center-bengaluru-354/800/600,Lokesh Mishra,Football,5 Years,National Training Center Bengaluru 354,₹7439/month,"Fitness Center, Natural Grass Ground, Training Cones, Flood Lights",6:00 AM - 8:00 AM,5-10,Mixed,50,"AIFF D License, AIFF C License",4.5,232,False,"{""instagram"": ""https://instagram.com/national-training-center-bengaluru-354"", ""facebook"": ""https://facebook.com/national-training-center-bengaluru-354"", ""youtube"": ""https://youtube.com/@national-training-center-bengaluru-354""}"
147e0d53-77b6-491e-a43b-d4598beb4187,Victory Sports Institute Hubballi 355,victory-sports-institute-hubballi-355,15.358406,75.170076,Professional Football coaching academy offering structured training programs.,Football,"Plot 739, Main Road, Hubballi",Hubballi,Karnataka,+917664503953,"https://maps.google.com/?q=15.358406,75.170076",https://picsum.photos/seed/victory-sports-institute-hubballi-355/800/600,Vikram Kumar,Football,17 Years,Victory Sports Institute Hubballi 355,₹6220/month,"Flood Lights, Natural Grass Ground, Training Cones, Locker Rooms",4:00 PM - 6:00 PM,All Ages,Boys,66,"AIFF D License, AIFF C License",3.8,127,False,"{""instagram"": ""https://instagram.com/victory-sports-institute-hubballi-355"", ""facebook"": ""https://facebook.com/victory-sports-institute-hubballi-355"", ""youtube"": ""https://youtube.com/@victory-sports-institute-hubballi-355""}"
47109058-d67e-4e2f-b231-92bbf67b6882,Prime Sports Academy Hubballi 356,prime-sports-academy-hubballi-356,15.37526,75.159785,Professional Athletics coaching academy offering structured training programs.,Athletics,"Plot 905, Central Park, Hubballi",Hubballi,Karnataka,+919625983158,"https://maps.google.com/?q=15.37526,75.159785",https://picsum.photos/seed/prime-sports-academy-hubballi-356/800/600,Deepak Verma,Athletics,13 Years,Prime Sports Academy Hubballi 356,₹3051/month,"Recovery Zone, Gym, Fitness Center, Running Track",6:00 AM - 8:00 AM,15-18,Boys,31,Athletics Federation Certified,4.5,291,True,"{""instagram"": ""https://instagram.com/prime-sports-academy-hubballi-356"", ""facebook"": ""https://facebook.com/prime-sports-academy-hubballi-356"", ""youtube"": ""https://youtube.com/@prime-sports-academy-hubballi-356""}"
2192acd4-5f4e-448e-8a34-e155c376ce26,Royal Athletic Center Mangaluru 357,royal-athletic-center-mangaluru-357,12.869337,74.845887,Professional Volleyball coaching academy offering structured training programs.,Volleyball,"Plot 98, Victory Avenue, Mangaluru",Mangaluru,Karnataka,+918285603895,"https://maps.google.com/?q=12.869337,74.845887",https://picsum.photos/seed/royal-athletic-center-mangaluru-357/800/600,Rahul Choudhary,Volleyball,14 Years,Royal Athletic Center Mangaluru 357,₹3057/month,"Indoor Court, Flood Lights, Fitness Center, Sand Court",6:00 AM - 8:00 AM,18+,Boys,42,Volleyball Federation Certified,4.1,69,False,"{""instagram"": ""https://instagram.com/royal-athletic-center-mangaluru-357"", ""facebook"": ""https://facebook.com/royal-athletic-center-mangaluru-357"", ""youtube"": ""https://youtube.com/@royal-athletic-center-mangaluru-357""}"
e61a12e3-94dc-422c-b468-7e5777b0478c,Pro Sports Club Hubballi 358,pro-sports-club-hubballi-358,15.392812,75.090157,Professional Badminton coaching academy offering structured training programs.,Badminton,"Plot 810, Athletic Colony, Hubballi",Hubballi,Karnataka,+918398655371,"https://maps.google.com/?q=15.392812,75.090157",https://picsum.photos/seed/pro-sports-club-hubballi-358/800/600,Rahul Kumar,Badminton,11 Years,Pro Sports Club Hubballi 358,₹5717/month,"Indoor Courts, Shuttle Supply, Wooden Courts, Fitness Center",6:00 AM - 8:00 AM,15-18,Girls,81,BAI Certified Coach,4.0,408,True,"{""instagram"": ""https://instagram.com/pro-sports-club-hubballi-358"", ""facebook"": ""https://facebook.com/pro-sports-club-hubballi-358"", ""youtube"": ""https://youtube.com/@pro-sports-club-hubballi-358""}"
e84d2338-1942-4a32-8286-41fa2bddc365,Future Performance Academy Hubballi 359,future-performance-academy-hubballi-359,15.330998,75.080987,Professional Football coaching academy offering structured training programs.,Football,"Plot 388, Sports Nagar, Hubballi",Hubballi,Karnataka,+917692939540,"https://maps.google.com/?q=15.330998,75.080987",https://picsum.photos/seed/future-performance-academy-hubballi-359/800/600,Vikram Reddy,Football,3 Years,Future Performance Academy Hubballi 359,₹7897/month,"Training Cones, Fitness Center, Flood Lights, Locker Rooms",6:00 PM - 8:00 PM,15-18,Boys,51,"AIFF D License, AIFF C License",4.0,98,False,"{""instagram"": ""https://instagram.com/future-performance-academy-hubballi-359"", ""facebook"": ""https://facebook.com/future-performance-academy-hubballi-359"", ""youtube"": ""https://youtube.com/@future-performance-academy-hubballi-359""}"
dfca1e7a-ab86-4d17-b3f1-381c8e37f373,National Training Center Hubballi 360,national-training-center-hubballi-360,15.33501,75.13005,Professional Cricket coaching academy offering structured training programs.,Cricket,"Plot 528, Main Road, Hubballi",Hubballi,Karnataka,+917776216710,"https://maps.google.com/?q=15.33501,75.13005",https://picsum.photos/seed/national-training-center-hubballi-360/800/600,Prakash Singh,Cricket,10 Years,National Training Center Hubballi 360,₹8383/month,"Video Analysis, Turf Nets, Practice Pitch, Bowling Machine",5:30 AM - 7:30 AM,5-10,Mixed,27,"BCCI Level 1, BCCI Level 2",4.0,462,False,"{""instagram"": ""https://instagram.com/national-training-center-hubballi-360"", ""facebook"": ""https://facebook.com/national-training-center-hubballi-360"", ""youtube"": ""https://youtube.com/@national-training-center-hubballi-360""}"
7f650464-9e96-4fd5-b813-2664b5101e76,Star Sports Club Mangaluru 361,star-sports-club-mangaluru-361,12.905935,74.850009,Professional Football coaching academy offering structured training programs.,Football,"Plot 606, Main Road, Mangaluru",Mangaluru,Karnataka,+916840786299,"https://maps.google.com/?q=12.905935,74.850009",https://picsum.photos/seed/star-sports-club-mangaluru-361/800/600,Suresh Yadav,Football,9 Years,Star Sports Club Mangaluru 361,₹2729/month,"Training Cones, Flood Lights, Locker Rooms, Natural Grass Ground",5:30 AM - 7:30 AM,5-10,Boys,99,"AIFF D License, AIFF C License",3.7,134,False,"{""instagram"": ""https://instagram.com/star-sports-club-mangaluru-361"", ""facebook"": ""https://facebook.com/star-sports-club-mangaluru-361"", ""youtube"": ""https://youtube.com/@star-sports-club-mangaluru-361""}"
13db1490-50c3-4c7d-9f90-da90878a7c1c,Prime Performance Academy Mysuru 362,prime-performance-academy-mysuru-362,12.26309,76.661497,Professional Badminton coaching academy offering structured training programs.,Badminton,"Plot 659, Sports Hub, Mysuru",Mysuru,Karnataka,+919635617395,"https://maps.google.com/?q=12.26309,76.661497",https://picsum.photos/seed/prime-performance-academy-mysuru-362/800/600,Harish Singh,Badminton,8 Years,Prime Performance Academy Mysuru 362,₹2475/month,"Indoor Courts, Shuttle Supply, Fitness Center, Wooden Courts",5:00 PM - 7:00 PM,10-15,Mixed,71,BAI Certified Coach,4.0,255,False,"{""instagram"": ""https://instagram.com/prime-performance-academy-mysuru-362"", ""facebook"": ""https://facebook.com/prime-performance-academy-mysuru-362"", ""youtube"": ""https://youtube.com/@prime-performance-academy-mysuru-362""}"
b105f45e-98a8-4597-b620-b9991fc67849,Star Sports Club Bengaluru 363,star-sports-club-bengaluru-363,12.938398,77.554191,Professional Basketball coaching academy offering structured training programs.,Basketball,"Plot 366, Central Park, Bengaluru",Bengaluru,Karnataka,+918397596855,"https://maps.google.com/?q=12.938398,77.554191",https://picsum.photos/seed/star-sports-club-bengaluru-363/800/600,Aman Choudhary,Basketball,24 Years,Star Sports Club Bengaluru 363,₹3433/month,"Outdoor Court, Fitness Center, Indoor Court, Locker Rooms",6:00 AM - 8:00 AM,All Ages,Boys,85,Basketball Federation Certified,3.5,239,True,"{""instagram"": ""https://instagram.com/star-sports-club-bengaluru-363"", ""facebook"": ""https://facebook.com/star-sports-club-bengaluru-363"", ""youtube"": ""https://youtube.com/@star-sports-club-bengaluru-363""}"
c7e206cb-acdd-4748-9bd3-5fab325b4a58,Elite Sports Club Mysuru 364,elite-sports-club-mysuru-364,12.315112,76.651428,Professional Cricket coaching academy offering structured training programs.,Cricket,"Plot 733, Sports Nagar, Mysuru",Mysuru,Karnataka,+917230443739,"https://maps.google.com/?q=12.315112,76.651428",https://picsum.photos/seed/elite-sports-club-mysuru-364/800/600,Deepak Pillai,Cricket,2 Years,Elite Sports Club Mysuru 364,₹3680/month,"Bowling Machine, Video Analysis, Gym, Turf Nets",5:30 AM - 7:30 AM,15-18,Girls,66,"BCCI Level 1, BCCI Level 2",3.6,25,False,"{""instagram"": ""https://instagram.com/elite-sports-club-mysuru-364"", ""facebook"": ""https://facebook.com/elite-sports-club-mysuru-364"", ""youtube"": ""https://youtube.com/@elite-sports-club-mysuru-364""}"
854e47b3-8729-4a23-9950-b59c074ccee6,Master Sports Club Bengaluru 365,master-sports-club-bengaluru-365,12.979935,77.639197,Professional Swimming coaching academy offering structured training programs.,Swimming,"Plot 403, Main Road, Bengaluru",Bengaluru,Karnataka,+916936207150,"https://maps.google.com/?q=12.979935,77.639197",https://picsum.photos/seed/master-sports-club-bengaluru-365/800/600,Sanjay Sharma,Swimming,3 Years,Master Sports Club Bengaluru 365,₹8813/month,"Lifeguard Support, Olympic Pool, Kids Pool, Changing Rooms",6:00 AM - 8:00 AM,10-15,Girls,79,Swimming Federation Certified,3.5,60,False,"{""instagram"": ""https://instagram.com/master-sports-club-bengaluru-365"", ""facebook"": ""https://facebook.com/master-sports-club-bengaluru-365"", ""youtube"": ""https://youtube.com/@master-sports-club-bengaluru-365""}"
95d737ca-5f78-42bf-b96d-4dfd3e3de3f9,Royal Sports Academy Bengaluru 366,royal-sports-academy-bengaluru-366,12.998893,77.63875,Professional Swimming coaching academy offering structured training programs.,Swimming,"Plot 971, Athletic Colony, Bengaluru",Bengaluru,Karnataka,+917821205626,"https://maps.google.com/?q=12.998893,77.63875",https://picsum.photos/seed/royal-sports-academy-bengaluru-366/800/600,Rohit Pillai,Swimming,17 Years,Royal Sports Academy Bengaluru 366,₹7472/month,"Olympic Pool, Changing Rooms, Kids Pool, Lifeguard Support",6:00 PM - 8:00 PM,15-18,Boys,75,Swimming Federation Certified,3.6,116,True,"{""instagram"": ""https://instagram.com/royal-sports-academy-bengaluru-366"", ""facebook"": ""https://facebook.com/royal-sports-academy-bengaluru-366"", ""youtube"": ""https://youtube.com/@royal-sports-academy-bengaluru-366""}"
86b1637f-c2f4-407a-8d31-a167abe38717,Prime Training Center Mangaluru 367,prime-training-center-mangaluru-367,12.948498,74.806657,Professional Swimming coaching academy offering structured training programs.,Swimming,"Plot 556, Central Park, Mangaluru",Mangaluru,Karnataka,+919837393884,"https://maps.google.com/?q=12.948498,74.806657",https://picsum.photos/seed/prime-training-center-mangaluru-367/800/600,Suresh Mishra,Swimming,14 Years,Prime Training Center Mangaluru 367,₹9166/month,"Changing Rooms, Lifeguard Support, Olympic Pool, Kids Pool",5:30 AM - 7:30 AM,18+,Mixed,67,Swimming Federation Certified,4.5,336,False,"{""instagram"": ""https://instagram.com/prime-training-center-mangaluru-367"", ""facebook"": ""https://facebook.com/prime-training-center-mangaluru-367"", ""youtube"": ""https://youtube.com/@prime-training-center-mangaluru-367""}"
64aae546-0869-4202-aa64-3cd0892db63f,Future Performance Academy Bengaluru 368,future-performance-academy-bengaluru-368,12.940102,77.572103,Professional Badminton coaching academy offering structured training programs.,Badminton,"Plot 975, Sports Nagar, Bengaluru",Bengaluru,Karnataka,+917293229458,"https://maps.google.com/?q=12.940102,77.572103",https://picsum.photos/seed/future-performance-academy-bengaluru-368/800/600,Deepak Pillai,Badminton,11 Years,Future Performance Academy Bengaluru 368,₹5411/month,"Wooden Courts, Fitness Center, Shuttle Supply, Indoor Courts",5:00 PM - 7:00 PM,18+,Boys,85,BAI Certified Coach,4.4,430,False,"{""instagram"": ""https://instagram.com/future-performance-academy-bengaluru-368"", ""facebook"": ""https://facebook.com/future-performance-academy-bengaluru-368"", ""youtube"": ""https://youtube.com/@future-performance-academy-bengaluru-368""}"
5f4afdab-d7e3-4421-a391-4a9a5da86685,Legend Sports Club Mysuru 369,legend-sports-club-mysuru-369,12.345163,76.671948,Professional Football coaching academy offering structured training programs.,Football,"Plot 602, Athletic Colony, Mysuru",Mysuru,Karnataka,+918203566263,"https://maps.google.com/?q=12.345163,76.671948",https://picsum.photos/seed/legend-sports-club-mysuru-369/800/600,Deepak Singh,Football,21 Years,Legend Sports Club Mysuru 369,₹5861/month,"Flood Lights, Training Cones, Natural Grass Ground, Fitness Center",4:00 PM - 6:00 PM,10-15,Girls,72,"AIFF D License, AIFF C License",3.6,247,False,"{""instagram"": ""https://instagram.com/legend-sports-club-mysuru-369"", ""facebook"": ""https://facebook.com/legend-sports-club-mysuru-369"", ""youtube"": ""https://youtube.com/@legend-sports-club-mysuru-369""}"
7871642d-063a-4963-8e1e-0f09a8fd76f5,Champion Performance Academy Hubballi 370,champion-performance-academy-hubballi-370,15.387855,75.155994,Professional Cricket coaching academy offering structured training programs.,Cricket,"Plot 905, Sports Hub, Hubballi",Hubballi,Karnataka,+916084618561,"https://maps.google.com/?q=15.387855,75.155994",https://picsum.photos/seed/champion-performance-academy-hubballi-370/800/600,Mahesh Reddy,Cricket,16 Years,Champion Performance Academy Hubballi 370,₹8474/month,"Gym, Practice Pitch, Bowling Machine, Turf Nets",4:00 PM - 6:00 PM,All Ages,Mixed,74,"BCCI Level 1, BCCI Level 2",4.4,290,True,"{""instagram"": ""https://instagram.com/champion-performance-academy-hubballi-370"", ""facebook"": ""https://facebook.com/champion-performance-academy-hubballi-370"", ""youtube"": ""https://youtube.com/@champion-performance-academy-hubballi-370""}"
0f2be99e-48da-4072-9759-19b0ec6e8e50,Pro Athletic Center Bengaluru 371,pro-athletic-center-bengaluru-371,12.993467,77.619946,Professional Basketball coaching academy offering structured training programs.,Basketball,"Plot 129, Sports Nagar, Bengaluru",Bengaluru,Karnataka,+919367401664,"https://maps.google.com/?q=12.993467,77.619946",https://picsum.photos/seed/pro-athletic-center-bengaluru-371/800/600,Rahul Verma,Basketball,10 Years,Pro Athletic Center Bengaluru 371,₹3674/month,"Outdoor Court, Locker Rooms, Fitness Center, Indoor Court",6:00 PM - 8:00 PM,10-15,Mixed,92,Basketball Federation Certified,5.0,92,False,"{""instagram"": ""https://instagram.com/pro-athletic-center-bengaluru-371"", ""facebook"": ""https://facebook.com/pro-athletic-center-bengaluru-371"", ""youtube"": ""https://youtube.com/@pro-athletic-center-bengaluru-371""}"
eaf05082-c783-41cd-b554-36bd3b4b6627,Elite Training Center Mangaluru 372,elite-training-center-mangaluru-372,12.881672,74.903908,Professional Athletics coaching academy offering structured training programs.,Athletics,"Plot 54, Athletic Colony, Mangaluru",Mangaluru,Karnataka,+919859293851,"https://maps.google.com/?q=12.881672,74.903908",https://picsum.photos/seed/elite-training-center-mangaluru-372/800/600,Kiran Singh,Athletics,17 Years,Elite Training Center Mangaluru 372,₹4641/month,"Fitness Center, Running Track, Gym, Recovery Zone",5:00 PM - 7:00 PM,All Ages,Boys,58,Athletics Federation Certified,5.0,128,False,"{""instagram"": ""https://instagram.com/elite-training-center-mangaluru-372"", ""facebook"": ""https://facebook.com/elite-training-center-mangaluru-372"", ""youtube"": ""https://youtube.com/@elite-training-center-mangaluru-372""}"
a4c69eff-8c13-4fc7-9026-89ef7ce91490,Star Sports Club Hubballi 373,star-sports-club-hubballi-373,15.382941,75.146279,Professional Football coaching academy offering structured training programs.,Football,"Plot 516, Athletic Colony, Hubballi",Hubballi,Karnataka,+919955901232,"https://maps.google.com/?q=15.382941,75.146279",https://picsum.photos/seed/star-sports-club-hubballi-373/800/600,Tarun Kumar,Football,24 Years,Star Sports Club Hubballi 373,₹6820/month,"Flood Lights, Locker Rooms, Fitness Center, Training Cones",4:00 PM - 6:00 PM,All Ages,Girls,55,"AIFF D License, AIFF C License",4.7,414,True,"{""instagram"": ""https://instagram.com/star-sports-club-hubballi-373"", ""facebook"": ""https://facebook.com/star-sports-club-hubballi-373"", ""youtube"": ""https://youtube.com/@star-sports-club-hubballi-373""}"
993b13bf-54af-48a6-808c-d8fee6d92a59,Champion Performance Academy Bengaluru 374,champion-performance-academy-bengaluru-374,12.946879,77.5741,Professional Badminton coaching academy offering structured training programs.,Badminton,"Plot 665, Victory Avenue, Bengaluru",Bengaluru,Karnataka,+917609498970,"https://maps.google.com/?q=12.946879,77.5741",https://picsum.photos/seed/champion-performance-academy-bengaluru-374/800/600,Aman Kumar,Badminton,25 Years,Champion Performance Academy Bengaluru 374,₹6925/month,"Wooden Courts, Fitness Center, Indoor Courts, Shuttle Supply",5:00 PM - 7:00 PM,18+,Mixed,100,BAI Certified Coach,4.4,397,True,"{""instagram"": ""https://instagram.com/champion-performance-academy-bengaluru-374"", ""facebook"": ""https://facebook.com/champion-performance-academy-bengaluru-374"", ""youtube"": ""https://youtube.com/@champion-performance-academy-bengaluru-374""}"
04dd94a8-2fa1-4fca-805f-cb4ca795031d,Pro Sports Institute Bengaluru 375,pro-sports-institute-bengaluru-375,12.958931,77.599312,Professional Cricket coaching academy offering structured training programs.,Cricket,"Plot 812, Stadium Road, Bengaluru",Bengaluru,Karnataka,+919471450435,"https://maps.google.com/?q=12.958931,77.599312",https://picsum.photos/seed/pro-sports-institute-bengaluru-375/800/600,Prakash Rao,Cricket,9 Years,Pro Sports Institute Bengaluru 375,₹8160/month,"Practice Pitch, Gym, Video Analysis, Bowling Machine",5:00 PM - 7:00 PM,15-18,Mixed,79,"BCCI Level 1, BCCI Level 2",4.7,363,True,"{""instagram"": ""https://instagram.com/pro-sports-institute-bengaluru-375"", ""facebook"": ""https://facebook.com/pro-sports-institute-bengaluru-375"", ""youtube"": ""https://youtube.com/@pro-sports-institute-bengaluru-375""}"
fca1ae0f-2162-4f2e-bb6b-8295bd818b2e,Champion Sports Institute Bengaluru 376,champion-sports-institute-bengaluru-376,12.93294,77.572976,Professional Football coaching academy offering structured training programs.,Football,"Plot 406, Central Park, Bengaluru",Bengaluru,Karnataka,+919882134302,"https://maps.google.com/?q=12.93294,77.572976",https://picsum.photos/seed/champion-sports-institute-bengaluru-376/800/600,Rohit Verma,Football,7 Years,Champion Sports Institute Bengaluru 376,₹2865/month,"Natural Grass Ground, Training Cones, Fitness Center, Locker Rooms",4:00 PM - 6:00 PM,10-15,Girls,67,"AIFF D License, AIFF C License",3.6,449,False,"{""instagram"": ""https://instagram.com/champion-sports-institute-bengaluru-376"", ""facebook"": ""https://facebook.com/champion-sports-institute-bengaluru-376"", ""youtube"": ""https://youtube.com/@champion-sports-institute-bengaluru-376""}"
9a7f40da-fba2-4f9a-b655-693572270130,Champion Sports Academy Bengaluru 377,champion-sports-academy-bengaluru-377,12.932294,77.549134,Professional Tennis coaching academy offering structured training programs.,Tennis,"Plot 680, Central Park, Bengaluru",Bengaluru,Karnataka,+919076307652,"https://maps.google.com/?q=12.932294,77.549134",https://picsum.photos/seed/champion-sports-academy-bengaluru-377/800/600,Kiran Reddy,Tennis,3 Years,Champion Sports Academy Bengaluru 377,₹9777/month,"Fitness Center, Ball Machine, Hard Court, Clay Court",5:30 AM - 7:30 AM,10-15,Girls,64,AITA Certified Coach,3.7,433,False,"{""instagram"": ""https://instagram.com/champion-sports-academy-bengaluru-377"", ""facebook"": ""https://facebook.com/champion-sports-academy-bengaluru-377"", ""youtube"": ""https://youtube.com/@champion-sports-academy-bengaluru-377""}"
800f55d9-3eb1-4a60-b96c-17921aa44396,Master Performance Academy Mangaluru 378,master-performance-academy-mangaluru-378,12.869727,74.817704,Professional Cricket coaching academy offering structured training programs.,Cricket,"Plot 538, Champions Street, Mangaluru",Mangaluru,Karnataka,+917640816105,"https://maps.google.com/?q=12.869727,74.817704",https://picsum.photos/seed/master-performance-academy-mangaluru-378/800/600,Aman Mishra,Cricket,22 Years,Master Performance Academy Mangaluru 378,₹5273/month,"Turf Nets, Bowling Machine, Practice Pitch, Video Analysis",5:00 PM - 7:00 PM,5-10,Mixed,56,"BCCI Level 1, BCCI Level 2",4.8,147,True,"{""instagram"": ""https://instagram.com/master-performance-academy-mangaluru-378"", ""facebook"": ""https://facebook.com/master-performance-academy-mangaluru-378"", ""youtube"": ""https://youtube.com/@master-performance-academy-mangaluru-378""}"
174b2f38-cf0f-4e02-90a9-8747fbfc73ed,Dynamic Training Center Bengaluru 379,dynamic-training-center-bengaluru-379,12.947357,77.630169,Professional Cricket coaching academy offering structured training programs.,Cricket,"Plot 471, Ring Road, Bengaluru",Bengaluru,Karnataka,+919024768996,"https://maps.google.com/?q=12.947357,77.630169",https://picsum.photos/seed/dynamic-training-center-bengaluru-379/800/600,Harish Sharma,Cricket,21 Years,Dynamic Training Center Bengaluru 379,₹3165/month,"Video Analysis, Turf Nets, Gym, Bowling Machine",5:30 AM - 7:30 AM,15-18,Mixed,79,"BCCI Level 1, BCCI Level 2",4.3,357,True,"{""instagram"": ""https://instagram.com/dynamic-training-center-bengaluru-379"", ""facebook"": ""https://facebook.com/dynamic-training-center-bengaluru-379"", ""youtube"": ""https://youtube.com/@dynamic-training-center-bengaluru-379""}"
0f39454d-f110-440e-8706-f2d21c0aa3dc,Elite Sports Institute Hubballi 380,elite-sports-institute-hubballi-380,15.33514,75.080631,Professional Basketball coaching academy offering structured training programs.,Basketball,"Plot 280, Sports Nagar, Hubballi",Hubballi,Karnataka,+917014854433,"https://maps.google.com/?q=15.33514,75.080631",https://picsum.photos/seed/elite-sports-institute-hubballi-380/800/600,Rahul Gupta,Basketball,9 Years,Elite Sports Institute Hubballi 380,₹4350/month,"Indoor Court, Fitness Center, Locker Rooms, Outdoor Court",6:00 AM - 8:00 AM,All Ages,Girls,83,Basketball Federation Certified,3.9,150,True,"{""instagram"": ""https://instagram.com/elite-sports-institute-hubballi-380"", ""facebook"": ""https://facebook.com/elite-sports-institute-hubballi-380"", ""youtube"": ""https://youtube.com/@elite-sports-institute-hubballi-380""}"
0ea05c1d-508d-4e5a-84a1-9ad2bf8f4ce3,Dynamic Sports Institute Hubballi 381,dynamic-sports-institute-hubballi-381,15.325469,75.090302,Professional Tennis coaching academy offering structured training programs.,Tennis,"Plot 845, Athletic Colony, Hubballi",Hubballi,Karnataka,+918099339794,"https://maps.google.com/?q=15.325469,75.090302",https://picsum.photos/seed/dynamic-sports-institute-hubballi-381/800/600,Ravi Reddy,Tennis,20 Years,Dynamic Sports Institute Hubballi 381,₹9713/month,"Ball Machine, Fitness Center, Clay Court, Hard Court",5:30 AM - 7:30 AM,10-15,Girls,99,AITA Certified Coach,3.9,231,False,"{""instagram"": ""https://instagram.com/dynamic-sports-institute-hubballi-381"", ""facebook"": ""https://facebook.com/dynamic-sports-institute-hubballi-381"", ""youtube"": ""https://youtube.com/@dynamic-sports-institute-hubballi-381""}"
015060df-b26e-4762-8479-c8cdca887d2b,Legend Performance Academy Mysuru 382,legend-performance-academy-mysuru-382,12.290583,76.598351,Professional Cricket coaching academy offering structured training programs.,Cricket,"Plot 751, Central Park, Mysuru",Mysuru,Karnataka,+919337276549,"https://maps.google.com/?q=12.290583,76.598351",https://picsum.photos/seed/legend-performance-academy-mysuru-382/800/600,Tarun Pillai,Cricket,15 Years,Legend Performance Academy Mysuru 382,₹5286/month,"Bowling Machine, Gym, Turf Nets, Practice Pitch",5:00 PM - 7:00 PM,18+,Girls,77,"BCCI Level 1, BCCI Level 2",4.6,21,True,"{""instagram"": ""https://instagram.com/legend-performance-academy-mysuru-382"", ""facebook"": ""https://facebook.com/legend-performance-academy-mysuru-382"", ""youtube"": ""https://youtube.com/@legend-performance-academy-mysuru-382""}"
b54d4e81-c9a2-414e-8e64-a01ef372460d,Legend Athletic Center Hubballi 383,legend-athletic-center-hubballi-383,15.317667,75.159986,Professional Athletics coaching academy offering structured training programs.,Athletics,"Plot 128, Sports Complex, Hubballi",Hubballi,Karnataka,+919704793003,"https://maps.google.com/?q=15.317667,75.159986",https://picsum.photos/seed/legend-athletic-center-hubballi-383/800/600,Naveen Singh,Athletics,17 Years,Legend Athletic Center Hubballi 383,₹3978/month,"Recovery Zone, Fitness Center, Running Track, Gym",4:00 PM - 6:00 PM,18+,Girls,42,Athletics Federation Certified,4.9,166,False,"{""instagram"": ""https://instagram.com/legend-athletic-center-hubballi-383"", ""facebook"": ""https://facebook.com/legend-athletic-center-hubballi-383"", ""youtube"": ""https://youtube.com/@legend-athletic-center-hubballi-383""}"
fc3ded6f-baac-44b6-969d-b2b30c6104a1,Star Sports Institute Mangaluru 384,star-sports-institute-mangaluru-384,12.935025,74.852592,Professional Volleyball coaching academy offering structured training programs.,Volleyball,"Plot 645, Sports Nagar, Mangaluru",Mangaluru,Karnataka,+916840575548,"https://maps.google.com/?q=12.935025,74.852592",https://picsum.photos/seed/star-sports-institute-mangaluru-384/800/600,Suresh Sharma,Volleyball,13 Years,Star Sports Institute Mangaluru 384,₹2937/month,"Sand Court, Fitness Center, Flood Lights, Indoor Court",5:00 PM - 7:00 PM,15-18,Mixed,76,Volleyball Federation Certified,4.7,167,True,"{""instagram"": ""https://instagram.com/star-sports-institute-mangaluru-384"", ""facebook"": ""https://facebook.com/star-sports-institute-mangaluru-384"", ""youtube"": ""https://youtube.com/@star-sports-institute-mangaluru-384""}"
1419492b-be2a-45b6-8a9a-078ebdedefbd,Future Athletic Center Mysuru 385,future-athletic-center-mysuru-385,12.257025,76.60609,Professional Tennis coaching academy offering structured training programs.,Tennis,"Plot 574, Main Road, Mysuru",Mysuru,Karnataka,+917014923468,"https://maps.google.com/?q=12.257025,76.60609",https://picsum.photos/seed/future-athletic-center-mysuru-385/800/600,Harish Kumar,Tennis,7 Years,Future Athletic Center Mysuru 385,₹4399/month,"Ball Machine, Hard Court, Fitness Center, Clay Court",6:00 PM - 8:00 PM,18+,Mixed,91,AITA Certified Coach,5.0,136,False,"{""instagram"": ""https://instagram.com/future-athletic-center-mysuru-385"", ""facebook"": ""https://facebook.com/future-athletic-center-mysuru-385"", ""youtube"": ""https://youtube.com/@future-athletic-center-mysuru-385""}"
cd81ee58-729a-4c50-9106-8bf2c1e1965a,Royal Training Center Thiruvananthapuram 386,royal-training-center-thiruvananthapuram-386,8.486483,76.893875,Professional Tennis coaching academy offering structured training programs.,Tennis,"Plot 301, Champions Street, Thiruvananthapuram",Thiruvananthapuram,Kerala,+918055182299,"https://maps.google.com/?q=8.486483,76.893875",https://picsum.photos/seed/royal-training-center-thiruvananthapuram-386/800/600,Lokesh Yadav,Tennis,14 Years,Royal Training Center Thiruvananthapuram 386,₹5228/month,"Clay Court, Fitness Center, Ball Machine, Hard Court",5:00 PM - 7:00 PM,18+,Mixed,33,AITA Certified Coach,3.5,307,True,"{""instagram"": ""https://instagram.com/royal-training-center-thiruvananthapuram-386"", ""facebook"": ""https://facebook.com/royal-training-center-thiruvananthapuram-386"", ""youtube"": ""https://youtube.com/@royal-training-center-thiruvananthapuram-386""}"
bee3b273-520d-46ed-9eea-beb13d43afaf,Champion Training Center Thiruvananthapuram 387,champion-training-center-thiruvananthapuram-387,8.502423,76.89121,Professional Cricket coaching academy offering structured training programs.,Cricket,"Plot 31, Sports Nagar, Thiruvananthapuram",Thiruvananthapuram,Kerala,+918356042590,"https://maps.google.com/?q=8.502423,76.89121",https://picsum.photos/seed/champion-training-center-thiruvananthapuram-387/800/600,Arjun Singh,Cricket,7 Years,Champion Training Center Thiruvananthapuram 387,₹5926/month,"Gym, Practice Pitch, Turf Nets, Video Analysis",6:00 AM - 8:00 AM,5-10,Mixed,20,"BCCI Level 1, BCCI Level 2",4.1,328,True,"{""instagram"": ""https://instagram.com/champion-training-center-thiruvananthapuram-387"", ""facebook"": ""https://facebook.com/champion-training-center-thiruvananthapuram-387"", ""youtube"": ""https://youtube.com/@champion-training-center-thiruvananthapuram-387""}"
4050a9d1-9f5c-45e8-9842-58a209a31f87,Prime Performance Academy Thiruvananthapuram 388,prime-performance-academy-thiruvananthapuram-388,8.541714,76.891967,Professional Basketball coaching academy offering structured training programs.,Basketball,"Plot 67, Athletic Colony, Thiruvananthapuram",Thiruvananthapuram,Kerala,+918433926441,"https://maps.google.com/?q=8.541714,76.891967",https://picsum.photos/seed/prime-performance-academy-thiruvananthapuram-388/800/600,Prakash Choudhary,Basketball,7 Years,Prime Performance Academy Thiruvananthapuram 388,₹5689/month,"Fitness Center, Indoor Court, Outdoor Court, Locker Rooms",4:00 PM - 6:00 PM,15-18,Girls,66,Basketball Federation Certified,3.8,440,True,"{""instagram"": ""https://instagram.com/prime-performance-academy-thiruvananthapuram-388"", ""facebook"": ""https://facebook.com/prime-performance-academy-thiruvananthapuram-388"", ""youtube"": ""https://youtube.com/@prime-performance-academy-thiruvananthapuram-388""}"
0ed19c60-d955-421f-8dcf-471e56d82169,Prime Sports Club Kochi 389,prime-sports-club-kochi-389,9.963131,76.252607,Professional Volleyball coaching academy offering structured training programs.,Volleyball,"Plot 78, Sports Hub, Kochi",Kochi,Kerala,+918357398640,"https://maps.google.com/?q=9.963131,76.252607",https://picsum.photos/seed/prime-sports-club-kochi-389/800/600,Arjun Verma,Volleyball,6 Years,Prime Sports Club Kochi 389,₹4001/month,"Indoor Court, Flood Lights, Sand Court, Fitness Center",5:00 PM - 7:00 PM,18+,Boys,87,Volleyball Federation Certified,5.0,136,True,"{""instagram"": ""https://instagram.com/prime-sports-club-kochi-389"", ""facebook"": ""https://facebook.com/prime-sports-club-kochi-389"", ""youtube"": ""https://youtube.com/@prime-sports-club-kochi-389""}"
a0eff706-a2a5-4ce8-bd99-370e0f3de4a4,Victory Performance Academy Kozhikode 390,victory-performance-academy-kozhikode-390,11.239689,75.786134,Professional Volleyball coaching academy offering structured training programs.,Volleyball,"Plot 624, Stadium Road, Kozhikode",Kozhikode,Kerala,+917037789425,"https://maps.google.com/?q=11.239689,75.786134",https://picsum.photos/seed/victory-performance-academy-kozhikode-390/800/600,Tarun Gupta,Volleyball,15 Years,Victory Performance Academy Kozhikode 390,₹2173/month,"Sand Court, Fitness Center, Indoor Court, Flood Lights",5:30 AM - 7:30 AM,All Ages,Mixed,23,Volleyball Federation Certified,4.4,21,True,"{""instagram"": ""https://instagram.com/victory-performance-academy-kozhikode-390"", ""facebook"": ""https://facebook.com/victory-performance-academy-kozhikode-390"", ""youtube"": ""https://youtube.com/@victory-performance-academy-kozhikode-390""}"
b3321f27-f307-4360-a78f-03c714f50d15,Dynamic Sports Club Kochi 391,dynamic-sports-club-kochi-391,9.882005,76.261674,Professional Football coaching academy offering structured training programs.,Football,"Plot 501, Athletic Colony, Kochi",Kochi,Kerala,+917207261115,"https://maps.google.com/?q=9.882005,76.261674",https://picsum.photos/seed/dynamic-sports-club-kochi-391/800/600,Vikram Reddy,Football,3 Years,Dynamic Sports Club Kochi 391,₹7222/month,"Locker Rooms, Fitness Center, Flood Lights, Natural Grass Ground",6:00 PM - 8:00 PM,18+,Mixed,80,"AIFF D License, AIFF C License",3.7,178,False,"{""instagram"": ""https://instagram.com/dynamic-sports-club-kochi-391"", ""facebook"": ""https://facebook.com/dynamic-sports-club-kochi-391"", ""youtube"": ""https://youtube.com/@dynamic-sports-club-kochi-391""}"
e838e99a-f42d-4368-a550-a1152b2b0292,Master Performance Academy Kochi 392,master-performance-academy-kochi-392,9.923017,76.292153,Professional Badminton coaching academy offering structured training programs.,Badminton,"Plot 213, Victory Avenue, Kochi",Kochi,Kerala,+917732392824,"https://maps.google.com/?q=9.923017,76.292153",https://picsum.photos/seed/master-performance-academy-kochi-392/800/600,Harish Rao,Badminton,21 Years,Master Performance Academy Kochi 392,₹3480/month,"Fitness Center, Indoor Courts, Shuttle Supply, Wooden Courts",6:00 PM - 8:00 PM,10-15,Girls,59,BAI Certified Coach,3.9,42,True,"{""instagram"": ""https://instagram.com/master-performance-academy-kochi-392"", ""facebook"": ""https://facebook.com/master-performance-academy-kochi-392"", ""youtube"": ""https://youtube.com/@master-performance-academy-kochi-392""}"
4358d771-d2f3-40c2-b76a-0f5f009126fd,Legend Training Center Kozhikode 393,legend-training-center-kozhikode-393,11.286223,75.820761,Professional Cricket coaching academy offering structured training programs.,Cricket,"Plot 620, Ring Road, Kozhikode",Kozhikode,Kerala,+919262244626,"https://maps.google.com/?q=11.286223,75.820761",https://picsum.photos/seed/legend-training-center-kozhikode-393/800/600,Prakash Verma,Cricket,6 Years,Legend Training Center Kozhikode 393,₹6805/month,"Video Analysis, Bowling Machine, Practice Pitch, Gym",5:00 PM - 7:00 PM,5-10,Girls,99,"BCCI Level 1, BCCI Level 2",4.4,415,False,"{""instagram"": ""https://instagram.com/legend-training-center-kozhikode-393"", ""facebook"": ""https://facebook.com/legend-training-center-kozhikode-393"", ""youtube"": ""https://youtube.com/@legend-training-center-kozhikode-393""}"
7117341a-e41f-444b-bb5f-3091ac6d773d,Legend Training Center Kochi 394,legend-training-center-kochi-394,9.936859,76.24837,Professional Volleyball coaching academy offering structured training programs.,Volleyball,"Plot 103, Main Road, Kochi",Kochi,Kerala,+916889006720,"https://maps.google.com/?q=9.936859,76.24837",https://picsum.photos/seed/legend-training-center-kochi-394/800/600,Ajay Gupta,Volleyball,5 Years,Legend Training Center Kochi 394,₹2165/month,"Fitness Center, Sand Court, Flood Lights, Indoor Court",6:00 AM - 8:00 AM,10-15,Girls,29,Volleyball Federation Certified,4.7,242,True,"{""instagram"": ""https://instagram.com/legend-training-center-kochi-394"", ""facebook"": ""https://facebook.com/legend-training-center-kochi-394"", ""youtube"": ""https://youtube.com/@legend-training-center-kochi-394""}"
f264b231-d020-4122-889a-4bbad56ccf14,Master Performance Academy Thiruvananthapuram 395,master-performance-academy-thiruvananthapuram-395,8.522868,76.902592,Professional Athletics coaching academy offering structured training programs.,Athletics,"Plot 556, Champions Street, Thiruvananthapuram",Thiruvananthapuram,Kerala,+916986932285,"https://maps.google.com/?q=8.522868,76.902592",https://picsum.photos/seed/master-performance-academy-thiruvananthapuram-395/800/600,Deepak Joshi,Athletics,22 Years,Master Performance Academy Thiruvananthapuram 395,₹4714/month,"Running Track, Gym, Fitness Center, Recovery Zone",5:00 PM - 7:00 PM,All Ages,Boys,95,Athletics Federation Certified,4.7,121,False,"{""instagram"": ""https://instagram.com/master-performance-academy-thiruvananthapuram-395"", ""facebook"": ""https://facebook.com/master-performance-academy-thiruvananthapuram-395"", ""youtube"": ""https://youtube.com/@master-performance-academy-thiruvananthapuram-395""}"
7017b95b-ac0f-47b7-97ed-b065023201ce,Royal Athletic Center Kozhikode 396,royal-athletic-center-kozhikode-396,11.284881,75.827738,Professional Cricket coaching academy offering structured training programs.,Cricket,"Plot 777, Stadium Road, Kozhikode",Kozhikode,Kerala,+919025096346,"https://maps.google.com/?q=11.284881,75.827738",https://picsum.photos/seed/royal-athletic-center-kozhikode-396/800/600,Ravi Reddy,Cricket,9 Years,Royal Athletic Center Kozhikode 396,₹3066/month,"Practice Pitch, Bowling Machine, Gym, Turf Nets",6:00 PM - 8:00 PM,15-18,Boys,64,"BCCI Level 1, BCCI Level 2",4.4,424,False,"{""instagram"": ""https://instagram.com/royal-athletic-center-kozhikode-396"", ""facebook"": ""https://facebook.com/royal-athletic-center-kozhikode-396"", ""youtube"": ""https://youtube.com/@royal-athletic-center-kozhikode-396""}"
f2e3eb68-2afa-4a50-8fee-a0867bdc31f4,Master Sports Academy Kozhikode 397,master-sports-academy-kozhikode-397,11.233413,75.82839,Professional Athletics coaching academy offering structured training programs.,Athletics,"Plot 53, Stadium Road, Kozhikode",Kozhikode,Kerala,+917235004628,"https://maps.google.com/?q=11.233413,75.82839",https://picsum.photos/seed/master-sports-academy-kozhikode-397/800/600,Aman Sharma,Athletics,13 Years,Master Sports Academy Kozhikode 397,₹4886/month,"Gym, Recovery Zone, Running Track, Fitness Center",5:30 AM - 7:30 AM,10-15,Mixed,69,Athletics Federation Certified,3.6,365,True,"{""instagram"": ""https://instagram.com/master-sports-academy-kozhikode-397"", ""facebook"": ""https://facebook.com/master-sports-academy-kozhikode-397"", ""youtube"": ""https://youtube.com/@master-sports-academy-kozhikode-397""}"
557fe063-0dac-43b6-942b-a50ecbcfb6d3,Elite Training Center Kochi 398,elite-training-center-kochi-398,9.881768,76.274968,Professional Cricket coaching academy offering structured training programs.,Cricket,"Plot 968, Victory Avenue, Kochi",Kochi,Kerala,+919236168584,"https://maps.google.com/?q=9.881768,76.274968",https://picsum.photos/seed/elite-training-center-kochi-398/800/600,Deepak Singh,Cricket,20 Years,Elite Training Center Kochi 398,₹4539/month,"Gym, Turf Nets, Bowling Machine, Video Analysis",4:00 PM - 6:00 PM,5-10,Girls,58,"BCCI Level 1, BCCI Level 2",4.8,321,True,"{""instagram"": ""https://instagram.com/elite-training-center-kochi-398"", ""facebook"": ""https://facebook.com/elite-training-center-kochi-398"", ""youtube"": ""https://youtube.com/@elite-training-center-kochi-398""}"
d4eddae0-2d7f-4014-bcc3-243525e6f47e,Prime Athletic Center Kozhikode 399,prime-athletic-center-kozhikode-399,11.288571,75.773275,Professional Tennis coaching academy offering structured training programs.,Tennis,"Plot 883, Sports Hub, Kozhikode",Kozhikode,Kerala,+918520798480,"https://maps.google.com/?q=11.288571,75.773275",https://picsum.photos/seed/prime-athletic-center-kozhikode-399/800/600,Sanjay Kumar,Tennis,13 Years,Prime Athletic Center Kozhikode 399,₹9352/month,"Fitness Center, Hard Court, Ball Machine, Clay Court",4:00 PM - 6:00 PM,18+,Girls,45,AITA Certified Coach,3.7,112,True,"{""instagram"": ""https://instagram.com/prime-athletic-center-kozhikode-399"", ""facebook"": ""https://facebook.com/prime-athletic-center-kozhikode-399"", ""youtube"": ""https://youtube.com/@prime-athletic-center-kozhikode-399""}"
8adeef28-d21f-4860-8bfc-323e00ceedf5,Royal Performance Academy Kochi 400,royal-performance-academy-kochi-400,9.918189,76.270193,Professional Swimming coaching academy offering structured training programs.,Swimming,"Plot 795, Victory Avenue, Kochi",Kochi,Kerala,+919608160096,"https://maps.google.com/?q=9.918189,76.270193",https://picsum.photos/seed/royal-performance-academy-kochi-400/800/600,Naveen Gupta,Swimming,7 Years,Royal Performance Academy Kochi 400,₹5652/month,"Kids Pool, Lifeguard Support, Changing Rooms, Olympic Pool",6:00 PM - 8:00 PM,15-18,Girls,54,Swimming Federation Certified,4.7,205,True,"{""instagram"": ""https://instagram.com/royal-performance-academy-kochi-400"", ""facebook"": ""https://facebook.com/royal-performance-academy-kochi-400"", ""youtube"": ""https://youtube.com/@royal-performance-academy-kochi-400""}"
faa33f78-9bb8-4aea-8928-9b502d836872,Dynamic Training Center Thiruvananthapuram 401,dynamic-training-center-thiruvananthapuram-401,8.518029,76.962762,Professional Badminton coaching academy offering structured training programs.,Badminton,"Plot 252, Athletic Colony, Thiruvananthapuram",Thiruvananthapuram,Kerala,+918784977186,"https://maps.google.com/?q=8.518029,76.962762",https://picsum.photos/seed/dynamic-training-center-thiruvananthapuram-401/800/600,Tarun Sharma,Badminton,23 Years,Dynamic Training Center Thiruvananthapuram 401,₹5467/month,"Wooden Courts, Fitness Center, Indoor Courts, Shuttle Supply",5:00 PM - 7:00 PM,10-15,Boys,94,BAI Certified Coach,3.8,313,False,"{""instagram"": ""https://instagram.com/dynamic-training-center-thiruvananthapuram-401"", ""facebook"": ""https://facebook.com/dynamic-training-center-thiruvananthapuram-401"", ""youtube"": ""https://youtube.com/@dynamic-training-center-thiruvananthapuram-401""}"
69049b34-f19c-41f2-815a-78037ceb52f9,Future Sports Academy Thiruvananthapuram 402,future-sports-academy-thiruvananthapuram-402,8.482092,76.937522,Professional Volleyball coaching academy offering structured training programs.,Volleyball,"Plot 672, Victory Avenue, Thiruvananthapuram",Thiruvananthapuram,Kerala,+918593716461,"https://maps.google.com/?q=8.482092,76.937522",https://picsum.photos/seed/future-sports-academy-thiruvananthapuram-402/800/600,Kiran Yadav,Volleyball,9 Years,Future Sports Academy Thiruvananthapuram 402,₹2346/month,"Indoor Court, Sand Court, Flood Lights, Fitness Center",6:00 PM - 8:00 PM,10-15,Girls,63,Volleyball Federation Certified,4.6,460,False,"{""instagram"": ""https://instagram.com/future-sports-academy-thiruvananthapuram-402"", ""facebook"": ""https://facebook.com/future-sports-academy-thiruvananthapuram-402"", ""youtube"": ""https://youtube.com/@future-sports-academy-thiruvananthapuram-402""}"
055b09cf-6871-483b-9b9f-247d646be002,Master Performance Academy Thiruvananthapuram 403,master-performance-academy-thiruvananthapuram-403,8.540423,76.894553,Professional Football coaching academy offering structured training programs.,Football,"Plot 654, Sports Complex, Thiruvananthapuram",Thiruvananthapuram,Kerala,+917654084606,"https://maps.google.com/?q=8.540423,76.894553",https://picsum.photos/seed/master-performance-academy-thiruvananthapuram-403/800/600,Suresh Patel,Football,5 Years,Master Performance Academy Thiruvananthapuram 403,₹6626/month,"Flood Lights, Fitness Center, Locker Rooms, Training Cones",6:00 AM - 8:00 AM,5-10,Girls,62,"AIFF D License, AIFF C License",4.5,422,True,"{""instagram"": ""https://instagram.com/master-performance-academy-thiruvananthapuram-403"", ""facebook"": ""https://facebook.com/master-performance-academy-thiruvananthapuram-403"", ""youtube"": ""https://youtube.com/@master-performance-academy-thiruvananthapuram-403""}"
84a9bec0-f7f9-49c9-b80f-6184973be288,Champion Sports Institute Kochi 404,champion-sports-institute-kochi-404,9.949215,76.279853,Professional Swimming coaching academy offering structured training programs.,Swimming,"Plot 90, Athletic Colony, Kochi",Kochi,Kerala,+919181080644,"https://maps.google.com/?q=9.949215,76.279853",https://picsum.photos/seed/champion-sports-institute-kochi-404/800/600,Vikram Joshi,Swimming,16 Years,Champion Sports Institute Kochi 404,₹5796/month,"Olympic Pool, Lifeguard Support, Kids Pool, Changing Rooms",4:00 PM - 6:00 PM,All Ages,Boys,91,Swimming Federation Certified,4.3,173,False,"{""instagram"": ""https://instagram.com/champion-sports-institute-kochi-404"", ""facebook"": ""https://facebook.com/champion-sports-institute-kochi-404"", ""youtube"": ""https://youtube.com/@champion-sports-institute-kochi-404""}"
f2241f37-253c-4fcc-b7a0-06c2942ef406,Champion Performance Academy Thiruvananthapuram 405,champion-performance-academy-thiruvananthapuram-405,8.53751,76.978067,Professional Tennis coaching academy offering structured training programs.,Tennis,"Plot 682, Central Park, Thiruvananthapuram",Thiruvananthapuram,Kerala,+919286439468,"https://maps.google.com/?q=8.53751,76.978067",https://picsum.photos/seed/champion-performance-academy-thiruvananthapuram-405/800/600,Tarun Verma,Tennis,2 Years,Champion Performance Academy Thiruvananthapuram 405,₹4589/month,"Ball Machine, Fitness Center, Clay Court, Hard Court",6:00 AM - 8:00 AM,18+,Mixed,91,AITA Certified Coach,4.3,224,False,"{""instagram"": ""https://instagram.com/champion-performance-academy-thiruvananthapuram-405"", ""facebook"": ""https://facebook.com/champion-performance-academy-thiruvananthapuram-405"", ""youtube"": ""https://youtube.com/@champion-performance-academy-thiruvananthapuram-405""}"
12165342-5d3a-4c82-8bf5-b73cf887e078,Dynamic Sports Club Kozhikode 406,dynamic-sports-club-kozhikode-406,11.245675,75.813064,Professional Badminton coaching academy offering structured training programs.,Badminton,"Plot 213, Sports Hub, Kozhikode",Kozhikode,Kerala,+918807000577,"https://maps.google.com/?q=11.245675,75.813064",https://picsum.photos/seed/dynamic-sports-club-kozhikode-406/800/600,Prakash Sharma,Badminton,17 Years,Dynamic Sports Club Kozhikode 406,₹3406/month,"Wooden Courts, Indoor Courts, Fitness Center, Shuttle Supply",5:30 AM - 7:30 AM,All Ages,Mixed,75,BAI Certified Coach,4.2,102,True,"{""instagram"": ""https://instagram.com/dynamic-sports-club-kozhikode-406"", ""facebook"": ""https://facebook.com/dynamic-sports-club-kozhikode-406"", ""youtube"": ""https://youtube.com/@dynamic-sports-club-kozhikode-406""}"
d66ac677-c2e9-4dea-a17b-5191aa12fbb9,Prime Athletic Center Thiruvananthapuram 407,prime-athletic-center-thiruvananthapuram-407,8.525439,76.932323,Professional Football coaching academy offering structured training programs.,Football,"Plot 77, Stadium Road, Thiruvananthapuram",Thiruvananthapuram,Kerala,+919047377776,"https://maps.google.com/?q=8.525439,76.932323",https://picsum.photos/seed/prime-athletic-center-thiruvananthapuram-407/800/600,Sanjay Singh,Football,12 Years,Prime Athletic Center Thiruvananthapuram 407,₹7241/month,"Fitness Center, Training Cones, Flood Lights, Locker Rooms",4:00 PM - 6:00 PM,All Ages,Mixed,91,"AIFF D License, AIFF C License",4.3,284,True,"{""instagram"": ""https://instagram.com/prime-athletic-center-thiruvananthapuram-407"", ""facebook"": ""https://facebook.com/prime-athletic-center-thiruvananthapuram-407"", ""youtube"": ""https://youtube.com/@prime-athletic-center-thiruvananthapuram-407""}"
8a903746-cda2-49d0-89cb-1be3516256c3,National Sports Club Kochi 408,national-sports-club-kochi-408,9.950998,76.262404,Professional Badminton coaching academy offering structured training programs.,Badminton,"Plot 439, Main Road, Kochi",Kochi,Kerala,+918544554921,"https://maps.google.com/?q=9.950998,76.262404",https://picsum.photos/seed/national-sports-club-kochi-408/800/600,Rahul Singh,Badminton,14 Years,National Sports Club Kochi 408,₹4805/month,"Indoor Courts, Shuttle Supply, Wooden Courts, Fitness Center",4:00 PM - 6:00 PM,15-18,Girls,49,BAI Certified Coach,4.2,90,False,"{""instagram"": ""https://instagram.com/national-sports-club-kochi-408"", ""facebook"": ""https://facebook.com/national-sports-club-kochi-408"", ""youtube"": ""https://youtube.com/@national-sports-club-kochi-408""}"
e862736f-5480-451a-876c-4154e81caf62,Prime Performance Academy Thiruvananthapuram 409,prime-performance-academy-thiruvananthapuram-409,8.564638,76.92802,Professional Basketball coaching academy offering structured training programs.,Basketball,"Plot 453, Main Road, Thiruvananthapuram",Thiruvananthapuram,Kerala,+918820081957,"https://maps.google.com/?q=8.564638,76.92802",https://picsum.photos/seed/prime-performance-academy-thiruvananthapuram-409/800/600,Sanjay Kumar,Basketball,15 Years,Prime Performance Academy Thiruvananthapuram 409,₹4770/month,"Locker Rooms, Outdoor Court, Fitness Center, Indoor Court",6:00 PM - 8:00 PM,All Ages,Mixed,50,Basketball Federation Certified,4.5,33,True,"{""instagram"": ""https://instagram.com/prime-performance-academy-thiruvananthapuram-409"", ""facebook"": ""https://facebook.com/prime-performance-academy-thiruvananthapuram-409"", ""youtube"": ""https://youtube.com/@prime-performance-academy-thiruvananthapuram-409""}"
97a9ea24-7e77-4d26-a39d-b0ce1ecea15e,Elite Sports Academy Thiruvananthapuram 410,elite-sports-academy-thiruvananthapuram-410,8.49688,76.896324,Professional Athletics coaching academy offering structured training programs.,Athletics,"Plot 832, Sports Nagar, Thiruvananthapuram",Thiruvananthapuram,Kerala,+919978382458,"https://maps.google.com/?q=8.49688,76.896324",https://picsum.photos/seed/elite-sports-academy-thiruvananthapuram-410/800/600,Kiran Pillai,Athletics,16 Years,Elite Sports Academy Thiruvananthapuram 410,₹3563/month,"Fitness Center, Running Track, Recovery Zone, Gym",5:30 AM - 7:30 AM,18+,Mixed,71,Athletics Federation Certified,4.6,412,True,"{""instagram"": ""https://instagram.com/elite-sports-academy-thiruvananthapuram-410"", ""facebook"": ""https://facebook.com/elite-sports-academy-thiruvananthapuram-410"", ""youtube"": ""https://youtube.com/@elite-sports-academy-thiruvananthapuram-410""}"
6efa0df4-521d-4244-b257-ac7a2671ceda,Legend Sports Academy Kochi 411,legend-sports-academy-kochi-411,9.949833,76.242845,Professional Tennis coaching academy offering structured training programs.,Tennis,"Plot 486, Victory Avenue, Kochi",Kochi,Kerala,+918228817321,"https://maps.google.com/?q=9.949833,76.242845",https://picsum.photos/seed/legend-sports-academy-kochi-411/800/600,Tarun Verma,Tennis,22 Years,Legend Sports Academy Kochi 411,₹6976/month,"Fitness Center, Clay Court, Ball Machine, Hard Court",4:00 PM - 6:00 PM,All Ages,Mixed,68,AITA Certified Coach,4.6,93,False,"{""instagram"": ""https://instagram.com/legend-sports-academy-kochi-411"", ""facebook"": ""https://facebook.com/legend-sports-academy-kochi-411"", ""youtube"": ""https://youtube.com/@legend-sports-academy-kochi-411""}"
e0afd225-dceb-45ce-8c6e-86eca93610a5,National Athletic Center Kochi 412,national-athletic-center-kochi-412,9.981197,76.311931,Professional Volleyball coaching academy offering structured training programs.,Volleyball,"Plot 393, Champions Street, Kochi",Kochi,Kerala,+918886638045,"https://maps.google.com/?q=9.981197,76.311931",https://picsum.photos/seed/national-athletic-center-kochi-412/800/600,Naveen Nair,Volleyball,10 Years,National Athletic Center Kochi 412,₹4961/month,"Fitness Center, Sand Court, Flood Lights, Indoor Court",6:00 PM - 8:00 PM,10-15,Mixed,41,Volleyball Federation Certified,3.7,124,False,"{""instagram"": ""https://instagram.com/national-athletic-center-kochi-412"", ""facebook"": ""https://facebook.com/national-athletic-center-kochi-412"", ""youtube"": ""https://youtube.com/@national-athletic-center-kochi-412""}"
7937e797-3630-4901-bb8d-c546deb61cc1,Victory Performance Academy Thiruvananthapuram 413,victory-performance-academy-thiruvananthapuram-413,8.527277,76.911195,Professional Tennis coaching academy offering structured training programs.,Tennis,"Plot 603, Ring Road, Thiruvananthapuram",Thiruvananthapuram,Kerala,+916511783123,"https://maps.google.com/?q=8.527277,76.911195",https://picsum.photos/seed/victory-performance-academy-thiruvananthapuram-413/800/600,Lokesh Gupta,Tennis,18 Years,Victory Performance Academy Thiruvananthapuram 413,₹10367/month,"Hard Court, Clay Court, Ball Machine, Fitness Center",6:00 PM - 8:00 PM,10-15,Mixed,60,AITA Certified Coach,4.2,311,True,"{""instagram"": ""https://instagram.com/victory-performance-academy-thiruvananthapuram-413"", ""facebook"": ""https://facebook.com/victory-performance-academy-thiruvananthapuram-413"", ""youtube"": ""https://youtube.com/@victory-performance-academy-thiruvananthapuram-413""}"
2a1d8a65-8bd1-4f06-b995-6aee3527df11,Future Sports Club Thiruvananthapuram 414,future-sports-club-thiruvananthapuram-414,8.565996,76.950174,Professional Tennis coaching academy offering structured training programs.,Tennis,"Plot 574, Athletic Colony, Thiruvananthapuram",Thiruvananthapuram,Kerala,+917132806274,"https://maps.google.com/?q=8.565996,76.950174",https://picsum.photos/seed/future-sports-club-thiruvananthapuram-414/800/600,Mahesh Kumar,Tennis,19 Years,Future Sports Club Thiruvananthapuram 414,₹4900/month,"Ball Machine, Hard Court, Fitness Center, Clay Court",5:00 PM - 7:00 PM,15-18,Mixed,61,AITA Certified Coach,4.8,126,True,"{""instagram"": ""https://instagram.com/future-sports-club-thiruvananthapuram-414"", ""facebook"": ""https://facebook.com/future-sports-club-thiruvananthapuram-414"", ""youtube"": ""https://youtube.com/@future-sports-club-thiruvananthapuram-414""}"
513401e6-8fce-4f71-a7fa-4aaf93e715a6,Pro Training Center Kochi 415,pro-training-center-kochi-415,9.891481,76.277278,Professional Athletics coaching academy offering structured training programs.,Athletics,"Plot 884, Stadium Road, Kochi",Kochi,Kerala,+917393732389,"https://maps.google.com/?q=9.891481,76.277278",https://picsum.photos/seed/pro-training-center-kochi-415/800/600,Ajay Nair,Athletics,14 Years,Pro Training Center Kochi 415,₹3742/month,"Gym, Fitness Center, Recovery Zone, Running Track",6:00 PM - 8:00 PM,All Ages,Girls,57,Athletics Federation Certified,4.4,68,True,"{""instagram"": ""https://instagram.com/pro-training-center-kochi-415"", ""facebook"": ""https://facebook.com/pro-training-center-kochi-415"", ""youtube"": ""https://youtube.com/@pro-training-center-kochi-415""}"
efc426bc-5b65-4a00-b386-c41f490b1601,Champion Performance Academy Thiruvananthapuram 416,champion-performance-academy-thiruvananthapuram-416,8.529051,76.915969,Professional Athletics coaching academy offering structured training programs.,Athletics,"Plot 601, Sports Hub, Thiruvananthapuram",Thiruvananthapuram,Kerala,+916817328045,"https://maps.google.com/?q=8.529051,76.915969",https://picsum.photos/seed/champion-performance-academy-thiruvananthapuram-416/800/600,Sanjay Rao,Athletics,6 Years,Champion Performance Academy Thiruvananthapuram 416,₹4354/month,"Running Track, Fitness Center, Recovery Zone, Gym",5:00 PM - 7:00 PM,All Ages,Mixed,42,Athletics Federation Certified,4.6,158,False,"{""instagram"": ""https://instagram.com/champion-performance-academy-thiruvananthapuram-416"", ""facebook"": ""https://facebook.com/champion-performance-academy-thiruvananthapuram-416"", ""youtube"": ""https://youtube.com/@champion-performance-academy-thiruvananthapuram-416""}"
e9f5d6ae-2e93-4ac8-a6c9-8f4bcf6b6d42,National Performance Academy Kozhikode 417,national-performance-academy-kozhikode-417,11.286993,75.798753,Professional Football coaching academy offering structured training programs.,Football,"Plot 313, Sports Nagar, Kozhikode",Kozhikode,Kerala,+916999891016,"https://maps.google.com/?q=11.286993,75.798753",https://picsum.photos/seed/national-performance-academy-kozhikode-417/800/600,Harish Reddy,Football,17 Years,National Performance Academy Kozhikode 417,₹3141/month,"Training Cones, Natural Grass Ground, Locker Rooms, Fitness Center",6:00 PM - 8:00 PM,18+,Mixed,47,"AIFF D License, AIFF C License",3.8,412,False,"{""instagram"": ""https://instagram.com/national-performance-academy-kozhikode-417"", ""facebook"": ""https://facebook.com/national-performance-academy-kozhikode-417"", ""youtube"": ""https://youtube.com/@national-performance-academy-kozhikode-417""}"
5ad02961-dc70-4275-85ea-7cd976b8ff57,Master Athletic Center Kozhikode 418,master-athletic-center-kozhikode-418,11.222309,75.818791,Professional Basketball coaching academy offering structured training programs.,Basketball,"Plot 109, Athletic Colony, Kozhikode",Kozhikode,Kerala,+918887291629,"https://maps.google.com/?q=11.222309,75.818791",https://picsum.photos/seed/master-athletic-center-kozhikode-418/800/600,Naveen Nair,Basketball,22 Years,Master Athletic Center Kozhikode 418,₹5716/month,"Fitness Center, Outdoor Court, Indoor Court, Locker Rooms",6:00 AM - 8:00 AM,18+,Mixed,92,Basketball Federation Certified,4.6,90,False,"{""instagram"": ""https://instagram.com/master-athletic-center-kozhikode-418"", ""facebook"": ""https://facebook.com/master-athletic-center-kozhikode-418"", ""youtube"": ""https://youtube.com/@master-athletic-center-kozhikode-418""}"
ffba9626-dc7c-4f3c-8900-fde985f84e8e,Champion Sports Club Thiruvananthapuram 419,champion-sports-club-thiruvananthapuram-419,8.570139,76.910556,Professional Volleyball coaching academy offering structured training programs.,Volleyball,"Plot 361, Sports Complex, Thiruvananthapuram",Thiruvananthapuram,Kerala,+918099791721,"https://maps.google.com/?q=8.570139,76.910556",https://picsum.photos/seed/champion-sports-club-thiruvananthapuram-419/800/600,Sanjay Gupta,Volleyball,17 Years,Champion Sports Club Thiruvananthapuram 419,₹4106/month,"Sand Court, Flood Lights, Fitness Center, Indoor Court",5:00 PM - 7:00 PM,18+,Boys,51,Volleyball Federation Certified,3.8,366,True,"{""instagram"": ""https://instagram.com/champion-sports-club-thiruvananthapuram-419"", ""facebook"": ""https://facebook.com/champion-sports-club-thiruvananthapuram-419"", ""youtube"": ""https://youtube.com/@champion-sports-club-thiruvananthapuram-419""}"
8c8968cb-3a37-44f4-9086-d5ca7f318548,National Sports Institute Thiruvananthapuram 420,national-sports-institute-thiruvananthapuram-420,8.502467,76.887252,Professional Tennis coaching academy offering structured training programs.,Tennis,"Plot 587, Victory Avenue, Thiruvananthapuram",Thiruvananthapuram,Kerala,+918162527555,"https://maps.google.com/?q=8.502467,76.887252",https://picsum.photos/seed/national-sports-institute-thiruvananthapuram-420/800/600,Prakash Patel,Tennis,18 Years,National Sports Institute Thiruvananthapuram 420,₹11054/month,"Fitness Center, Hard Court, Ball Machine, Clay Court",5:00 PM - 7:00 PM,10-15,Girls,88,AITA Certified Coach,3.9,347,False,"{""instagram"": ""https://instagram.com/national-sports-institute-thiruvananthapuram-420"", ""facebook"": ""https://facebook.com/national-sports-institute-thiruvananthapuram-420"", ""youtube"": ""https://youtube.com/@national-sports-institute-thiruvananthapuram-420""}"
8e18684c-7819-4ec7-b660-b70ead66208c,Victory Performance Academy Bhopal 421,victory-performance-academy-bhopal-421,23.272636,77.436333,Professional Tennis coaching academy offering structured training programs.,Tennis,"Plot 79, Champions Street, Bhopal",Bhopal,Madhya Pradesh,+918366276408,"https://maps.google.com/?q=23.272636,77.436333",https://picsum.photos/seed/victory-performance-academy-bhopal-421/800/600,Suresh Patel,Tennis,6 Years,Victory Performance Academy Bhopal 421,₹10902/month,"Hard Court, Fitness Center, Ball Machine, Clay Court",5:30 AM - 7:30 AM,18+,Girls,84,AITA Certified Coach,4.1,418,False,"{""instagram"": ""https://instagram.com/victory-performance-academy-bhopal-421"", ""facebook"": ""https://facebook.com/victory-performance-academy-bhopal-421"", ""youtube"": ""https://youtube.com/@victory-performance-academy-bhopal-421""}"
bba557cc-771a-45f2-af51-9e62becc4a87,Champion Sports Academy Gwalior 422,champion-sports-academy-gwalior-422,26.171529,78.157968,Professional Athletics coaching academy offering structured training programs.,Athletics,"Plot 568, Victory Avenue, Gwalior",Gwalior,Madhya Pradesh,+916789309243,"https://maps.google.com/?q=26.171529,78.157968",https://picsum.photos/seed/champion-sports-academy-gwalior-422/800/600,Ravi Verma,Athletics,23 Years,Champion Sports Academy Gwalior 422,₹2413/month,"Recovery Zone, Running Track, Fitness Center, Gym",5:30 AM - 7:30 AM,15-18,Boys,34,Athletics Federation Certified,4.7,482,False,"{""instagram"": ""https://instagram.com/champion-sports-academy-gwalior-422"", ""facebook"": ""https://facebook.com/champion-sports-academy-gwalior-422"", ""youtube"": ""https://youtube.com/@champion-sports-academy-gwalior-422""}"
00b4912c-3c7d-4ee9-8361-c1a5d1129662,Dynamic Sports Club Indore 423,dynamic-sports-club-indore-423,22.672422,75.82779,Professional Basketball coaching academy offering structured training programs.,Basketball,"Plot 497, Main Road, Indore",Indore,Madhya Pradesh,+917476031654,"https://maps.google.com/?q=22.672422,75.82779",https://picsum.photos/seed/dynamic-sports-club-indore-423/800/600,Harish Kumar,Basketball,6 Years,Dynamic Sports Club Indore 423,₹5147/month,"Indoor Court, Locker Rooms, Fitness Center, Outdoor Court",5:00 PM - 7:00 PM,5-10,Girls,89,Basketball Federation Certified,4.2,413,False,"{""instagram"": ""https://instagram.com/dynamic-sports-club-indore-423"", ""facebook"": ""https://facebook.com/dynamic-sports-club-indore-423"", ""youtube"": ""https://youtube.com/@dynamic-sports-club-indore-423""}"
fe989831-390d-4ed6-af72-0bc6fcddb191,Prime Training Center Gwalior 424,prime-training-center-gwalior-424,26.17005,78.148583,Professional Swimming coaching academy offering structured training programs.,Swimming,"Plot 802, Main Road, Gwalior",Gwalior,Madhya Pradesh,+917069442414,"https://maps.google.com/?q=26.17005,78.148583",https://picsum.photos/seed/prime-training-center-gwalior-424/800/600,Arjun Singh,Swimming,14 Years,Prime Training Center Gwalior 424,₹8319/month,"Changing Rooms, Kids Pool, Olympic Pool, Lifeguard Support",4:00 PM - 6:00 PM,10-15,Boys,79,Swimming Federation Certified,4.8,120,False,"{""instagram"": ""https://instagram.com/prime-training-center-gwalior-424"", ""facebook"": ""https://facebook.com/prime-training-center-gwalior-424"", ""youtube"": ""https://youtube.com/@prime-training-center-gwalior-424""}"
7346b61e-00f5-4122-a671-5f71091c07f6,National Athletic Center Bhopal 425,national-athletic-center-bhopal-425,23.235793,77.375527,Professional Swimming coaching academy offering structured training programs.,Swimming,"Plot 740, Central Park, Bhopal",Bhopal,Madhya Pradesh,+917210231598,"https://maps.google.com/?q=23.235793,77.375527",https://picsum.photos/seed/national-athletic-center-bhopal-425/800/600,Tarun Rao,Swimming,18 Years,National Athletic Center Bhopal 425,₹9484/month,"Changing Rooms, Kids Pool, Lifeguard Support, Olympic Pool",5:30 AM - 7:30 AM,10-15,Boys,64,Swimming Federation Certified,4.8,140,False,"{""instagram"": ""https://instagram.com/national-athletic-center-bhopal-425"", ""facebook"": ""https://facebook.com/national-athletic-center-bhopal-425"", ""youtube"": ""https://youtube.com/@national-athletic-center-bhopal-425""}"
f9ef0947-a4ec-41e9-941e-68386fec0c55,Star Training Center Gwalior 426,star-training-center-gwalior-426,26.169866,78.206962,Professional Volleyball coaching academy offering structured training programs.,Volleyball,"Plot 795, Athletic Colony, Gwalior",Gwalior,Madhya Pradesh,+918735366897,"https://maps.google.com/?q=26.169866,78.206962",https://picsum.photos/seed/star-training-center-gwalior-426/800/600,Naveen Kumar,Volleyball,16 Years,Star Training Center Gwalior 426,₹5408/month,"Flood Lights, Indoor Court, Fitness Center, Sand Court",6:00 PM - 8:00 PM,All Ages,Girls,30,Volleyball Federation Certified,4.8,238,True,"{""instagram"": ""https://instagram.com/star-training-center-gwalior-426"", ""facebook"": ""https://facebook.com/star-training-center-gwalior-426"", ""youtube"": ""https://youtube.com/@star-training-center-gwalior-426""}"
9d9be1fc-479a-4677-8ff2-ac63d47e2a78,Dynamic Performance Academy Bhopal 427,dynamic-performance-academy-bhopal-427,23.251621,77.416858,Professional Cricket coaching academy offering structured training programs.,Cricket,"Plot 240, Victory Avenue, Bhopal",Bhopal,Madhya Pradesh,+916239998117,"https://maps.google.com/?q=23.251621,77.416858",https://picsum.photos/seed/dynamic-performance-academy-bhopal-427/800/600,Arjun Sharma,Cricket,23 Years,Dynamic Performance Academy Bhopal 427,₹7548/month,"Bowling Machine, Turf Nets, Video Analysis, Practice Pitch",6:00 AM - 8:00 AM,18+,Mixed,59,"BCCI Level 1, BCCI Level 2",3.6,102,False,"{""instagram"": ""https://instagram.com/dynamic-performance-academy-bhopal-427"", ""facebook"": ""https://facebook.com/dynamic-performance-academy-bhopal-427"", ""youtube"": ""https://youtube.com/@dynamic-performance-academy-bhopal-427""}"
a0ed9f96-b73e-445a-9bc7-e7a7bbb50e4b,Star Athletic Center Indore 428,star-athletic-center-indore-428,22.742021,75.896474,Professional Basketball coaching academy offering structured training programs.,Basketball,"Plot 61, Champions Street, Indore",Indore,Madhya Pradesh,+919510576520,"https://maps.google.com/?q=22.742021,75.896474",https://picsum.photos/seed/star-athletic-center-indore-428/800/600,Tarun Yadav,Basketball,4 Years,Star Athletic Center Indore 428,₹5964/month,"Locker Rooms, Fitness Center, Outdoor Court, Indoor Court",5:00 PM - 7:00 PM,5-10,Mixed,46,Basketball Federation Certified,4.1,428,False,"{""instagram"": ""https://instagram.com/star-athletic-center-indore-428"", ""facebook"": ""https://facebook.com/star-athletic-center-indore-428"", ""youtube"": ""https://youtube.com/@star-athletic-center-indore-428""}"
777ecb49-3cf9-453a-8a3e-36f39a0680b5,Star Sports Institute Jabalpur 429,star-sports-institute-jabalpur-429,23.204588,80.026538,Professional Swimming coaching academy offering structured training programs.,Swimming,"Plot 402, Ring Road, Jabalpur",Jabalpur,Madhya Pradesh,+918659608848,"https://maps.google.com/?q=23.204588,80.026538",https://picsum.photos/seed/star-sports-institute-jabalpur-429/800/600,Mahesh Reddy,Swimming,22 Years,Star Sports Institute Jabalpur 429,₹6422/month,"Lifeguard Support, Changing Rooms, Olympic Pool, Kids Pool",5:00 PM - 7:00 PM,All Ages,Boys,64,Swimming Federation Certified,5.0,421,False,"{""instagram"": ""https://instagram.com/star-sports-institute-jabalpur-429"", ""facebook"": ""https://facebook.com/star-sports-institute-jabalpur-429"", ""youtube"": ""https://youtube.com/@star-sports-institute-jabalpur-429""}"
49333597-f399-4998-8acb-41d94b230ff4,National Sports Academy Bhopal 430,national-sports-academy-bhopal-430,23.255626,77.412357,Professional Tennis coaching academy offering structured training programs.,Tennis,"Plot 5, Main Road, Bhopal",Bhopal,Madhya Pradesh,+917542095338,"https://maps.google.com/?q=23.255626,77.412357",https://picsum.photos/seed/national-sports-academy-bhopal-430/800/600,Rohit Nair,Tennis,7 Years,National Sports Academy Bhopal 430,₹9887/month,"Ball Machine, Clay Court, Fitness Center, Hard Court",5:00 PM - 7:00 PM,10-15,Mixed,46,AITA Certified Coach,3.9,273,True,"{""instagram"": ""https://instagram.com/national-sports-academy-bhopal-430"", ""facebook"": ""https://facebook.com/national-sports-academy-bhopal-430"", ""youtube"": ""https://youtube.com/@national-sports-academy-bhopal-430""}"
e0190d69-c7b7-49ee-9ebb-130f2d004476,Pro Sports Institute Jabalpur 431,pro-sports-institute-jabalpur-431,23.186791,80.020659,Professional Swimming coaching academy offering structured training programs.,Swimming,"Plot 119, Sports Hub, Jabalpur",Jabalpur,Madhya Pradesh,+919621306330,"https://maps.google.com/?q=23.186791,80.020659",https://picsum.photos/seed/pro-sports-institute-jabalpur-431/800/600,Suresh Yadav,Swimming,2 Years,Pro Sports Institute Jabalpur 431,₹9151/month,"Lifeguard Support, Changing Rooms, Olympic Pool, Kids Pool",6:00 PM - 8:00 PM,10-15,Boys,90,Swimming Federation Certified,3.8,235,True,"{""instagram"": ""https://instagram.com/pro-sports-institute-jabalpur-431"", ""facebook"": ""https://facebook.com/pro-sports-institute-jabalpur-431"", ""youtube"": ""https://youtube.com/@pro-sports-institute-jabalpur-431""}"
67c27ec4-f46f-4576-887a-7104f053d80b,Master Sports Institute Jabalpur 432,master-sports-institute-jabalpur-432,23.205135,80.012226,Professional Cricket coaching academy offering structured training programs.,Cricket,"Plot 572, Champions Street, Jabalpur",Jabalpur,Madhya Pradesh,+916495837930,"https://maps.google.com/?q=23.205135,80.012226",https://picsum.photos/seed/master-sports-institute-jabalpur-432/800/600,Mahesh Kumar,Cricket,19 Years,Master Sports Institute Jabalpur 432,₹7400/month,"Gym, Turf Nets, Practice Pitch, Bowling Machine",5:00 PM - 7:00 PM,All Ages,Boys,51,"BCCI Level 1, BCCI Level 2",4.7,265,True,"{""instagram"": ""https://instagram.com/master-sports-institute-jabalpur-432"", ""facebook"": ""https://facebook.com/master-sports-institute-jabalpur-432"", ""youtube"": ""https://youtube.com/@master-sports-institute-jabalpur-432""}"
b7ec1468-a5a9-474b-bc29-69c396bcc3a2,Champion Athletic Center Jabalpur 433,champion-athletic-center-jabalpur-433,23.184726,80.003279,Professional Swimming coaching academy offering structured training programs.,Swimming,"Plot 155, Victory Avenue, Jabalpur",Jabalpur,Madhya Pradesh,+918963123574,"https://maps.google.com/?q=23.184726,80.003279",https://picsum.photos/seed/champion-athletic-center-jabalpur-433/800/600,Vikram Nair,Swimming,8 Years,Champion Athletic Center Jabalpur 433,₹9331/month,"Olympic Pool, Lifeguard Support, Kids Pool, Changing Rooms",6:00 AM - 8:00 AM,5-10,Girls,34,Swimming Federation Certified,3.6,55,True,"{""instagram"": ""https://instagram.com/champion-athletic-center-jabalpur-433"", ""facebook"": ""https://facebook.com/champion-athletic-center-jabalpur-433"", ""youtube"": ""https://youtube.com/@champion-athletic-center-jabalpur-433""}"
8aa81e1d-b6a7-4352-8fad-532a3302b9ca,Future Sports Club Jabalpur 434,future-sports-club-jabalpur-434,23.195816,79.993453,Professional Athletics coaching academy offering structured training programs.,Athletics,"Plot 825, Stadium Road, Jabalpur",Jabalpur,Madhya Pradesh,+918475586275,"https://maps.google.com/?q=23.195816,79.993453",https://picsum.photos/seed/future-sports-club-jabalpur-434/800/600,Aman Yadav,Athletics,22 Years,Future Sports Club Jabalpur 434,₹1664/month,"Running Track, Gym, Recovery Zone, Fitness Center",4:00 PM - 6:00 PM,15-18,Mixed,40,Athletics Federation Certified,3.9,425,True,"{""instagram"": ""https://instagram.com/future-sports-club-jabalpur-434"", ""facebook"": ""https://facebook.com/future-sports-club-jabalpur-434"", ""youtube"": ""https://youtube.com/@future-sports-club-jabalpur-434""}"
58fcfefd-15ae-4ae7-bc8b-5e687878e81d,Legend Athletic Center Gwalior 435,legend-athletic-center-gwalior-435,26.251222,78.196843,Professional Athletics coaching academy offering structured training programs.,Athletics,"Plot 938, Stadium Road, Gwalior",Gwalior,Madhya Pradesh,+919648133383,"https://maps.google.com/?q=26.251222,78.196843",https://picsum.photos/seed/legend-athletic-center-gwalior-435/800/600,Prakash Singh,Athletics,21 Years,Legend Athletic Center Gwalior 435,₹2257/month,"Recovery Zone, Fitness Center, Running Track, Gym",6:00 PM - 8:00 PM,10-15,Boys,45,Athletics Federation Certified,3.9,89,False,"{""instagram"": ""https://instagram.com/legend-athletic-center-gwalior-435"", ""facebook"": ""https://facebook.com/legend-athletic-center-gwalior-435"", ""youtube"": ""https://youtube.com/@legend-athletic-center-gwalior-435""}"
2c4da271-9576-468c-81c6-94de3a71bae2,Legend Performance Academy Gwalior 436,legend-performance-academy-gwalior-436,26.246714,78.166256,Professional Athletics coaching academy offering structured training programs.,Athletics,"Plot 498, Sports Complex, Gwalior",Gwalior,Madhya Pradesh,+919422753295,"https://maps.google.com/?q=26.246714,78.166256",https://picsum.photos/seed/legend-performance-academy-gwalior-436/800/600,Lokesh Choudhary,Athletics,25 Years,Legend Performance Academy Gwalior 436,₹2241/month,"Recovery Zone, Running Track, Gym, Fitness Center",5:00 PM - 7:00 PM,All Ages,Girls,97,Athletics Federation Certified,4.4,33,True,"{""instagram"": ""https://instagram.com/legend-performance-academy-gwalior-436"", ""facebook"": ""https://facebook.com/legend-performance-academy-gwalior-436"", ""youtube"": ""https://youtube.com/@legend-performance-academy-gwalior-436""}"
2a4599c8-8150-44bb-afb2-60fcf9c3c17a,Prime Performance Academy Jabalpur 437,prime-performance-academy-jabalpur-437,23.137852,79.962381,Professional Athletics coaching academy offering structured training programs.,Athletics,"Plot 105, Athletic Colony, Jabalpur",Jabalpur,Madhya Pradesh,+919568889160,"https://maps.google.com/?q=23.137852,79.962381",https://picsum.photos/seed/prime-performance-academy-jabalpur-437/800/600,Tarun Gupta,Athletics,12 Years,Prime Performance Academy Jabalpur 437,₹3176/month,"Running Track, Recovery Zone, Fitness Center, Gym",6:00 AM - 8:00 AM,18+,Boys,53,Athletics Federation Certified,4.9,243,True,"{""instagram"": ""https://instagram.com/prime-performance-academy-jabalpur-437"", ""facebook"": ""https://facebook.com/prime-performance-academy-jabalpur-437"", ""youtube"": ""https://youtube.com/@prime-performance-academy-jabalpur-437""}"
7fd8ddc0-a8b3-4b49-b424-d777e3ee5d90,Royal Sports Club Jabalpur 438,royal-sports-club-jabalpur-438,23.197546,80.007438,Professional Badminton coaching academy offering structured training programs.,Badminton,"Plot 776, Sports Nagar, Jabalpur",Jabalpur,Madhya Pradesh,+917398624531,"https://maps.google.com/?q=23.197546,80.007438",https://picsum.photos/seed/royal-sports-club-jabalpur-438/800/600,Ajay Gupta,Badminton,13 Years,Royal Sports Club Jabalpur 438,₹4291/month,"Shuttle Supply, Wooden Courts, Fitness Center, Indoor Courts",6:00 AM - 8:00 AM,All Ages,Boys,57,BAI Certified Coach,4.8,387,False,"{""instagram"": ""https://instagram.com/royal-sports-club-jabalpur-438"", ""facebook"": ""https://facebook.com/royal-sports-club-jabalpur-438"", ""youtube"": ""https://youtube.com/@royal-sports-club-jabalpur-438""}"
4672072d-a861-47f9-94f1-1f35c526c5f3,Future Athletic Center Bhopal 439,future-athletic-center-bhopal-439,23.267648,77.419667,Professional Basketball coaching academy offering structured training programs.,Basketball,"Plot 813, Sports Complex, Bhopal",Bhopal,Madhya Pradesh,+916504208042,"https://maps.google.com/?q=23.267648,77.419667",https://picsum.photos/seed/future-athletic-center-bhopal-439/800/600,Naveen Singh,Basketball,5 Years,Future Athletic Center Bhopal 439,₹3331/month,"Locker Rooms, Outdoor Court, Fitness Center, Indoor Court",4:00 PM - 6:00 PM,All Ages,Girls,23,Basketball Federation Certified,3.5,434,False,"{""instagram"": ""https://instagram.com/future-athletic-center-bhopal-439"", ""facebook"": ""https://facebook.com/future-athletic-center-bhopal-439"", ""youtube"": ""https://youtube.com/@future-athletic-center-bhopal-439""}"
f393fe09-a71e-4418-9f60-964b686a061f,Future Athletic Center Jabalpur 440,future-athletic-center-jabalpur-440,23.193077,79.989871,Professional Football coaching academy offering structured training programs.,Football,"Plot 765, Stadium Road, Jabalpur",Jabalpur,Madhya Pradesh,+918156188056,"https://maps.google.com/?q=23.193077,79.989871",https://picsum.photos/seed/future-athletic-center-jabalpur-440/800/600,Kiran Joshi,Football,16 Years,Future Athletic Center Jabalpur 440,₹6116/month,"Training Cones, Fitness Center, Locker Rooms, Natural Grass Ground",4:00 PM - 6:00 PM,5-10,Boys,21,"AIFF D License, AIFF C License",4.5,332,False,"{""instagram"": ""https://instagram.com/future-athletic-center-jabalpur-440"", ""facebook"": ""https://facebook.com/future-athletic-center-jabalpur-440"", ""youtube"": ""https://youtube.com/@future-athletic-center-jabalpur-440""}"
c43519c3-7b73-4ef7-ba1f-d99c17fafa5c,Master Training Center Bhopal 441,master-training-center-bhopal-441,23.220232,77.364487,Professional Athletics coaching academy offering structured training programs.,Athletics,"Plot 547, Sports Hub, Bhopal",Bhopal,Madhya Pradesh,+919532332355,"https://maps.google.com/?q=23.220232,77.364487",https://picsum.photos/seed/master-training-center-bhopal-441/800/600,Lokesh Singh,Athletics,18 Years,Master Training Center Bhopal 441,₹4925/month,"Fitness Center, Recovery Zone, Running Track, Gym",5:00 PM - 7:00 PM,18+,Girls,96,Athletics Federation Certified,4.4,105,False,"{""instagram"": ""https://instagram.com/master-training-center-bhopal-441"", ""facebook"": ""https://facebook.com/master-training-center-bhopal-441"", ""youtube"": ""https://youtube.com/@master-training-center-bhopal-441""}"
ce9ac461-4e47-459e-85fd-3a13f0404e72,Dynamic Sports Club Indore 442,dynamic-sports-club-indore-442,22.70418,75.854938,Professional Badminton coaching academy offering structured training programs.,Badminton,"Plot 603, Sports Nagar, Indore",Indore,Madhya Pradesh,+917638164681,"https://maps.google.com/?q=22.70418,75.854938",https://picsum.photos/seed/dynamic-sports-club-indore-442/800/600,Kiran Verma,Badminton,4 Years,Dynamic Sports Club Indore 442,₹3807/month,"Shuttle Supply, Fitness Center, Indoor Courts, Wooden Courts",6:00 PM - 8:00 PM,18+,Boys,69,BAI Certified Coach,4.1,274,False,"{""instagram"": ""https://instagram.com/dynamic-sports-club-indore-442"", ""facebook"": ""https://facebook.com/dynamic-sports-club-indore-442"", ""youtube"": ""https://youtube.com/@dynamic-sports-club-indore-442""}"
71119600-4ec4-4a8a-95b6-ce54d0a9dbeb,Pro Sports Academy Gwalior 443,pro-sports-academy-gwalior-443,26.255711,78.166176,Professional Football coaching academy offering structured training programs.,Football,"Plot 110, Victory Avenue, Gwalior",Gwalior,Madhya Pradesh,+918356027203,"https://maps.google.com/?q=26.255711,78.166176",https://picsum.photos/seed/pro-sports-academy-gwalior-443/800/600,Suresh Joshi,Football,20 Years,Pro Sports Academy Gwalior 443,₹4757/month,"Locker Rooms, Fitness Center, Flood Lights, Training Cones",5:30 AM - 7:30 AM,15-18,Girls,95,"AIFF D License, AIFF C License",3.5,444,True,"{""instagram"": ""https://instagram.com/pro-sports-academy-gwalior-443"", ""facebook"": ""https://facebook.com/pro-sports-academy-gwalior-443"", ""youtube"": ""https://youtube.com/@pro-sports-academy-gwalior-443""}"
38010704-2d36-45e3-b1bb-46e63d7db56a,Master Sports Club Gwalior 444,master-sports-club-gwalior-444,26.223965,78.18341,Professional Volleyball coaching academy offering structured training programs.,Volleyball,"Plot 586, Victory Avenue, Gwalior",Gwalior,Madhya Pradesh,+919677898759,"https://maps.google.com/?q=26.223965,78.18341",https://picsum.photos/seed/master-sports-club-gwalior-444/800/600,Aman Patel,Volleyball,6 Years,Master Sports Club Gwalior 444,₹5704/month,"Fitness Center, Flood Lights, Sand Court, Indoor Court",5:00 PM - 7:00 PM,5-10,Mixed,95,Volleyball Federation Certified,3.9,438,True,"{""instagram"": ""https://instagram.com/master-sports-club-gwalior-444"", ""facebook"": ""https://facebook.com/master-sports-club-gwalior-444"", ""youtube"": ""https://youtube.com/@master-sports-club-gwalior-444""}"
f71b853b-8be3-4584-b55d-f1b5deabcb52,Pro Training Center Jabalpur 445,pro-training-center-jabalpur-445,23.153844,79.958222,Professional Volleyball coaching academy offering structured training programs.,Volleyball,"Plot 833, Athletic Colony, Jabalpur",Jabalpur,Madhya Pradesh,+918740938598,"https://maps.google.com/?q=23.153844,79.958222",https://picsum.photos/seed/pro-training-center-jabalpur-445/800/600,Ajay Singh,Volleyball,3 Years,Pro Training Center Jabalpur 445,₹3193/month,"Flood Lights, Sand Court, Fitness Center, Indoor Court",6:00 PM - 8:00 PM,5-10,Mixed,87,Volleyball Federation Certified,4.2,97,False,"{""instagram"": ""https://instagram.com/pro-training-center-jabalpur-445"", ""facebook"": ""https://facebook.com/pro-training-center-jabalpur-445"", ""youtube"": ""https://youtube.com/@pro-training-center-jabalpur-445""}"
4927a558-6925-4b48-9b26-98393aeac293,Pro Training Center Indore 446,pro-training-center-indore-446,22.763746,75.894296,Professional Badminton coaching academy offering structured training programs.,Badminton,"Plot 385, Main Road, Indore",Indore,Madhya Pradesh,+917077704123,"https://maps.google.com/?q=22.763746,75.894296",https://picsum.photos/seed/pro-training-center-indore-446/800/600,Deepak Yadav,Badminton,4 Years,Pro Training Center Indore 446,₹2539/month,"Wooden Courts, Indoor Courts, Fitness Center, Shuttle Supply",6:00 AM - 8:00 AM,10-15,Mixed,69,BAI Certified Coach,4.4,86,False,"{""instagram"": ""https://instagram.com/pro-training-center-indore-446"", ""facebook"": ""https://facebook.com/pro-training-center-indore-446"", ""youtube"": ""https://youtube.com/@pro-training-center-indore-446""}"
7800acec-14f2-4a10-896f-b7a9470bdc0c,Pro Sports Academy Gwalior 447,pro-sports-academy-gwalior-447,26.232812,78.135414,Professional Basketball coaching academy offering structured training programs.,Basketball,"Plot 127, Athletic Colony, Gwalior",Gwalior,Madhya Pradesh,+916892953972,"https://maps.google.com/?q=26.232812,78.135414",https://picsum.photos/seed/pro-sports-academy-gwalior-447/800/600,Mahesh Verma,Basketball,9 Years,Pro Sports Academy Gwalior 447,₹2503/month,"Outdoor Court, Locker Rooms, Indoor Court, Fitness Center",5:30 AM - 7:30 AM,18+,Girls,65,Basketball Federation Certified,3.5,366,False,"{""instagram"": ""https://instagram.com/pro-sports-academy-gwalior-447"", ""facebook"": ""https://facebook.com/pro-sports-academy-gwalior-447"", ""youtube"": ""https://youtube.com/@pro-sports-academy-gwalior-447""}"
4aceec02-b775-4e29-a735-8544f44dcd3f,Dynamic Performance Academy Gwalior 448,dynamic-performance-academy-gwalior-448,26.249637,78.167983,Professional Tennis coaching academy offering structured training programs.,Tennis,"Plot 34, Central Park, Gwalior",Gwalior,Madhya Pradesh,+916547872480,"https://maps.google.com/?q=26.249637,78.167983",https://picsum.photos/seed/dynamic-performance-academy-gwalior-448/800/600,Suresh Joshi,Tennis,16 Years,Dynamic Performance Academy Gwalior 448,₹6292/month,"Clay Court, Hard Court, Fitness Center, Ball Machine",6:00 AM - 8:00 AM,15-18,Boys,57,AITA Certified Coach,4.8,177,True,"{""instagram"": ""https://instagram.com/dynamic-performance-academy-gwalior-448"", ""facebook"": ""https://facebook.com/dynamic-performance-academy-gwalior-448"", ""youtube"": ""https://youtube.com/@dynamic-performance-academy-gwalior-448""}"
b2bc4caf-9f1b-468c-880f-f48cb1951eb2,Legend Performance Academy Jabalpur 449,legend-performance-academy-jabalpur-449,23.168628,79.957204,Professional Tennis coaching academy offering structured training programs.,Tennis,"Plot 541, Sports Nagar, Jabalpur",Jabalpur,Madhya Pradesh,+918989933600,"https://maps.google.com/?q=23.168628,79.957204",https://picsum.photos/seed/legend-performance-academy-jabalpur-449/800/600,Ravi Reddy,Tennis,6 Years,Legend Performance Academy Jabalpur 449,₹5546/month,"Clay Court, Ball Machine, Fitness Center, Hard Court",5:30 AM - 7:30 AM,All Ages,Mixed,80,AITA Certified Coach,3.8,499,True,"{""instagram"": ""https://instagram.com/legend-performance-academy-jabalpur-449"", ""facebook"": ""https://facebook.com/legend-performance-academy-jabalpur-449"", ""youtube"": ""https://youtube.com/@legend-performance-academy-jabalpur-449""}"
9b49bf0f-a7f9-4393-ae64-59b6838cc75b,National Sports Institute Indore 450,national-sports-institute-indore-450,22.75755,75.809078,Professional Tennis coaching academy offering structured training programs.,Tennis,"Plot 777, Main Road, Indore",Indore,Madhya Pradesh,+916161088722,"https://maps.google.com/?q=22.75755,75.809078",https://picsum.photos/seed/national-sports-institute-indore-450/800/600,Kiran Pillai,Tennis,24 Years,National Sports Institute Indore 450,₹11325/month,"Hard Court, Ball Machine, Clay Court, Fitness Center",5:00 PM - 7:00 PM,10-15,Boys,43,AITA Certified Coach,5.0,366,False,"{""instagram"": ""https://instagram.com/national-sports-institute-indore-450"", ""facebook"": ""https://facebook.com/national-sports-institute-indore-450"", ""youtube"": ""https://youtube.com/@national-sports-institute-indore-450""}"
af6267a1-ff56-4016-98cb-5142fd4052d7,Future Performance Academy Gwalior 451,future-performance-academy-gwalior-451,26.249785,78.22402,Professional Football coaching academy offering structured training programs.,Football,"Plot 573, Sports Nagar, Gwalior",Gwalior,Madhya Pradesh,+916473762466,"https://maps.google.com/?q=26.249785,78.22402",https://picsum.photos/seed/future-performance-academy-gwalior-451/800/600,Sanjay Verma,Football,17 Years,Future Performance Academy Gwalior 451,₹7557/month,"Training Cones, Fitness Center, Natural Grass Ground, Locker Rooms",4:00 PM - 6:00 PM,All Ages,Girls,79,"AIFF D License, AIFF C License",4.2,374,False,"{""instagram"": ""https://instagram.com/future-performance-academy-gwalior-451"", ""facebook"": ""https://facebook.com/future-performance-academy-gwalior-451"", ""youtube"": ""https://youtube.com/@future-performance-academy-gwalior-451""}"
4ab30800-7a20-41f2-8008-81fb64157cb6,Prime Sports Institute Jabalpur 452,prime-sports-institute-jabalpur-452,23.23112,80.029367,Professional Football coaching academy offering structured training programs.,Football,"Plot 186, Ring Road, Jabalpur",Jabalpur,Madhya Pradesh,+919283103612,"https://maps.google.com/?q=23.23112,80.029367",https://picsum.photos/seed/prime-sports-institute-jabalpur-452/800/600,Ajay Patel,Football,20 Years,Prime Sports Institute Jabalpur 452,₹3669/month,"Fitness Center, Natural Grass Ground, Training Cones, Locker Rooms",5:00 PM - 7:00 PM,All Ages,Boys,25,"AIFF D License, AIFF C License",4.4,323,False,"{""instagram"": ""https://instagram.com/prime-sports-institute-jabalpur-452"", ""facebook"": ""https://facebook.com/prime-sports-institute-jabalpur-452"", ""youtube"": ""https://youtube.com/@prime-sports-institute-jabalpur-452""}"
988667a8-aa40-4066-8427-9137efb8f79e,Champion Sports Club Indore 453,champion-sports-club-indore-453,22.673358,75.859643,Professional Volleyball coaching academy offering structured training programs.,Volleyball,"Plot 747, Sports Nagar, Indore",Indore,Madhya Pradesh,+918731434697,"https://maps.google.com/?q=22.673358,75.859643",https://picsum.photos/seed/champion-sports-club-indore-453/800/600,Kiran Nair,Volleyball,22 Years,Champion Sports Club Indore 453,₹4044/month,"Indoor Court, Fitness Center, Flood Lights, Sand Court",4:00 PM - 6:00 PM,18+,Boys,87,Volleyball Federation Certified,5.0,59,True,"{""instagram"": ""https://instagram.com/champion-sports-club-indore-453"", ""facebook"": ""https://facebook.com/champion-sports-club-indore-453"", ""youtube"": ""https://youtube.com/@champion-sports-club-indore-453""}"
bff192f7-0c95-4743-b074-d1b8505038d2,Master Training Center Bhopal 454,master-training-center-bhopal-454,23.273975,77.387912,Professional Football coaching academy offering structured training programs.,Football,"Plot 596, Ring Road, Bhopal",Bhopal,Madhya Pradesh,+917868703213,"https://maps.google.com/?q=23.273975,77.387912",https://picsum.photos/seed/master-training-center-bhopal-454/800/600,Naveen Joshi,Football,14 Years,Master Training Center Bhopal 454,₹2815/month,"Flood Lights, Fitness Center, Locker Rooms, Training Cones",5:30 AM - 7:30 AM,5-10,Mixed,94,"AIFF D License, AIFF C License",4.1,462,False,"{""instagram"": ""https://instagram.com/master-training-center-bhopal-454"", ""facebook"": ""https://facebook.com/master-training-center-bhopal-454"", ""youtube"": ""https://youtube.com/@master-training-center-bhopal-454""}"
4073d206-8f1b-4131-9964-2da3ea96e672,Master Athletic Center Indore 455,master-athletic-center-indore-455,22.694858,75.857305,Professional Athletics coaching academy offering structured training programs.,Athletics,"Plot 230, Central Park, Indore",Indore,Madhya Pradesh,+917443188066,"https://maps.google.com/?q=22.694858,75.857305",https://picsum.photos/seed/master-athletic-center-indore-455/800/600,Sanjay Reddy,Athletics,4 Years,Master Athletic Center Indore 455,₹2693/month,"Running Track, Gym, Fitness Center, Recovery Zone",4:00 PM - 6:00 PM,15-18,Girls,66,Athletics Federation Certified,4.0,324,True,"{""instagram"": ""https://instagram.com/master-athletic-center-indore-455"", ""facebook"": ""https://facebook.com/master-athletic-center-indore-455"", ""youtube"": ""https://youtube.com/@master-athletic-center-indore-455""}"
77794408-9a9e-4e57-ba8e-b60a0566870c,National Sports Club Aurangabad 456,national-sports-club-aurangabad-456,19.882275,75.312512,Professional Basketball coaching academy offering structured training programs.,Basketball,"Plot 816, Sports Hub, Aurangabad",Aurangabad,Maharashtra,+919345138417,"https://maps.google.com/?q=19.882275,75.312512",https://picsum.photos/seed/national-sports-club-aurangabad-456/800/600,Rohit Reddy,Basketball,9 Years,National Sports Club Aurangabad 456,₹3330/month,"Outdoor Court, Indoor Court, Fitness Center, Locker Rooms",5:30 AM - 7:30 AM,10-15,Girls,68,Basketball Federation Certified,4.7,190,True,"{""instagram"": ""https://instagram.com/national-sports-club-aurangabad-456"", ""facebook"": ""https://facebook.com/national-sports-club-aurangabad-456"", ""youtube"": ""https://youtube.com/@national-sports-club-aurangabad-456""}"
f0493cac-f84e-4a38-8a2e-73c976e59bfe,Victory Performance Academy Nashik 457,victory-performance-academy-nashik-457,20.011202,73.813578,Professional Volleyball coaching academy offering structured training programs.,Volleyball,"Plot 121, Victory Avenue, Nashik",Nashik,Maharashtra,+918353269495,"https://maps.google.com/?q=20.011202,73.813578",https://picsum.photos/seed/victory-performance-academy-nashik-457/800/600,Sanjay Singh,Volleyball,13 Years,Victory Performance Academy Nashik 457,₹3783/month,"Flood Lights, Indoor Court, Fitness Center, Sand Court",5:00 PM - 7:00 PM,10-15,Mixed,78,Volleyball Federation Certified,4.7,32,False,"{""instagram"": ""https://instagram.com/victory-performance-academy-nashik-457"", ""facebook"": ""https://facebook.com/victory-performance-academy-nashik-457"", ""youtube"": ""https://youtube.com/@victory-performance-academy-nashik-457""}"
f369463f-cdfe-4fd5-a487-ab1b44421235,Master Sports Club Nagpur 458,master-sports-club-nagpur-458,21.095909,79.131327,Professional Tennis coaching academy offering structured training programs.,Tennis,"Plot 61, Stadium Road, Nagpur",Nagpur,Maharashtra,+917856848057,"https://maps.google.com/?q=21.095909,79.131327",https://picsum.photos/seed/master-sports-club-nagpur-458/800/600,Naveen Verma,Tennis,22 Years,Master Sports Club Nagpur 458,₹7511/month,"Clay Court, Fitness Center, Ball Machine, Hard Court",6:00 PM - 8:00 PM,All Ages,Mixed,36,AITA Certified Coach,3.7,167,False,"{""instagram"": ""https://instagram.com/master-sports-club-nagpur-458"", ""facebook"": ""https://facebook.com/master-sports-club-nagpur-458"", ""youtube"": ""https://youtube.com/@master-sports-club-nagpur-458""}"
eab28541-3b51-4ef2-8d7b-6bd507b10f0f,Champion Performance Academy Nagpur 459,champion-performance-academy-nagpur-459,21.190174,79.078445,Professional Cricket coaching academy offering structured training programs.,Cricket,"Plot 154, Victory Avenue, Nagpur",Nagpur,Maharashtra,+916825453239,"https://maps.google.com/?q=21.190174,79.078445",https://picsum.photos/seed/champion-performance-academy-nagpur-459/800/600,Kiran Gupta,Cricket,24 Years,Champion Performance Academy Nagpur 459,₹4724/month,"Video Analysis, Gym, Turf Nets, Bowling Machine",5:30 AM - 7:30 AM,All Ages,Boys,65,"BCCI Level 1, BCCI Level 2",4.4,480,False,"{""instagram"": ""https://instagram.com/champion-performance-academy-nagpur-459"", ""facebook"": ""https://facebook.com/champion-performance-academy-nagpur-459"", ""youtube"": ""https://youtube.com/@champion-performance-academy-nagpur-459""}"
8702de95-9950-4c83-b609-cdcb97c497f6,Legend Sports Club Mumbai 460,legend-sports-club-mumbai-460,19.064839,72.870297,Professional Badminton coaching academy offering structured training programs.,Badminton,"Plot 594, Ring Road, Mumbai",Mumbai,Maharashtra,+917694134054,"https://maps.google.com/?q=19.064839,72.870297",https://picsum.photos/seed/legend-sports-club-mumbai-460/800/600,Rahul Patel,Badminton,15 Years,Legend Sports Club Mumbai 460,₹2363/month,"Indoor Courts, Fitness Center, Shuttle Supply, Wooden Courts",6:00 AM - 8:00 AM,5-10,Boys,39,BAI Certified Coach,4.1,183,False,"{""instagram"": ""https://instagram.com/legend-sports-club-mumbai-460"", ""facebook"": ""https://facebook.com/legend-sports-club-mumbai-460"", ""youtube"": ""https://youtube.com/@legend-sports-club-mumbai-460""}"
1743b188-0de8-446f-a1ef-cdacee8fb07b,Royal Performance Academy Nagpur 461,royal-performance-academy-nagpur-461,21.127003,79.109468,Professional Athletics coaching academy offering structured training programs.,Athletics,"Plot 847, Champions Street, Nagpur",Nagpur,Maharashtra,+918894009541,"https://maps.google.com/?q=21.127003,79.109468",https://picsum.photos/seed/royal-performance-academy-nagpur-461/800/600,Prakash Choudhary,Athletics,25 Years,Royal Performance Academy Nagpur 461,₹3461/month,"Recovery Zone, Running Track, Fitness Center, Gym",6:00 AM - 8:00 AM,10-15,Mixed,76,Athletics Federation Certified,3.9,189,False,"{""instagram"": ""https://instagram.com/royal-performance-academy-nagpur-461"", ""facebook"": ""https://facebook.com/royal-performance-academy-nagpur-461"", ""youtube"": ""https://youtube.com/@royal-performance-academy-nagpur-461""}"
08a1a418-c6a6-45bc-a04e-771d6d2b3dd7,Victory Performance Academy Pune 462,victory-performance-academy-pune-462,18.527307,73.857208,Professional Athletics coaching academy offering structured training programs.,Athletics,"Plot 119, Ring Road, Pune",Pune,Maharashtra,+919205699600,"https://maps.google.com/?q=18.527307,73.857208",https://picsum.photos/seed/victory-performance-academy-pune-462/800/600,Rohit Mishra,Athletics,19 Years,Victory Performance Academy Pune 462,₹2150/month,"Running Track, Fitness Center, Recovery Zone, Gym",6:00 AM - 8:00 AM,10-15,Boys,35,Athletics Federation Certified,4.2,74,True,"{""instagram"": ""https://instagram.com/victory-performance-academy-pune-462"", ""facebook"": ""https://facebook.com/victory-performance-academy-pune-462"", ""youtube"": ""https://youtube.com/@victory-performance-academy-pune-462""}"
5763c2d2-3737-432c-8b45-f96ac0a3244b,Star Sports Academy Nagpur 463,star-sports-academy-nagpur-463,21.117745,79.061755,Professional Athletics coaching academy offering structured training programs.,Athletics,"Plot 806, Athletic Colony, Nagpur",Nagpur,Maharashtra,+916674367695,"https://maps.google.com/?q=21.117745,79.061755",https://picsum.photos/seed/star-sports-academy-nagpur-463/800/600,Deepak Reddy,Athletics,6 Years,Star Sports Academy Nagpur 463,₹3092/month,"Fitness Center, Running Track, Recovery Zone, Gym",6:00 AM - 8:00 AM,All Ages,Boys,34,Athletics Federation Certified,4.6,43,False,"{""instagram"": ""https://instagram.com/star-sports-academy-nagpur-463"", ""facebook"": ""https://facebook.com/star-sports-academy-nagpur-463"", ""youtube"": ""https://youtube.com/@star-sports-academy-nagpur-463""}"
5ba45fd4-d5d8-4cea-8f56-04dbdfeefc60,Victory Sports Club Nashik 464,victory-sports-club-nashik-464,20.01996,73.833746,Professional Volleyball coaching academy offering structured training programs.,Volleyball,"Plot 759, Ring Road, Nashik",Nashik,Maharashtra,+918705447041,"https://maps.google.com/?q=20.01996,73.833746",https://picsum.photos/seed/victory-sports-club-nashik-464/800/600,Deepak Joshi,Volleyball,19 Years,Victory Sports Club Nashik 464,₹5000/month,"Sand Court, Indoor Court, Fitness Center, Flood Lights",5:30 AM - 7:30 AM,All Ages,Boys,48,Volleyball Federation Certified,3.6,160,True,"{""instagram"": ""https://instagram.com/victory-sports-club-nashik-464"", ""facebook"": ""https://facebook.com/victory-sports-club-nashik-464"", ""youtube"": ""https://youtube.com/@victory-sports-club-nashik-464""}"
e5d5d93b-00b8-4d50-ac82-ea958d0033a5,Prime Sports Academy Nagpur 465,prime-sports-academy-nagpur-465,21.096175,79.086525,Professional Football coaching academy offering structured training programs.,Football,"Plot 234, Central Park, Nagpur",Nagpur,Maharashtra,+919529421413,"https://maps.google.com/?q=21.096175,79.086525",https://picsum.photos/seed/prime-sports-academy-nagpur-465/800/600,Kiran Joshi,Football,16 Years,Prime Sports Academy Nagpur 465,₹7630/month,"Locker Rooms, Flood Lights, Fitness Center, Training Cones",5:00 PM - 7:00 PM,5-10,Mixed,39,"AIFF D License, AIFF C License",4.7,382,True,"{""instagram"": ""https://instagram.com/prime-sports-academy-nagpur-465"", ""facebook"": ""https://facebook.com/prime-sports-academy-nagpur-465"", ""youtube"": ""https://youtube.com/@prime-sports-academy-nagpur-465""}"
33f7c98e-b60e-48a8-8c83-613184cc8ac8,Future Sports Institute Pune 466,future-sports-institute-pune-466,18.532897,73.81365,Professional Tennis coaching academy offering structured training programs.,Tennis,"Plot 225, Stadium Road, Pune",Pune,Maharashtra,+918164509075,"https://maps.google.com/?q=18.532897,73.81365",https://picsum.photos/seed/future-sports-institute-pune-466/800/600,Sanjay Reddy,Tennis,22 Years,Future Sports Institute Pune 466,₹11499/month,"Fitness Center, Clay Court, Ball Machine, Hard Court",6:00 PM - 8:00 PM,5-10,Mixed,66,AITA Certified Coach,4.3,393,True,"{""instagram"": ""https://instagram.com/future-sports-institute-pune-466"", ""facebook"": ""https://facebook.com/future-sports-institute-pune-466"", ""youtube"": ""https://youtube.com/@future-sports-institute-pune-466""}"
912941fd-51a8-4fca-b167-f2a1f15e2e6d,Pro Sports Academy Mumbai 467,pro-sports-academy-mumbai-467,19.074453,72.894736,Professional Badminton coaching academy offering structured training programs.,Badminton,"Plot 110, Sports Nagar, Mumbai",Mumbai,Maharashtra,+917211796525,"https://maps.google.com/?q=19.074453,72.894736",https://picsum.photos/seed/pro-sports-academy-mumbai-467/800/600,Suresh Verma,Badminton,5 Years,Pro Sports Academy Mumbai 467,₹6268/month,"Shuttle Supply, Indoor Courts, Wooden Courts, Fitness Center",6:00 AM - 8:00 AM,15-18,Boys,62,BAI Certified Coach,4.9,425,True,"{""instagram"": ""https://instagram.com/pro-sports-academy-mumbai-467"", ""facebook"": ""https://facebook.com/pro-sports-academy-mumbai-467"", ""youtube"": ""https://youtube.com/@pro-sports-academy-mumbai-467""}"
92c500c7-7ec5-432c-810f-e57bf5596485,Pro Training Center Pune 468,pro-training-center-pune-468,18.552538,73.843513,Professional Tennis coaching academy offering structured training programs.,Tennis,"Plot 207, Champions Street, Pune",Pune,Maharashtra,+917756293000,"https://maps.google.com/?q=18.552538,73.843513",https://picsum.photos/seed/pro-training-center-pune-468/800/600,Sanjay Gupta,Tennis,15 Years,Pro Training Center Pune 468,₹10061/month,"Hard Court, Fitness Center, Ball Machine, Clay Court",5:00 PM - 7:00 PM,15-18,Girls,56,AITA Certified Coach,4.3,269,False,"{""instagram"": ""https://instagram.com/pro-training-center-pune-468"", ""facebook"": ""https://facebook.com/pro-training-center-pune-468"", ""youtube"": ""https://youtube.com/@pro-training-center-pune-468""}"
16f4f8d2-370b-4d38-8646-c11a07cf66a5,Royal Performance Academy Aurangabad 469,royal-performance-academy-aurangabad-469,19.921077,75.30966,Professional Swimming coaching academy offering structured training programs.,Swimming,"Plot 337, Sports Nagar, Aurangabad",Aurangabad,Maharashtra,+919887371615,"https://maps.google.com/?q=19.921077,75.30966",https://picsum.photos/seed/royal-performance-academy-aurangabad-469/800/600,Tarun Reddy,Swimming,15 Years,Royal Performance Academy Aurangabad 469,₹9657/month,"Changing Rooms, Olympic Pool, Kids Pool, Lifeguard Support",5:30 AM - 7:30 AM,15-18,Mixed,42,Swimming Federation Certified,4.7,58,False,"{""instagram"": ""https://instagram.com/royal-performance-academy-aurangabad-469"", ""facebook"": ""https://facebook.com/royal-performance-academy-aurangabad-469"", ""youtube"": ""https://youtube.com/@royal-performance-academy-aurangabad-469""}"
323a2075-e265-482f-b2b7-778820211827,National Performance Academy Nashik 470,national-performance-academy-nashik-470,19.995123,73.782863,Professional Badminton coaching academy offering structured training programs.,Badminton,"Plot 855, Sports Nagar, Nashik",Nashik,Maharashtra,+917270145356,"https://maps.google.com/?q=19.995123,73.782863",https://picsum.photos/seed/national-performance-academy-nashik-470/800/600,Sanjay Nair,Badminton,7 Years,National Performance Academy Nashik 470,₹5245/month,"Fitness Center, Wooden Courts, Indoor Courts, Shuttle Supply",5:00 PM - 7:00 PM,10-15,Boys,45,BAI Certified Coach,4.3,388,True,"{""instagram"": ""https://instagram.com/national-performance-academy-nashik-470"", ""facebook"": ""https://facebook.com/national-performance-academy-nashik-470"", ""youtube"": ""https://youtube.com/@national-performance-academy-nashik-470""}"
3a6fa68e-1e48-4321-aebf-48413a5eae73,Star Sports Club Aurangabad 471,star-sports-club-aurangabad-471,19.834441,75.373894,Professional Athletics coaching academy offering structured training programs.,Athletics,"Plot 452, Sports Complex, Aurangabad",Aurangabad,Maharashtra,+916079930854,"https://maps.google.com/?q=19.834441,75.373894",https://picsum.photos/seed/star-sports-club-aurangabad-471/800/600,Tarun Yadav,Athletics,16 Years,Star Sports Club Aurangabad 471,₹2295/month,"Gym, Recovery Zone, Fitness Center, Running Track",6:00 PM - 8:00 PM,10-15,Girls,72,Athletics Federation Certified,4.7,454,True,"{""instagram"": ""https://instagram.com/star-sports-club-aurangabad-471"", ""facebook"": ""https://facebook.com/star-sports-club-aurangabad-471"", ""youtube"": ""https://youtube.com/@star-sports-club-aurangabad-471""}"
1b188374-a5ef-478e-b20a-5e461567dac9,Star Sports Club Nashik 472,star-sports-club-nashik-472,20.02008,73.80446,Professional Swimming coaching academy offering structured training programs.,Swimming,"Plot 103, Ring Road, Nashik",Nashik,Maharashtra,+918124276313,"https://maps.google.com/?q=20.02008,73.80446",https://picsum.photos/seed/star-sports-club-nashik-472/800/600,Aman Rao,Swimming,16 Years,Star Sports Club Nashik 472,₹9094/month,"Olympic Pool, Changing Rooms, Lifeguard Support, Kids Pool",5:00 PM - 7:00 PM,10-15,Mixed,95,Swimming Federation Certified,3.6,452,False,"{""instagram"": ""https://instagram.com/star-sports-club-nashik-472"", ""facebook"": ""https://facebook.com/star-sports-club-nashik-472"", ""youtube"": ""https://youtube.com/@star-sports-club-nashik-472""}"
df1d2927-f5e0-4e6b-908b-3d83ed6381a0,Prime Sports Club Nagpur 473,prime-sports-club-nagpur-473,21.131755,79.051133,Professional Athletics coaching academy offering structured training programs.,Athletics,"Plot 775, Athletic Colony, Nagpur",Nagpur,Maharashtra,+917843173131,"https://maps.google.com/?q=21.131755,79.051133",https://picsum.photos/seed/prime-sports-club-nagpur-473/800/600,Arjun Gupta,Athletics,14 Years,Prime Sports Club Nagpur 473,₹4931/month,"Running Track, Gym, Recovery Zone, Fitness Center",4:00 PM - 6:00 PM,5-10,Mixed,54,Athletics Federation Certified,3.6,297,False,"{""instagram"": ""https://instagram.com/prime-sports-club-nagpur-473"", ""facebook"": ""https://facebook.com/prime-sports-club-nagpur-473"", ""youtube"": ""https://youtube.com/@prime-sports-club-nagpur-473""}"
e51feacd-51e5-43b7-ae39-b27702b668bf,Pro Sports Institute Aurangabad 474,pro-sports-institute-aurangabad-474,19.915178,75.337891,Professional Badminton coaching academy offering structured training programs.,Badminton,"Plot 493, Ring Road, Aurangabad",Aurangabad,Maharashtra,+917417752760,"https://maps.google.com/?q=19.915178,75.337891",https://picsum.photos/seed/pro-sports-institute-aurangabad-474/800/600,Rahul Patel,Badminton,15 Years,Pro Sports Institute Aurangabad 474,₹5119/month,"Wooden Courts, Shuttle Supply, Fitness Center, Indoor Courts",5:30 AM - 7:30 AM,5-10,Mixed,70,BAI Certified Coach,4.2,168,True,"{""instagram"": ""https://instagram.com/pro-sports-institute-aurangabad-474"", ""facebook"": ""https://facebook.com/pro-sports-institute-aurangabad-474"", ""youtube"": ""https://youtube.com/@pro-sports-institute-aurangabad-474""}"
c2a2d1e4-fdc0-4120-af27-bee38a116864,Victory Sports Academy Mumbai 475,victory-sports-academy-mumbai-475,19.050337,72.878884,Professional Badminton coaching academy offering structured training programs.,Badminton,"Plot 889, Sports Nagar, Mumbai",Mumbai,Maharashtra,+917688344400,"https://maps.google.com/?q=19.050337,72.878884",https://picsum.photos/seed/victory-sports-academy-mumbai-475/800/600,Lokesh Rao,Badminton,16 Years,Victory Sports Academy Mumbai 475,₹4323/month,"Wooden Courts, Shuttle Supply, Fitness Center, Indoor Courts",5:00 PM - 7:00 PM,5-10,Girls,39,BAI Certified Coach,4.6,423,True,"{""instagram"": ""https://instagram.com/victory-sports-academy-mumbai-475"", ""facebook"": ""https://facebook.com/victory-sports-academy-mumbai-475"", ""youtube"": ""https://youtube.com/@victory-sports-academy-mumbai-475""}"
86b52558-f145-4e0b-b25d-4d80fa57cbe6,National Sports Institute Nashik 476,national-sports-institute-nashik-476,19.959781,73.791764,Professional Basketball coaching academy offering structured training programs.,Basketball,"Plot 392, Main Road, Nashik",Nashik,Maharashtra,+916844390226,"https://maps.google.com/?q=19.959781,73.791764",https://picsum.photos/seed/national-sports-institute-nashik-476/800/600,Sanjay Reddy,Basketball,8 Years,National Sports Institute Nashik 476,₹2774/month,"Locker Rooms, Outdoor Court, Indoor Court, Fitness Center",4:00 PM - 6:00 PM,18+,Girls,26,Basketball Federation Certified,4.9,350,True,"{""instagram"": ""https://instagram.com/national-sports-institute-nashik-476"", ""facebook"": ""https://facebook.com/national-sports-institute-nashik-476"", ""youtube"": ""https://youtube.com/@national-sports-institute-nashik-476""}"
208a2e1c-811e-4d37-8a6a-58b1d615200f,Royal Training Center Nashik 477,royal-training-center-nashik-477,19.998439,73.782112,Professional Volleyball coaching academy offering structured training programs.,Volleyball,"Plot 206, Sports Complex, Nashik",Nashik,Maharashtra,+918704961153,"https://maps.google.com/?q=19.998439,73.782112",https://picsum.photos/seed/royal-training-center-nashik-477/800/600,Harish Gupta,Volleyball,22 Years,Royal Training Center Nashik 477,₹5991/month,"Sand Court, Fitness Center, Flood Lights, Indoor Court",6:00 PM - 8:00 PM,5-10,Mixed,88,Volleyball Federation Certified,3.6,81,False,"{""instagram"": ""https://instagram.com/royal-training-center-nashik-477"", ""facebook"": ""https://facebook.com/royal-training-center-nashik-477"", ""youtube"": ""https://youtube.com/@royal-training-center-nashik-477""}"
c09f8669-40bd-4627-9226-d4c465eb3cee,Dynamic Sports Academy Mumbai 478,dynamic-sports-academy-mumbai-478,19.090472,72.85996,Professional Badminton coaching academy offering structured training programs.,Badminton,"Plot 260, Champions Street, Mumbai",Mumbai,Maharashtra,+919604543160,"https://maps.google.com/?q=19.090472,72.85996",https://picsum.photos/seed/dynamic-sports-academy-mumbai-478/800/600,Lokesh Gupta,Badminton,18 Years,Dynamic Sports Academy Mumbai 478,₹3157/month,"Wooden Courts, Shuttle Supply, Fitness Center, Indoor Courts",5:00 PM - 7:00 PM,5-10,Boys,36,BAI Certified Coach,4.7,446,False,"{""instagram"": ""https://instagram.com/dynamic-sports-academy-mumbai-478"", ""facebook"": ""https://facebook.com/dynamic-sports-academy-mumbai-478"", ""youtube"": ""https://youtube.com/@dynamic-sports-academy-mumbai-478""}"
38c5a5bd-d3bf-4f87-877b-e6b6e5d527b7,Royal Sports Club Nashik 479,royal-sports-club-nashik-479,20.04712,73.770982,Professional Cricket coaching academy offering structured training programs.,Cricket,"Plot 695, Central Park, Nashik",Nashik,Maharashtra,+918998158744,"https://maps.google.com/?q=20.04712,73.770982",https://picsum.photos/seed/royal-sports-club-nashik-479/800/600,Naveen Pillai,Cricket,2 Years,Royal Sports Club Nashik 479,₹6079/month,"Video Analysis, Practice Pitch, Gym, Bowling Machine",6:00 PM - 8:00 PM,15-18,Girls,80,"BCCI Level 1, BCCI Level 2",3.6,143,True,"{""instagram"": ""https://instagram.com/royal-sports-club-nashik-479"", ""facebook"": ""https://facebook.com/royal-sports-club-nashik-479"", ""youtube"": ""https://youtube.com/@royal-sports-club-nashik-479""}"
3382597b-718d-468d-93d1-7dd136ea8c50,Legend Training Center Mumbai 480,legend-training-center-mumbai-480,19.122903,72.921227,Professional Football coaching academy offering structured training programs.,Football,"Plot 106, Ring Road, Mumbai",Mumbai,Maharashtra,+919761704770,"https://maps.google.com/?q=19.122903,72.921227",https://picsum.photos/seed/legend-training-center-mumbai-480/800/600,Arjun Kumar,Football,22 Years,Legend Training Center Mumbai 480,₹6189/month,"Flood Lights, Training Cones, Fitness Center, Locker Rooms",6:00 AM - 8:00 AM,All Ages,Boys,99,"AIFF D License, AIFF C License",4.7,349,True,"{""instagram"": ""https://instagram.com/legend-training-center-mumbai-480"", ""facebook"": ""https://facebook.com/legend-training-center-mumbai-480"", ""youtube"": ""https://youtube.com/@legend-training-center-mumbai-480""}"
efc4a437-4713-4fb5-afe7-517acfdc3824,National Sports Club Nashik 481,national-sports-club-nashik-481,20.028954,73.817951,Professional Tennis coaching academy offering structured training programs.,Tennis,"Plot 406, Stadium Road, Nashik",Nashik,Maharashtra,+919075362616,"https://maps.google.com/?q=20.028954,73.817951",https://picsum.photos/seed/national-sports-club-nashik-481/800/600,Suresh Yadav,Tennis,23 Years,National Sports Club Nashik 481,₹8936/month,"Ball Machine, Fitness Center, Hard Court, Clay Court",5:00 PM - 7:00 PM,All Ages,Girls,64,AITA Certified Coach,3.8,351,True,"{""instagram"": ""https://instagram.com/national-sports-club-nashik-481"", ""facebook"": ""https://facebook.com/national-sports-club-nashik-481"", ""youtube"": ""https://youtube.com/@national-sports-club-nashik-481""}"
42150e25-b244-4cb3-b668-54d9d8cfe5eb,Prime Sports Institute Mumbai 482,prime-sports-institute-mumbai-482,19.037006,72.899897,Professional Basketball coaching academy offering structured training programs.,Basketball,"Plot 260, Sports Complex, Mumbai",Mumbai,Maharashtra,+917042197524,"https://maps.google.com/?q=19.037006,72.899897",https://picsum.photos/seed/prime-sports-institute-mumbai-482/800/600,Tarun Patel,Basketball,4 Years,Prime Sports Institute Mumbai 482,₹4693/month,"Locker Rooms, Indoor Court, Fitness Center, Outdoor Court",6:00 PM - 8:00 PM,All Ages,Boys,83,Basketball Federation Certified,4.7,214,True,"{""instagram"": ""https://instagram.com/prime-sports-institute-mumbai-482"", ""facebook"": ""https://facebook.com/prime-sports-institute-mumbai-482"", ""youtube"": ""https://youtube.com/@prime-sports-institute-mumbai-482""}"
e370ca46-e6fe-489c-a03c-3316467d0b3b,Prime Training Center Pune 483,prime-training-center-pune-483,18.523345,73.845652,Professional Football coaching academy offering structured training programs.,Football,"Plot 557, Victory Avenue, Pune",Pune,Maharashtra,+916729156608,"https://maps.google.com/?q=18.523345,73.845652",https://picsum.photos/seed/prime-training-center-pune-483/800/600,Naveen Gupta,Football,10 Years,Prime Training Center Pune 483,₹4028/month,"Flood Lights, Training Cones, Fitness Center, Locker Rooms",6:00 AM - 8:00 AM,18+,Girls,71,"AIFF D License, AIFF C License",3.7,391,True,"{""instagram"": ""https://instagram.com/prime-training-center-pune-483"", ""facebook"": ""https://facebook.com/prime-training-center-pune-483"", ""youtube"": ""https://youtube.com/@prime-training-center-pune-483""}"
4f2280fa-b0dc-4c1a-9a4d-40492e27250b,Victory Sports Academy Mumbai 484,victory-sports-academy-mumbai-484,19.047896,72.839852,Professional Volleyball coaching academy offering structured training programs.,Volleyball,"Plot 76, Sports Hub, Mumbai",Mumbai,Maharashtra,+917272817166,"https://maps.google.com/?q=19.047896,72.839852",https://picsum.photos/seed/victory-sports-academy-mumbai-484/800/600,Sanjay Verma,Volleyball,22 Years,Victory Sports Academy Mumbai 484,₹2384/month,"Sand Court, Flood Lights, Indoor Court, Fitness Center",6:00 AM - 8:00 AM,5-10,Girls,32,Volleyball Federation Certified,4.2,175,False,"{""instagram"": ""https://instagram.com/victory-sports-academy-mumbai-484"", ""facebook"": ""https://facebook.com/victory-sports-academy-mumbai-484"", ""youtube"": ""https://youtube.com/@victory-sports-academy-mumbai-484""}"
63d1f23c-cc46-4785-b33d-21b5ba109f82,National Performance Academy Mumbai 485,national-performance-academy-mumbai-485,19.08475,72.831189,Professional Volleyball coaching academy offering structured training programs.,Volleyball,"Plot 175, Sports Hub, Mumbai",Mumbai,Maharashtra,+917831435371,"https://maps.google.com/?q=19.08475,72.831189",https://picsum.photos/seed/national-performance-academy-mumbai-485/800/600,Naveen Verma,Volleyball,11 Years,National Performance Academy Mumbai 485,₹2123/month,"Fitness Center, Flood Lights, Sand Court, Indoor Court",6:00 PM - 8:00 PM,All Ages,Boys,55,Volleyball Federation Certified,3.9,161,True,"{""instagram"": ""https://instagram.com/national-performance-academy-mumbai-485"", ""facebook"": ""https://facebook.com/national-performance-academy-mumbai-485"", ""youtube"": ""https://youtube.com/@national-performance-academy-mumbai-485""}"
cf204f06-e958-48ad-ad6e-e2658ce9df40,Legend Sports Institute Nashik 486,legend-sports-institute-nashik-486,19.96497,73.805826,Professional Athletics coaching academy offering structured training programs.,Athletics,"Plot 134, Ring Road, Nashik",Nashik,Maharashtra,+919722965231,"https://maps.google.com/?q=19.96497,73.805826",https://picsum.photos/seed/legend-sports-institute-nashik-486/800/600,Rohit Yadav,Athletics,21 Years,Legend Sports Institute Nashik 486,₹2335/month,"Fitness Center, Gym, Recovery Zone, Running Track",5:30 AM - 7:30 AM,All Ages,Girls,27,Athletics Federation Certified,4.1,209,False,"{""instagram"": ""https://instagram.com/legend-sports-institute-nashik-486"", ""facebook"": ""https://facebook.com/legend-sports-institute-nashik-486"", ""youtube"": ""https://youtube.com/@legend-sports-institute-nashik-486""}"
53d66cd3-540b-4ba3-ad0f-aa91f2b310ee,Elite Sports Institute Aurangabad 487,elite-sports-institute-aurangabad-487,19.838981,75.345643,Professional Volleyball coaching academy offering structured training programs.,Volleyball,"Plot 14, Champions Street, Aurangabad",Aurangabad,Maharashtra,+919203696864,"https://maps.google.com/?q=19.838981,75.345643",https://picsum.photos/seed/elite-sports-institute-aurangabad-487/800/600,Ravi Pillai,Volleyball,24 Years,Elite Sports Institute Aurangabad 487,₹2715/month,"Flood Lights, Indoor Court, Fitness Center, Sand Court",6:00 PM - 8:00 PM,15-18,Mixed,65,Volleyball Federation Certified,5.0,290,True,"{""instagram"": ""https://instagram.com/elite-sports-institute-aurangabad-487"", ""facebook"": ""https://facebook.com/elite-sports-institute-aurangabad-487"", ""youtube"": ""https://youtube.com/@elite-sports-institute-aurangabad-487""}"
1f4e08fb-e62c-4573-b4b0-98fda0bcfa19,Master Sports Academy Pune 488,master-sports-academy-pune-488,18.477784,73.839829,Professional Football coaching academy offering structured training programs.,Football,"Plot 654, Victory Avenue, Pune",Pune,Maharashtra,+918269068509,"https://maps.google.com/?q=18.477784,73.839829",https://picsum.photos/seed/master-sports-academy-pune-488/800/600,Naveen Kumar,Football,7 Years,Master Sports Academy Pune 488,₹3874/month,"Training Cones, Natural Grass Ground, Fitness Center, Locker Rooms",6:00 AM - 8:00 AM,15-18,Boys,24,"AIFF D License, AIFF C License",4.1,110,True,"{""instagram"": ""https://instagram.com/master-sports-academy-pune-488"", ""facebook"": ""https://facebook.com/master-sports-academy-pune-488"", ""youtube"": ""https://youtube.com/@master-sports-academy-pune-488""}"
156557cd-5d0f-490a-97ab-4c63499699f9,Master Athletic Center Aurangabad 489,master-athletic-center-aurangabad-489,19.828656,75.386083,Professional Tennis coaching academy offering structured training programs.,Tennis,"Plot 585, Victory Avenue, Aurangabad",Aurangabad,Maharashtra,+917991063975,"https://maps.google.com/?q=19.828656,75.386083",https://picsum.photos/seed/master-athletic-center-aurangabad-489/800/600,Rahul Verma,Tennis,21 Years,Master Athletic Center Aurangabad 489,₹5518/month,"Fitness Center, Ball Machine, Clay Court, Hard Court",5:00 PM - 7:00 PM,18+,Girls,50,AITA Certified Coach,4.1,233,False,"{""instagram"": ""https://instagram.com/master-athletic-center-aurangabad-489"", ""facebook"": ""https://facebook.com/master-athletic-center-aurangabad-489"", ""youtube"": ""https://youtube.com/@master-athletic-center-aurangabad-489""}"
784f23da-6c41-4dc0-b0ed-bf846e65c5a1,Master Sports Club Pune 490,master-sports-club-pune-490,18.521834,73.832661,Professional Tennis coaching academy offering structured training programs.,Tennis,"Plot 338, Main Road, Pune",Pune,Maharashtra,+917421481090,"https://maps.google.com/?q=18.521834,73.832661",https://picsum.photos/seed/master-sports-club-pune-490/800/600,Sanjay Singh,Tennis,7 Years,Master Sports Club Pune 490,₹10273/month,"Ball Machine, Hard Court, Fitness Center, Clay Court",6:00 PM - 8:00 PM,18+,Girls,83,AITA Certified Coach,5.0,402,False,"{""instagram"": ""https://instagram.com/master-sports-club-pune-490"", ""facebook"": ""https://facebook.com/master-sports-club-pune-490"", ""youtube"": ""https://youtube.com/@master-sports-club-pune-490""}"
0cbd9a89-c046-4cf7-b5a5-e10d37068055,Victory Sports Academy Imphal 491,victory-sports-academy-imphal-491,24.779047,93.977391,Professional Football coaching academy offering structured training programs.,Football,"Plot 318, Sports Complex, Imphal",Imphal,Manipur,+917696462676,"https://maps.google.com/?q=24.779047,93.977391",https://picsum.photos/seed/victory-sports-academy-imphal-491/800/600,Arjun Choudhary,Football,10 Years,Victory Sports Academy Imphal 491,₹6350/month,"Fitness Center, Flood Lights, Locker Rooms, Natural Grass Ground",5:00 PM - 7:00 PM,15-18,Mixed,39,"AIFF D License, AIFF C License",4.3,77,False,"{""instagram"": ""https://instagram.com/victory-sports-academy-imphal-491"", ""facebook"": ""https://facebook.com/victory-sports-academy-imphal-491"", ""youtube"": ""https://youtube.com/@victory-sports-academy-imphal-491""}"
8e872b3e-0ca5-40af-bd51-ff65f23c6fd4,Star Athletic Center Imphal 492,star-athletic-center-imphal-492,24.837569,93.967224,Professional Tennis coaching academy offering structured training programs.,Tennis,"Plot 189, Champions Street, Imphal",Imphal,Manipur,+917108484429,"https://maps.google.com/?q=24.837569,93.967224",https://picsum.photos/seed/star-athletic-center-imphal-492/800/600,Tarun Rao,Tennis,16 Years,Star Athletic Center Imphal 492,₹8049/month,"Fitness Center, Hard Court, Clay Court, Ball Machine",6:00 AM - 8:00 AM,18+,Mixed,39,AITA Certified Coach,4.1,181,True,"{""instagram"": ""https://instagram.com/star-athletic-center-imphal-492"", ""facebook"": ""https://facebook.com/star-athletic-center-imphal-492"", ""youtube"": ""https://youtube.com/@star-athletic-center-imphal-492""}"
c2d77bf6-9296-4d89-9c51-3ceeb465294f,Victory Sports Institute Imphal 493,victory-sports-institute-imphal-493,24.830713,93.985905,Professional Athletics coaching academy offering structured training programs.,Athletics,"Plot 753, Main Road, Imphal",Imphal,Manipur,+916756147858,"https://maps.google.com/?q=24.830713,93.985905",https://picsum.photos/seed/victory-sports-institute-imphal-493/800/600,Lokesh Mishra,Athletics,6 Years,Victory Sports Institute Imphal 493,₹1517/month,"Gym, Running Track, Recovery Zone, Fitness Center",6:00 AM - 8:00 AM,15-18,Mixed,97,Athletics Federation Certified,4.8,485,True,"{""instagram"": ""https://instagram.com/victory-sports-institute-imphal-493"", ""facebook"": ""https://facebook.com/victory-sports-institute-imphal-493"", ""youtube"": ""https://youtube.com/@victory-sports-institute-imphal-493""}"
05748855-48a5-4520-bab3-d5f656484501,Future Sports Institute Imphal 494,future-sports-institute-imphal-494,24.847013,93.93074,Professional Swimming coaching academy offering structured training programs.,Swimming,"Plot 143, Ring Road, Imphal",Imphal,Manipur,+919601791016,"https://maps.google.com/?q=24.847013,93.93074",https://picsum.photos/seed/future-sports-institute-imphal-494/800/600,Prakash Gupta,Swimming,11 Years,Future Sports Institute Imphal 494,₹7023/month,"Changing Rooms, Olympic Pool, Lifeguard Support, Kids Pool",6:00 PM - 8:00 PM,All Ages,Girls,59,Swimming Federation Certified,3.6,487,False,"{""instagram"": ""https://instagram.com/future-sports-institute-imphal-494"", ""facebook"": ""https://facebook.com/future-sports-institute-imphal-494"", ""youtube"": ""https://youtube.com/@future-sports-institute-imphal-494""}"
a0a17b93-368f-45cf-8e54-e6cac96a3619,Master Sports Academy Imphal 495,master-sports-academy-imphal-495,24.825483,93.979637,Professional Tennis coaching academy offering structured training programs.,Tennis,"Plot 8, Victory Avenue, Imphal",Imphal,Manipur,+917755097722,"https://maps.google.com/?q=24.825483,93.979637",https://picsum.photos/seed/master-sports-academy-imphal-495/800/600,Suresh Pillai,Tennis,23 Years,Master Sports Academy Imphal 495,₹11180/month,"Fitness Center, Hard Court, Ball Machine, Clay Court",5:00 PM - 7:00 PM,All Ages,Mixed,44,AITA Certified Coach,4.0,442,True,"{""instagram"": ""https://instagram.com/master-sports-academy-imphal-495"", ""facebook"": ""https://facebook.com/master-sports-academy-imphal-495"", ""youtube"": ""https://youtube.com/@master-sports-academy-imphal-495""}"
96eacf22-4f57-433b-b83a-dbcfe23626d8,National Sports Institute Imphal 496,national-sports-institute-imphal-496,24.816157,93.900864,Professional Cricket coaching academy offering structured training programs.,Cricket,"Plot 313, Victory Avenue, Imphal",Imphal,Manipur,+919455872326,"https://maps.google.com/?q=24.816157,93.900864",https://picsum.photos/seed/national-sports-institute-imphal-496/800/600,Ravi Mishra,Cricket,3 Years,National Sports Institute Imphal 496,₹6128/month,"Video Analysis, Practice Pitch, Turf Nets, Bowling Machine",6:00 PM - 8:00 PM,18+,Boys,27,"BCCI Level 1, BCCI Level 2",4.3,158,False,"{""instagram"": ""https://instagram.com/national-sports-institute-imphal-496"", ""facebook"": ""https://facebook.com/national-sports-institute-imphal-496"", ""youtube"": ""https://youtube.com/@national-sports-institute-imphal-496""}"
132d04be-3b24-45ff-bb61-6a6026116f42,Victory Sports Institute Imphal 497,victory-sports-institute-imphal-497,24.829825,93.929876,Professional Athletics coaching academy offering structured training programs.,Athletics,"Plot 448, Stadium Road, Imphal",Imphal,Manipur,+919699443884,"https://maps.google.com/?q=24.829825,93.929876",https://picsum.photos/seed/victory-sports-institute-imphal-497/800/600,Rahul Sharma,Athletics,14 Years,Victory Sports Institute Imphal 497,₹4359/month,"Recovery Zone, Fitness Center, Running Track, Gym",5:30 AM - 7:30 AM,15-18,Girls,28,Athletics Federation Certified,3.9,495,False,"{""instagram"": ""https://instagram.com/victory-sports-institute-imphal-497"", ""facebook"": ""https://facebook.com/victory-sports-institute-imphal-497"", ""youtube"": ""https://youtube.com/@victory-sports-institute-imphal-497""}"
7c3790e0-1d72-4981-a32f-f5a1ec71dbe0,Future Athletic Center Imphal 498,future-athletic-center-imphal-498,24.787699,93.972838,Professional Tennis coaching academy offering structured training programs.,Tennis,"Plot 245, Ring Road, Imphal",Imphal,Manipur,+918449619284,"https://maps.google.com/?q=24.787699,93.972838",https://picsum.photos/seed/future-athletic-center-imphal-498/800/600,Arjun Yadav,Tennis,24 Years,Future Athletic Center Imphal 498,₹4750/month,"Clay Court, Ball Machine, Fitness Center, Hard Court",4:00 PM - 6:00 PM,15-18,Girls,99,AITA Certified Coach,4.1,483,True,"{""instagram"": ""https://instagram.com/future-athletic-center-imphal-498"", ""facebook"": ""https://facebook.com/future-athletic-center-imphal-498"", ""youtube"": ""https://youtube.com/@future-athletic-center-imphal-498""}"
13c6d2a9-fbd1-41f8-b6c8-d3cfd9bdd7b5,National Athletic Center Imphal 499,national-athletic-center-imphal-499,24.812233,93.970542,Professional Cricket coaching academy offering structured training programs.,Cricket,"Plot 156, Sports Complex, Imphal",Imphal,Manipur,+916028863938,"https://maps.google.com/?q=24.812233,93.970542",https://picsum.photos/seed/national-athletic-center-imphal-499/800/600,Deepak Rao,Cricket,7 Years,National Athletic Center Imphal 499,₹8015/month,"Turf Nets, Gym, Video Analysis, Bowling Machine",6:00 AM - 8:00 AM,5-10,Mixed,96,"BCCI Level 1, BCCI Level 2",4.4,81,False,"{""instagram"": ""https://instagram.com/national-athletic-center-imphal-499"", ""facebook"": ""https://facebook.com/national-athletic-center-imphal-499"", ""youtube"": ""https://youtube.com/@national-athletic-center-imphal-499""}"
feda6685-4c57-4e39-9c37-2d515359184a,Royal Sports Institute Imphal 500,royal-sports-institute-imphal-500,24.860645,93.91187,Professional Football coaching academy offering structured training programs.,Football,"Plot 484, Main Road, Imphal",Imphal,Manipur,+919672394392,"https://maps.google.com/?q=24.860645,93.91187",https://picsum.photos/seed/royal-sports-institute-imphal-500/800/600,Aman Joshi,Football,14 Years,Royal Sports Institute Imphal 500,₹4617/month,"Training Cones, Locker Rooms, Natural Grass Ground, Flood Lights",6:00 AM - 8:00 AM,All Ages,Mixed,99,"AIFF D License, AIFF C License",4.4,461,True,"{""instagram"": ""https://instagram.com/royal-sports-institute-imphal-500"", ""facebook"": ""https://facebook.com/royal-sports-institute-imphal-500"", ""youtube"": ""https://youtube.com/@royal-sports-institute-imphal-500""}"
63319f04-971c-4626-a92e-02c0786b9b26,Future Performance Academy Imphal 501,future-performance-academy-imphal-501,24.789959,93.963751,Professional Basketball coaching academy offering structured training programs.,Basketball,"Plot 902, Sports Nagar, Imphal",Imphal,Manipur,+918101930890,"https://maps.google.com/?q=24.789959,93.963751",https://picsum.photos/seed/future-performance-academy-imphal-501/800/600,Mahesh Choudhary,Basketball,13 Years,Future Performance Academy Imphal 501,₹6533/month,"Indoor Court, Fitness Center, Outdoor Court, Locker Rooms",4:00 PM - 6:00 PM,10-15,Mixed,54,Basketball Federation Certified,4.1,78,False,"{""instagram"": ""https://instagram.com/future-performance-academy-imphal-501"", ""facebook"": ""https://facebook.com/future-performance-academy-imphal-501"", ""youtube"": ""https://youtube.com/@future-performance-academy-imphal-501""}"
d7f0089b-b34b-49ee-91c1-c2002dbebc02,National Sports Club Imphal 502,national-sports-club-imphal-502,24.77356,93.929485,Professional Athletics coaching academy offering structured training programs.,Athletics,"Plot 251, Stadium Road, Imphal",Imphal,Manipur,+916292332779,"https://maps.google.com/?q=24.77356,93.929485",https://picsum.photos/seed/national-sports-club-imphal-502/800/600,Deepak Pillai,Athletics,4 Years,National Sports Club Imphal 502,₹2758/month,"Recovery Zone, Gym, Running Track, Fitness Center",6:00 AM - 8:00 AM,15-18,Boys,28,Athletics Federation Certified,4.1,274,True,"{""instagram"": ""https://instagram.com/national-sports-club-imphal-502"", ""facebook"": ""https://facebook.com/national-sports-club-imphal-502"", ""youtube"": ""https://youtube.com/@national-sports-club-imphal-502""}"
762c6b76-8d3e-4ee2-8729-ecb145c2f3dc,National Performance Academy Imphal 503,national-performance-academy-imphal-503,24.813935,93.89427,Professional Basketball coaching academy offering structured training programs.,Basketball,"Plot 162, Central Park, Imphal",Imphal,Manipur,+917412277104,"https://maps.google.com/?q=24.813935,93.89427",https://picsum.photos/seed/national-performance-academy-imphal-503/800/600,Rahul Singh,Basketball,21 Years,National Performance Academy Imphal 503,₹4758/month,"Outdoor Court, Locker Rooms, Fitness Center, Indoor Court",4:00 PM - 6:00 PM,5-10,Girls,24,Basketball Federation Certified,4.4,202,False,"{""instagram"": ""https://instagram.com/national-performance-academy-imphal-503"", ""facebook"": ""https://facebook.com/national-performance-academy-imphal-503"", ""youtube"": ""https://youtube.com/@national-performance-academy-imphal-503""}"
dbf69f7d-19ae-4406-b28d-6a20f7a4cc43,Elite Training Center Imphal 504,elite-training-center-imphal-504,24.811122,93.902722,Professional Cricket coaching academy offering structured training programs.,Cricket,"Plot 307, Athletic Colony, Imphal",Imphal,Manipur,+917624734442,"https://maps.google.com/?q=24.811122,93.902722",https://picsum.photos/seed/elite-training-center-imphal-504/800/600,Harish Singh,Cricket,19 Years,Elite Training Center Imphal 504,₹3768/month,"Turf Nets, Video Analysis, Gym, Bowling Machine",4:00 PM - 6:00 PM,5-10,Boys,52,"BCCI Level 1, BCCI Level 2",4.6,144,False,"{""instagram"": ""https://instagram.com/elite-training-center-imphal-504"", ""facebook"": ""https://facebook.com/elite-training-center-imphal-504"", ""youtube"": ""https://youtube.com/@elite-training-center-imphal-504""}"
07c06a3a-2ee2-4823-b478-19e11fbaa3fd,Pro Performance Academy Imphal 505,pro-performance-academy-imphal-505,24.851495,93.925346,Professional Volleyball coaching academy offering structured training programs.,Volleyball,"Plot 837, Sports Hub, Imphal",Imphal,Manipur,+919433776110,"https://maps.google.com/?q=24.851495,93.925346",https://picsum.photos/seed/pro-performance-academy-imphal-505/800/600,Kiran Choudhary,Volleyball,10 Years,Pro Performance Academy Imphal 505,₹4254/month,"Flood Lights, Indoor Court, Sand Court, Fitness Center",5:00 PM - 7:00 PM,15-18,Mixed,95,Volleyball Federation Certified,4.1,275,False,"{""instagram"": ""https://instagram.com/pro-performance-academy-imphal-505"", ""facebook"": ""https://facebook.com/pro-performance-academy-imphal-505"", ""youtube"": ""https://youtube.com/@pro-performance-academy-imphal-505""}"
e74c1632-9b69-44c0-ae2b-c928874b572e,Legend Sports Institute Imphal 506,legend-sports-institute-imphal-506,24.785176,93.926416,Professional Swimming coaching academy offering structured training programs.,Swimming,"Plot 943, Sports Complex, Imphal",Imphal,Manipur,+919911472822,"https://maps.google.com/?q=24.785176,93.926416",https://picsum.photos/seed/legend-sports-institute-imphal-506/800/600,Ajay Sharma,Swimming,10 Years,Legend Sports Institute Imphal 506,₹3613/month,"Lifeguard Support, Changing Rooms, Kids Pool, Olympic Pool",5:00 PM - 7:00 PM,10-15,Girls,36,Swimming Federation Certified,3.6,482,True,"{""instagram"": ""https://instagram.com/legend-sports-institute-imphal-506"", ""facebook"": ""https://facebook.com/legend-sports-institute-imphal-506"", ""youtube"": ""https://youtube.com/@legend-sports-institute-imphal-506""}"
ae69f2cd-49e2-4997-9b12-e213c5691772,Dynamic Sports Academy Imphal 507,dynamic-sports-academy-imphal-507,24.865055,93.939404,Professional Football coaching academy offering structured training programs.,Football,"Plot 219, Central Park, Imphal",Imphal,Manipur,+916035667536,"https://maps.google.com/?q=24.865055,93.939404",https://picsum.photos/seed/dynamic-sports-academy-imphal-507/800/600,Prakash Kumar,Football,21 Years,Dynamic Sports Academy Imphal 507,₹4046/month,"Flood Lights, Training Cones, Locker Rooms, Fitness Center",6:00 AM - 8:00 AM,15-18,Girls,42,"AIFF D License, AIFF C License",3.9,457,True,"{""instagram"": ""https://instagram.com/dynamic-sports-academy-imphal-507"", ""facebook"": ""https://facebook.com/dynamic-sports-academy-imphal-507"", ""youtube"": ""https://youtube.com/@dynamic-sports-academy-imphal-507""}"
78714140-070d-42d6-a312-2326453121e5,Future Sports Institute Imphal 508,future-sports-institute-imphal-508,24.779323,93.907794,Professional Cricket coaching academy offering structured training programs.,Cricket,"Plot 612, Victory Avenue, Imphal",Imphal,Manipur,+916821337491,"https://maps.google.com/?q=24.779323,93.907794",https://picsum.photos/seed/future-sports-institute-imphal-508/800/600,Kiran Yadav,Cricket,3 Years,Future Sports Institute Imphal 508,₹4061/month,"Video Analysis, Practice Pitch, Bowling Machine, Gym",6:00 AM - 8:00 AM,All Ages,Girls,56,"BCCI Level 1, BCCI Level 2",4.0,267,False,"{""instagram"": ""https://instagram.com/future-sports-institute-imphal-508"", ""facebook"": ""https://facebook.com/future-sports-institute-imphal-508"", ""youtube"": ""https://youtube.com/@future-sports-institute-imphal-508""}"
6bb0eec6-3edb-4d23-a0d0-aa3975c7fd4f,Future Training Center Imphal 509,future-training-center-imphal-509,24.769406,93.95726,Professional Swimming coaching academy offering structured training programs.,Swimming,"Plot 568, Sports Nagar, Imphal",Imphal,Manipur,+917159486068,"https://maps.google.com/?q=24.769406,93.95726",https://picsum.photos/seed/future-training-center-imphal-509/800/600,Deepak Yadav,Swimming,17 Years,Future Training Center Imphal 509,₹6681/month,"Lifeguard Support, Kids Pool, Olympic Pool, Changing Rooms",5:00 PM - 7:00 PM,18+,Boys,23,Swimming Federation Certified,4.5,197,True,"{""instagram"": ""https://instagram.com/future-training-center-imphal-509"", ""facebook"": ""https://facebook.com/future-training-center-imphal-509"", ""youtube"": ""https://youtube.com/@future-training-center-imphal-509""}"
e71273d4-7ead-4c47-971d-a40025c10bd4,Legend Performance Academy Imphal 510,legend-performance-academy-imphal-510,24.811749,93.937856,Professional Swimming coaching academy offering structured training programs.,Swimming,"Plot 739, Sports Complex, Imphal",Imphal,Manipur,+917079787252,"https://maps.google.com/?q=24.811749,93.937856",https://picsum.photos/seed/legend-performance-academy-imphal-510/800/600,Rahul Kumar,Swimming,13 Years,Legend Performance Academy Imphal 510,₹7384/month,"Changing Rooms, Lifeguard Support, Kids Pool, Olympic Pool",6:00 AM - 8:00 AM,5-10,Boys,44,Swimming Federation Certified,4.9,343,False,"{""instagram"": ""https://instagram.com/legend-performance-academy-imphal-510"", ""facebook"": ""https://facebook.com/legend-performance-academy-imphal-510"", ""youtube"": ""https://youtube.com/@legend-performance-academy-imphal-510""}"
9cd0247a-b715-49c5-98c1-481a95aa46ab,Legend Sports Academy Imphal 511,legend-sports-academy-imphal-511,24.808165,93.921353,Professional Cricket coaching academy offering structured training programs.,Cricket,"Plot 635, Victory Avenue, Imphal",Imphal,Manipur,+918836816795,"https://maps.google.com/?q=24.808165,93.921353",https://picsum.photos/seed/legend-sports-academy-imphal-511/800/600,Rohit Yadav,Cricket,8 Years,Legend Sports Academy Imphal 511,₹6176/month,"Turf Nets, Practice Pitch, Gym, Video Analysis",5:30 AM - 7:30 AM,All Ages,Mixed,78,"BCCI Level 1, BCCI Level 2",4.2,324,False,"{""instagram"": ""https://instagram.com/legend-sports-academy-imphal-511"", ""facebook"": ""https://facebook.com/legend-sports-academy-imphal-511"", ""youtube"": ""https://youtube.com/@legend-sports-academy-imphal-511""}"
4971085c-6d34-44a7-8ed1-791a475cbe67,Dynamic Training Center Imphal 512,dynamic-training-center-imphal-512,24.821645,93.971916,Professional Basketball coaching academy offering structured training programs.,Basketball,"Plot 34, Sports Nagar, Imphal",Imphal,Manipur,+917561794773,"https://maps.google.com/?q=24.821645,93.971916",https://picsum.photos/seed/dynamic-training-center-imphal-512/800/600,Deepak Verma,Basketball,5 Years,Dynamic Training Center Imphal 512,₹4781/month,"Fitness Center, Indoor Court, Outdoor Court, Locker Rooms",4:00 PM - 6:00 PM,18+,Girls,49,Basketball Federation Certified,4.6,458,True,"{""instagram"": ""https://instagram.com/dynamic-training-center-imphal-512"", ""facebook"": ""https://facebook.com/dynamic-training-center-imphal-512"", ""youtube"": ""https://youtube.com/@dynamic-training-center-imphal-512""}"
98d81a82-533b-4b7c-bac0-033f2224f3a8,Master Sports Institute Imphal 513,master-sports-institute-imphal-513,24.84382,93.930275,Professional Basketball coaching academy offering structured training programs.,Basketball,"Plot 689, Sports Hub, Imphal",Imphal,Manipur,+918501979993,"https://maps.google.com/?q=24.84382,93.930275",https://picsum.photos/seed/master-sports-institute-imphal-513/800/600,Lokesh Sharma,Basketball,11 Years,Master Sports Institute Imphal 513,₹6906/month,"Outdoor Court, Indoor Court, Locker Rooms, Fitness Center",6:00 PM - 8:00 PM,10-15,Mixed,27,Basketball Federation Certified,3.9,163,True,"{""instagram"": ""https://instagram.com/master-sports-institute-imphal-513"", ""facebook"": ""https://facebook.com/master-sports-institute-imphal-513"", ""youtube"": ""https://youtube.com/@master-sports-institute-imphal-513""}"
02c231d8-faea-4d25-b603-838ee8b27093,Master Sports Academy Imphal 514,master-sports-academy-imphal-514,24.831833,93.913381,Professional Swimming coaching academy offering structured training programs.,Swimming,"Plot 18, Sports Nagar, Imphal",Imphal,Manipur,+916799867285,"https://maps.google.com/?q=24.831833,93.913381",https://picsum.photos/seed/master-sports-academy-imphal-514/800/600,Vikram Gupta,Swimming,17 Years,Master Sports Academy Imphal 514,₹6672/month,"Changing Rooms, Olympic Pool, Lifeguard Support, Kids Pool",5:00 PM - 7:00 PM,18+,Girls,84,Swimming Federation Certified,4.5,370,False,"{""instagram"": ""https://instagram.com/master-sports-academy-imphal-514"", ""facebook"": ""https://facebook.com/master-sports-academy-imphal-514"", ""youtube"": ""https://youtube.com/@master-sports-academy-imphal-514""}"
92b4bc2c-fb77-4057-9ef8-b9ec1de49064,Champion Training Center Imphal 515,champion-training-center-imphal-515,24.822335,93.951556,Professional Swimming coaching academy offering structured training programs.,Swimming,"Plot 869, Athletic Colony, Imphal",Imphal,Manipur,+918024997202,"https://maps.google.com/?q=24.822335,93.951556",https://picsum.photos/seed/champion-training-center-imphal-515/800/600,Aman Nair,Swimming,9 Years,Champion Training Center Imphal 515,₹7414/month,"Changing Rooms, Olympic Pool, Kids Pool, Lifeguard Support",5:30 AM - 7:30 AM,5-10,Girls,72,Swimming Federation Certified,4.0,289,True,"{""instagram"": ""https://instagram.com/champion-training-center-imphal-515"", ""facebook"": ""https://facebook.com/champion-training-center-imphal-515"", ""youtube"": ""https://youtube.com/@champion-training-center-imphal-515""}"
57be76bc-acdb-457f-9a8e-bafb629301b3,Pro Performance Academy Imphal 516,pro-performance-academy-imphal-516,24.784992,93.909341,Professional Football coaching academy offering structured training programs.,Football,"Plot 260, Sports Hub, Imphal",Imphal,Manipur,+919009290628,"https://maps.google.com/?q=24.784992,93.909341",https://picsum.photos/seed/pro-performance-academy-imphal-516/800/600,Harish Kumar,Football,22 Years,Pro Performance Academy Imphal 516,₹7378/month,"Training Cones, Fitness Center, Locker Rooms, Flood Lights",5:00 PM - 7:00 PM,5-10,Boys,34,"AIFF D License, AIFF C License",3.9,430,False,"{""instagram"": ""https://instagram.com/pro-performance-academy-imphal-516"", ""facebook"": ""https://facebook.com/pro-performance-academy-imphal-516"", ""youtube"": ""https://youtube.com/@pro-performance-academy-imphal-516""}"
1a6c9787-508f-4d7e-a4b1-b8210bdcdd27,Pro Sports Club Imphal 517,pro-sports-club-imphal-517,24.854494,93.911893,Professional Volleyball coaching academy offering structured training programs.,Volleyball,"Plot 745, Main Road, Imphal",Imphal,Manipur,+917573240770,"https://maps.google.com/?q=24.854494,93.911893",https://picsum.photos/seed/pro-sports-club-imphal-517/800/600,Sanjay Patel,Volleyball,5 Years,Pro Sports Club Imphal 517,₹2032/month,"Indoor Court, Flood Lights, Fitness Center, Sand Court",5:00 PM - 7:00 PM,5-10,Girls,20,Volleyball Federation Certified,3.6,43,True,"{""instagram"": ""https://instagram.com/pro-sports-club-imphal-517"", ""facebook"": ""https://facebook.com/pro-sports-club-imphal-517"", ""youtube"": ""https://youtube.com/@pro-sports-club-imphal-517""}"
09af649b-60fd-42f8-b5d0-a1ec5d3a716b,Champion Sports Club Imphal 518,champion-sports-club-imphal-518,24.775483,93.953996,Professional Football coaching academy offering structured training programs.,Football,"Plot 684, Sports Hub, Imphal",Imphal,Manipur,+919470390933,"https://maps.google.com/?q=24.775483,93.953996",https://picsum.photos/seed/champion-sports-club-imphal-518/800/600,Harish Nair,Football,12 Years,Champion Sports Club Imphal 518,₹3723/month,"Training Cones, Fitness Center, Flood Lights, Natural Grass Ground",6:00 PM - 8:00 PM,5-10,Girls,93,"AIFF D License, AIFF C License",4.8,239,True,"{""instagram"": ""https://instagram.com/champion-sports-club-imphal-518"", ""facebook"": ""https://facebook.com/champion-sports-club-imphal-518"", ""youtube"": ""https://youtube.com/@champion-sports-club-imphal-518""}"
3bb4cf52-357d-4722-ae87-cd6c40476342,Royal Performance Academy Imphal 519,royal-performance-academy-imphal-519,24.806746,93.92963,Professional Athletics coaching academy offering structured training programs.,Athletics,"Plot 987, Ring Road, Imphal",Imphal,Manipur,+919547947064,"https://maps.google.com/?q=24.806746,93.92963",https://picsum.photos/seed/royal-performance-academy-imphal-519/800/600,Mahesh Verma,Athletics,4 Years,Royal Performance Academy Imphal 519,₹2344/month,"Fitness Center, Running Track, Recovery Zone, Gym",4:00 PM - 6:00 PM,5-10,Mixed,90,Athletics Federation Certified,3.9,465,False,"{""instagram"": ""https://instagram.com/royal-performance-academy-imphal-519"", ""facebook"": ""https://facebook.com/royal-performance-academy-imphal-519"", ""youtube"": ""https://youtube.com/@royal-performance-academy-imphal-519""}"
a1857807-5885-42c9-b52d-398861caa656,Dynamic Sports Institute Imphal 520,dynamic-sports-institute-imphal-520,24.820005,93.973049,Professional Cricket coaching academy offering structured training programs.,Cricket,"Plot 886, Athletic Colony, Imphal",Imphal,Manipur,+916048668464,"https://maps.google.com/?q=24.820005,93.973049",https://picsum.photos/seed/dynamic-sports-institute-imphal-520/800/600,Mahesh Choudhary,Cricket,6 Years,Dynamic Sports Institute Imphal 520,₹3641/month,"Bowling Machine, Turf Nets, Gym, Video Analysis",5:00 PM - 7:00 PM,10-15,Boys,57,"BCCI Level 1, BCCI Level 2",4.2,261,False,"{""instagram"": ""https://instagram.com/dynamic-sports-institute-imphal-520"", ""facebook"": ""https://facebook.com/dynamic-sports-institute-imphal-520"", ""youtube"": ""https://youtube.com/@dynamic-sports-institute-imphal-520""}"
dcbe16f8-c656-47da-89aa-fcd2040a6f98,Master Sports Club Imphal 521,master-sports-club-imphal-521,24.780522,93.948557,Professional Volleyball coaching academy offering structured training programs.,Volleyball,"Plot 635, Central Park, Imphal",Imphal,Manipur,+916597647423,"https://maps.google.com/?q=24.780522,93.948557",https://picsum.photos/seed/master-sports-club-imphal-521/800/600,Vikram Singh,Volleyball,5 Years,Master Sports Club Imphal 521,₹5203/month,"Fitness Center, Indoor Court, Flood Lights, Sand Court",5:00 PM - 7:00 PM,18+,Boys,67,Volleyball Federation Certified,4.8,311,True,"{""instagram"": ""https://instagram.com/master-sports-club-imphal-521"", ""facebook"": ""https://facebook.com/master-sports-club-imphal-521"", ""youtube"": ""https://youtube.com/@master-sports-club-imphal-521""}"
554961ea-b220-4627-a1f5-069f94796daf,National Training Center Imphal 522,national-training-center-imphal-522,24.830811,93.917572,Professional Badminton coaching academy offering structured training programs.,Badminton,"Plot 718, Stadium Road, Imphal",Imphal,Manipur,+919477600067,"https://maps.google.com/?q=24.830811,93.917572",https://picsum.photos/seed/national-training-center-imphal-522/800/600,Prakash Kumar,Badminton,3 Years,National Training Center Imphal 522,₹6907/month,"Indoor Courts, Wooden Courts, Fitness Center, Shuttle Supply",6:00 PM - 8:00 PM,15-18,Mixed,29,BAI Certified Coach,4.4,93,False,"{""instagram"": ""https://instagram.com/national-training-center-imphal-522"", ""facebook"": ""https://facebook.com/national-training-center-imphal-522"", ""youtube"": ""https://youtube.com/@national-training-center-imphal-522""}"
2af68705-d5af-4c78-a659-c8c070eed28e,Future Training Center Imphal 523,future-training-center-imphal-523,24.862627,93.915115,Professional Athletics coaching academy offering structured training programs.,Athletics,"Plot 857, Stadium Road, Imphal",Imphal,Manipur,+918512792893,"https://maps.google.com/?q=24.862627,93.915115",https://picsum.photos/seed/future-training-center-imphal-523/800/600,Vikram Singh,Athletics,9 Years,Future Training Center Imphal 523,₹2467/month,"Gym, Recovery Zone, Fitness Center, Running Track",6:00 AM - 8:00 AM,10-15,Girls,69,Athletics Federation Certified,3.8,454,False,"{""instagram"": ""https://instagram.com/future-training-center-imphal-523"", ""facebook"": ""https://facebook.com/future-training-center-imphal-523"", ""youtube"": ""https://youtube.com/@future-training-center-imphal-523""}"
9543a6bd-ba1a-4fe6-b27b-7c2cb125007f,Royal Performance Academy Imphal 524,royal-performance-academy-imphal-524,24.7846,93.978373,Professional Badminton coaching academy offering structured training programs.,Badminton,"Plot 158, Victory Avenue, Imphal",Imphal,Manipur,+917501982240,"https://maps.google.com/?q=24.7846,93.978373",https://picsum.photos/seed/royal-performance-academy-imphal-524/800/600,Lokesh Verma,Badminton,19 Years,Royal Performance Academy Imphal 524,₹2463/month,"Wooden Courts, Fitness Center, Indoor Courts, Shuttle Supply",4:00 PM - 6:00 PM,All Ages,Girls,46,BAI Certified Coach,3.5,393,False,"{""instagram"": ""https://instagram.com/royal-performance-academy-imphal-524"", ""facebook"": ""https://facebook.com/royal-performance-academy-imphal-524"", ""youtube"": ""https://youtube.com/@royal-performance-academy-imphal-524""}"
0de25fe0-cce6-44cb-90ad-c6930a590f50,Pro Performance Academy Imphal 525,pro-performance-academy-imphal-525,24.769458,93.938439,Professional Athletics coaching academy offering structured training programs.,Athletics,"Plot 296, Athletic Colony, Imphal",Imphal,Manipur,+918157030434,"https://maps.google.com/?q=24.769458,93.938439",https://picsum.photos/seed/pro-performance-academy-imphal-525/800/600,Ravi Reddy,Athletics,2 Years,Pro Performance Academy Imphal 525,₹2856/month,"Running Track, Fitness Center, Recovery Zone, Gym",5:30 AM - 7:30 AM,All Ages,Boys,36,Athletics Federation Certified,4.0,329,False,"{""instagram"": ""https://instagram.com/pro-performance-academy-imphal-525"", ""facebook"": ""https://facebook.com/pro-performance-academy-imphal-525"", ""youtube"": ""https://youtube.com/@pro-performance-academy-imphal-525""}"
b5aec8c6-830e-4068-93db-422991926608,Future Sports Club Shillong 526,future-sports-club-shillong-526,25.593704,91.844223,Professional Basketball coaching academy offering structured training programs.,Basketball,"Plot 655, Stadium Road, Shillong",Shillong,Meghalaya,+919375267197,"https://maps.google.com/?q=25.593704,91.844223",https://picsum.photos/seed/future-sports-club-shillong-526/800/600,Harish Verma,Basketball,24 Years,Future Sports Club Shillong 526,₹5885/month,"Locker Rooms, Outdoor Court, Fitness Center, Indoor Court",6:00 AM - 8:00 AM,10-15,Girls,40,Basketball Federation Certified,4.7,389,False,"{""instagram"": ""https://instagram.com/future-sports-club-shillong-526"", ""facebook"": ""https://facebook.com/future-sports-club-shillong-526"", ""youtube"": ""https://youtube.com/@future-sports-club-shillong-526""}"
29b7b5f5-b7bf-47df-85c9-45cd55700378,Dynamic Performance Academy Shillong 527,dynamic-performance-academy-shillong-527,25.547763,91.919857,Professional Badminton coaching academy offering structured training programs.,Badminton,"Plot 559, Champions Street, Shillong",Shillong,Meghalaya,+919774120354,"https://maps.google.com/?q=25.547763,91.919857",https://picsum.photos/seed/dynamic-performance-academy-shillong-527/800/600,Lokesh Mishra,Badminton,23 Years,Dynamic Performance Academy Shillong 527,₹3898/month,"Fitness Center, Wooden Courts, Indoor Courts, Shuttle Supply",4:00 PM - 6:00 PM,18+,Mixed,71,BAI Certified Coach,4.8,268,False,"{""instagram"": ""https://instagram.com/dynamic-performance-academy-shillong-527"", ""facebook"": ""https://facebook.com/dynamic-performance-academy-shillong-527"", ""youtube"": ""https://youtube.com/@dynamic-performance-academy-shillong-527""}"
48764a65-0151-4c37-b520-ce99f78eb5eb,Star Sports Club Shillong 528,star-sports-club-shillong-528,25.569094,91.935987,Professional Football coaching academy offering structured training programs.,Football,"Plot 690, Stadium Road, Shillong",Shillong,Meghalaya,+918223848289,"https://maps.google.com/?q=25.569094,91.935987",https://picsum.photos/seed/star-sports-club-shillong-528/800/600,Suresh Yadav,Football,21 Years,Star Sports Club Shillong 528,₹2608/month,"Flood Lights, Locker Rooms, Training Cones, Fitness Center",5:30 AM - 7:30 AM,10-15,Girls,44,"AIFF D License, AIFF C License",4.2,399,True,"{""instagram"": ""https://instagram.com/star-sports-club-shillong-528"", ""facebook"": ""https://facebook.com/star-sports-club-shillong-528"", ""youtube"": ""https://youtube.com/@star-sports-club-shillong-528""}"
8ea34ddf-3cd5-42c8-821b-aa9320ac61eb,Royal Sports Academy Shillong 529,royal-sports-academy-shillong-529,25.536553,91.916171,Professional Volleyball coaching academy offering structured training programs.,Volleyball,"Plot 576, Victory Avenue, Shillong",Shillong,Meghalaya,+919894271005,"https://maps.google.com/?q=25.536553,91.916171",https://picsum.photos/seed/royal-sports-academy-shillong-529/800/600,Sanjay Pillai,Volleyball,12 Years,Royal Sports Academy Shillong 529,₹5415/month,"Fitness Center, Sand Court, Flood Lights, Indoor Court",4:00 PM - 6:00 PM,5-10,Boys,64,Volleyball Federation Certified,4.8,334,True,"{""instagram"": ""https://instagram.com/royal-sports-academy-shillong-529"", ""facebook"": ""https://facebook.com/royal-sports-academy-shillong-529"", ""youtube"": ""https://youtube.com/@royal-sports-academy-shillong-529""}"
7f49a933-ce1b-40bd-a08a-e0309b2069b6,National Training Center Shillong 530,national-training-center-shillong-530,25.566825,91.901175,Professional Swimming coaching academy offering structured training programs.,Swimming,"Plot 33, Victory Avenue, Shillong",Shillong,Meghalaya,+919569801937,"https://maps.google.com/?q=25.566825,91.901175",https://picsum.photos/seed/national-training-center-shillong-530/800/600,Mahesh Kumar,Swimming,11 Years,National Training Center Shillong 530,₹9604/month,"Olympic Pool, Changing Rooms, Kids Pool, Lifeguard Support",4:00 PM - 6:00 PM,10-15,Mixed,53,Swimming Federation Certified,4.1,435,True,"{""instagram"": ""https://instagram.com/national-training-center-shillong-530"", ""facebook"": ""https://facebook.com/national-training-center-shillong-530"", ""youtube"": ""https://youtube.com/@national-training-center-shillong-530""}"
3715273f-944d-4550-b7d4-95bb601fee78,Future Sports Institute Shillong 531,future-sports-institute-shillong-531,25.606892,91.942026,Professional Badminton coaching academy offering structured training programs.,Badminton,"Plot 942, Champions Street, Shillong",Shillong,Meghalaya,+918145097566,"https://maps.google.com/?q=25.606892,91.942026",https://picsum.photos/seed/future-sports-institute-shillong-531/800/600,Vikram Reddy,Badminton,15 Years,Future Sports Institute Shillong 531,₹2568/month,"Shuttle Supply, Wooden Courts, Fitness Center, Indoor Courts",6:00 PM - 8:00 PM,5-10,Mixed,76,BAI Certified Coach,4.3,462,True,"{""instagram"": ""https://instagram.com/future-sports-institute-shillong-531"", ""facebook"": ""https://facebook.com/future-sports-institute-shillong-531"", ""youtube"": ""https://youtube.com/@future-sports-institute-shillong-531""}"
0256348f-99b6-4999-90f3-30d7e6f15676,Pro Sports Institute Shillong 532,pro-sports-institute-shillong-532,25.576262,91.922231,Professional Athletics coaching academy offering structured training programs.,Athletics,"Plot 648, Stadium Road, Shillong",Shillong,Meghalaya,+917693268439,"https://maps.google.com/?q=25.576262,91.922231",https://picsum.photos/seed/pro-sports-institute-shillong-532/800/600,Rahul Sharma,Athletics,6 Years,Pro Sports Institute Shillong 532,₹2832/month,"Running Track, Recovery Zone, Fitness Center, Gym",5:30 AM - 7:30 AM,10-15,Girls,97,Athletics Federation Certified,3.9,49,True,"{""instagram"": ""https://instagram.com/pro-sports-institute-shillong-532"", ""facebook"": ""https://facebook.com/pro-sports-institute-shillong-532"", ""youtube"": ""https://youtube.com/@pro-sports-institute-shillong-532""}"
35dc7e53-410d-4ae9-bd8c-4eaca44ee56c,Future Sports Academy Shillong 533,future-sports-academy-shillong-533,25.534553,91.88926,Professional Swimming coaching academy offering structured training programs.,Swimming,"Plot 265, Main Road, Shillong",Shillong,Meghalaya,+916752053433,"https://maps.google.com/?q=25.534553,91.88926",https://picsum.photos/seed/future-sports-academy-shillong-533/800/600,Suresh Sharma,Swimming,18 Years,Future Sports Academy Shillong 533,₹7401/month,"Lifeguard Support, Changing Rooms, Kids Pool, Olympic Pool",4:00 PM - 6:00 PM,18+,Girls,60,Swimming Federation Certified,4.7,193,True,"{""instagram"": ""https://instagram.com/future-sports-academy-shillong-533"", ""facebook"": ""https://facebook.com/future-sports-academy-shillong-533"", ""youtube"": ""https://youtube.com/@future-sports-academy-shillong-533""}"
63ee7934-a66f-4d90-b8f3-a4f81b7a2853,Star Sports Institute Shillong 534,star-sports-institute-shillong-534,25.609161,91.914705,Professional Badminton coaching academy offering structured training programs.,Badminton,"Plot 500, Ring Road, Shillong",Shillong,Meghalaya,+917018232608,"https://maps.google.com/?q=25.609161,91.914705",https://picsum.photos/seed/star-sports-institute-shillong-534/800/600,Harish Joshi,Badminton,7 Years,Star Sports Institute Shillong 534,₹3426/month,"Shuttle Supply, Wooden Courts, Indoor Courts, Fitness Center",5:00 PM - 7:00 PM,10-15,Boys,64,BAI Certified Coach,4.4,221,False,"{""instagram"": ""https://instagram.com/star-sports-institute-shillong-534"", ""facebook"": ""https://facebook.com/star-sports-institute-shillong-534"", ""youtube"": ""https://youtube.com/@star-sports-institute-shillong-534""}"
5de31e20-b401-4857-bbc4-757a3fd15edc,Champion Sports Club Shillong 535,champion-sports-club-shillong-535,25.599662,91.845338,Professional Tennis coaching academy offering structured training programs.,Tennis,"Plot 295, Stadium Road, Shillong",Shillong,Meghalaya,+917224098387,"https://maps.google.com/?q=25.599662,91.845338",https://picsum.photos/seed/champion-sports-club-shillong-535/800/600,Aman Yadav,Tennis,22 Years,Champion Sports Club Shillong 535,₹7805/month,"Ball Machine, Clay Court, Hard Court, Fitness Center",6:00 PM - 8:00 PM,15-18,Boys,24,AITA Certified Coach,4.5,233,True,"{""instagram"": ""https://instagram.com/champion-sports-club-shillong-535"", ""facebook"": ""https://facebook.com/champion-sports-club-shillong-535"", ""youtube"": ""https://youtube.com/@champion-sports-club-shillong-535""}"
cf971462-3c04-44fb-abac-5998d7327c71,Royal Performance Academy Shillong 536,royal-performance-academy-shillong-536,25.582695,91.94293,Professional Tennis coaching academy offering structured training programs.,Tennis,"Plot 406, Sports Hub, Shillong",Shillong,Meghalaya,+918799297106,"https://maps.google.com/?q=25.582695,91.94293",https://picsum.photos/seed/royal-performance-academy-shillong-536/800/600,Deepak Nair,Tennis,11 Years,Royal Performance Academy Shillong 536,₹5137/month,"Ball Machine, Clay Court, Fitness Center, Hard Court",4:00 PM - 6:00 PM,10-15,Boys,22,AITA Certified Coach,4.8,402,False,"{""instagram"": ""https://instagram.com/royal-performance-academy-shillong-536"", ""facebook"": ""https://facebook.com/royal-performance-academy-shillong-536"", ""youtube"": ""https://youtube.com/@royal-performance-academy-shillong-536""}"
e8931b6d-928b-4a40-85bf-b4468fdb4333,Star Athletic Center Shillong 537,star-athletic-center-shillong-537,25.59181,91.92929,Professional Volleyball coaching academy offering structured training programs.,Volleyball,"Plot 403, Main Road, Shillong",Shillong,Meghalaya,+918580278821,"https://maps.google.com/?q=25.59181,91.92929",https://picsum.photos/seed/star-athletic-center-shillong-537/800/600,Lokesh Sharma,Volleyball,13 Years,Star Athletic Center Shillong 537,₹2810/month,"Flood Lights, Indoor Court, Sand Court, Fitness Center",6:00 PM - 8:00 PM,18+,Boys,73,Volleyball Federation Certified,4.1,212,False,"{""instagram"": ""https://instagram.com/star-athletic-center-shillong-537"", ""facebook"": ""https://facebook.com/star-athletic-center-shillong-537"", ""youtube"": ""https://youtube.com/@star-athletic-center-shillong-537""}"
19f961f0-87e7-4999-88c7-d82e3934492a,Pro Training Center Shillong 538,pro-training-center-shillong-538,25.556027,91.933136,Professional Cricket coaching academy offering structured training programs.,Cricket,"Plot 332, Sports Nagar, Shillong",Shillong,Meghalaya,+919057507876,"https://maps.google.com/?q=25.556027,91.933136",https://picsum.photos/seed/pro-training-center-shillong-538/800/600,Harish Rao,Cricket,24 Years,Pro Training Center Shillong 538,₹8843/month,"Video Analysis, Gym, Practice Pitch, Bowling Machine",6:00 AM - 8:00 AM,10-15,Girls,50,"BCCI Level 1, BCCI Level 2",4.5,350,True,"{""instagram"": ""https://instagram.com/pro-training-center-shillong-538"", ""facebook"": ""https://facebook.com/pro-training-center-shillong-538"", ""youtube"": ""https://youtube.com/@pro-training-center-shillong-538""}"
4b30ba0b-46df-49eb-abda-37fe75d6a716,National Sports Academy Shillong 539,national-sports-academy-shillong-539,25.534166,91.856777,Professional Cricket coaching academy offering structured training programs.,Cricket,"Plot 428, Stadium Road, Shillong",Shillong,Meghalaya,+918201376120,"https://maps.google.com/?q=25.534166,91.856777",https://picsum.photos/seed/national-sports-academy-shillong-539/800/600,Rohit Sharma,Cricket,7 Years,National Sports Academy Shillong 539,₹4339/month,"Gym, Turf Nets, Bowling Machine, Practice Pitch",4:00 PM - 6:00 PM,15-18,Mixed,67,"BCCI Level 1, BCCI Level 2",4.3,439,True,"{""instagram"": ""https://instagram.com/national-sports-academy-shillong-539"", ""facebook"": ""https://facebook.com/national-sports-academy-shillong-539"", ""youtube"": ""https://youtube.com/@national-sports-academy-shillong-539""}"
0c24788e-1722-4b86-9eae-be681c2f0ee0,Pro Sports Club Shillong 540,pro-sports-club-shillong-540,25.628508,91.903399,Professional Athletics coaching academy offering structured training programs.,Athletics,"Plot 795, Central Park, Shillong",Shillong,Meghalaya,+919494518946,"https://maps.google.com/?q=25.628508,91.903399",https://picsum.photos/seed/pro-sports-club-shillong-540/800/600,Deepak Reddy,Athletics,14 Years,Pro Sports Club Shillong 540,₹1992/month,"Gym, Recovery Zone, Running Track, Fitness Center",5:30 AM - 7:30 AM,All Ages,Girls,39,Athletics Federation Certified,4.0,408,False,"{""instagram"": ""https://instagram.com/pro-sports-club-shillong-540"", ""facebook"": ""https://facebook.com/pro-sports-club-shillong-540"", ""youtube"": ""https://youtube.com/@pro-sports-club-shillong-540""}"
0ab8d244-deb2-4cd0-8363-bdd39118a357,Victory Athletic Center Shillong 541,victory-athletic-center-shillong-541,25.540328,91.894375,Professional Volleyball coaching academy offering structured training programs.,Volleyball,"Plot 576, Sports Hub, Shillong",Shillong,Meghalaya,+918062621413,"https://maps.google.com/?q=25.540328,91.894375",https://picsum.photos/seed/victory-athletic-center-shillong-541/800/600,Lokesh Sharma,Volleyball,7 Years,Victory Athletic Center Shillong 541,₹2554/month,"Indoor Court, Flood Lights, Sand Court, Fitness Center",6:00 AM - 8:00 AM,15-18,Mixed,35,Volleyball Federation Certified,4.4,369,True,"{""instagram"": ""https://instagram.com/victory-athletic-center-shillong-541"", ""facebook"": ""https://facebook.com/victory-athletic-center-shillong-541"", ""youtube"": ""https://youtube.com/@victory-athletic-center-shillong-541""}"
89aa8f76-6fc7-4558-bca7-2a3241ffdcc7,Future Sports Institute Shillong 542,future-sports-institute-shillong-542,25.581819,91.875744,Professional Tennis coaching academy offering structured training programs.,Tennis,"Plot 841, Stadium Road, Shillong",Shillong,Meghalaya,+919758988427,"https://maps.google.com/?q=25.581819,91.875744",https://picsum.photos/seed/future-sports-institute-shillong-542/800/600,Rahul Reddy,Tennis,14 Years,Future Sports Institute Shillong 542,₹8538/month,"Ball Machine, Clay Court, Fitness Center, Hard Court",4:00 PM - 6:00 PM,10-15,Girls,44,AITA Certified Coach,4.7,62,True,"{""instagram"": ""https://instagram.com/future-sports-institute-shillong-542"", ""facebook"": ""https://facebook.com/future-sports-institute-shillong-542"", ""youtube"": ""https://youtube.com/@future-sports-institute-shillong-542""}"
ec21cc12-09c7-49bd-99a3-1d68cc9eca67,Elite Training Center Shillong 543,elite-training-center-shillong-543,25.623372,91.884981,Professional Athletics coaching academy offering structured training programs.,Athletics,"Plot 133, Sports Complex, Shillong",Shillong,Meghalaya,+917644139873,"https://maps.google.com/?q=25.623372,91.884981",https://picsum.photos/seed/elite-training-center-shillong-543/800/600,Kiran Choudhary,Athletics,10 Years,Elite Training Center Shillong 543,₹4782/month,"Running Track, Recovery Zone, Fitness Center, Gym",5:00 PM - 7:00 PM,15-18,Mixed,42,Athletics Federation Certified,4.4,339,True,"{""instagram"": ""https://instagram.com/elite-training-center-shillong-543"", ""facebook"": ""https://facebook.com/elite-training-center-shillong-543"", ""youtube"": ""https://youtube.com/@elite-training-center-shillong-543""}"
0f512373-fe2f-4e49-91f0-fdf4f01a247e,Royal Sports Club Shillong 544,royal-sports-club-shillong-544,25.532038,91.909626,Professional Tennis coaching academy offering structured training programs.,Tennis,"Plot 164, Sports Nagar, Shillong",Shillong,Meghalaya,+919540593547,"https://maps.google.com/?q=25.532038,91.909626",https://picsum.photos/seed/royal-sports-club-shillong-544/800/600,Rohit Singh,Tennis,22 Years,Royal Sports Club Shillong 544,₹8527/month,"Ball Machine, Fitness Center, Hard Court, Clay Court",4:00 PM - 6:00 PM,18+,Mixed,79,AITA Certified Coach,3.7,405,False,"{""instagram"": ""https://instagram.com/royal-sports-club-shillong-544"", ""facebook"": ""https://facebook.com/royal-sports-club-shillong-544"", ""youtube"": ""https://youtube.com/@royal-sports-club-shillong-544""}"
aed031fb-c196-4811-9b4e-bf77be561c06,Victory Sports Club Shillong 545,victory-sports-club-shillong-545,25.600174,91.870928,Professional Tennis coaching academy offering structured training programs.,Tennis,"Plot 942, Sports Complex, Shillong",Shillong,Meghalaya,+919773857223,"https://maps.google.com/?q=25.600174,91.870928",https://picsum.photos/seed/victory-sports-club-shillong-545/800/600,Sanjay Rao,Tennis,14 Years,Victory Sports Club Shillong 545,₹8651/month,"Clay Court, Hard Court, Fitness Center, Ball Machine",5:30 AM - 7:30 AM,18+,Boys,96,AITA Certified Coach,5.0,326,True,"{""instagram"": ""https://instagram.com/victory-sports-club-shillong-545"", ""facebook"": ""https://facebook.com/victory-sports-club-shillong-545"", ""youtube"": ""https://youtube.com/@victory-sports-club-shillong-545""}"
b661b4bd-f407-4389-8ee6-0bf570b51825,Dynamic Sports Club Shillong 546,dynamic-sports-club-shillong-546,25.545164,91.89783,Professional Tennis coaching academy offering structured training programs.,Tennis,"Plot 54, Sports Nagar, Shillong",Shillong,Meghalaya,+917422241925,"https://maps.google.com/?q=25.545164,91.89783",https://picsum.photos/seed/dynamic-sports-club-shillong-546/800/600,Prakash Patel,Tennis,3 Years,Dynamic Sports Club Shillong 546,₹11113/month,"Hard Court, Fitness Center, Ball Machine, Clay Court",4:00 PM - 6:00 PM,18+,Girls,67,AITA Certified Coach,4.0,260,False,"{""instagram"": ""https://instagram.com/dynamic-sports-club-shillong-546"", ""facebook"": ""https://facebook.com/dynamic-sports-club-shillong-546"", ""youtube"": ""https://youtube.com/@dynamic-sports-club-shillong-546""}"
bff9d813-a973-44d3-abf9-71714e88de8b,Victory Athletic Center Shillong 547,victory-athletic-center-shillong-547,25.619845,91.924761,Professional Tennis coaching academy offering structured training programs.,Tennis,"Plot 11, Victory Avenue, Shillong",Shillong,Meghalaya,+917025712497,"https://maps.google.com/?q=25.619845,91.924761",https://picsum.photos/seed/victory-athletic-center-shillong-547/800/600,Mahesh Sharma,Tennis,13 Years,Victory Athletic Center Shillong 547,₹8828/month,"Hard Court, Clay Court, Fitness Center, Ball Machine",5:00 PM - 7:00 PM,5-10,Mixed,88,AITA Certified Coach,4.4,212,False,"{""instagram"": ""https://instagram.com/victory-athletic-center-shillong-547"", ""facebook"": ""https://facebook.com/victory-athletic-center-shillong-547"", ""youtube"": ""https://youtube.com/@victory-athletic-center-shillong-547""}"
aaa11252-26e7-495f-9499-b29c6ee9d593,Pro Athletic Center Shillong 548,pro-athletic-center-shillong-548,25.606507,91.940556,Professional Tennis coaching academy offering structured training programs.,Tennis,"Plot 417, Champions Street, Shillong",Shillong,Meghalaya,+919427092727,"https://maps.google.com/?q=25.606507,91.940556",https://picsum.photos/seed/pro-athletic-center-shillong-548/800/600,Deepak Joshi,Tennis,18 Years,Pro Athletic Center Shillong 548,₹8740/month,"Fitness Center, Ball Machine, Hard Court, Clay Court",5:30 AM - 7:30 AM,15-18,Mixed,33,AITA Certified Coach,4.1,391,False,"{""instagram"": ""https://instagram.com/pro-athletic-center-shillong-548"", ""facebook"": ""https://facebook.com/pro-athletic-center-shillong-548"", ""youtube"": ""https://youtube.com/@pro-athletic-center-shillong-548""}"
7f25ae06-2fa1-4090-8aeb-1c4212e4a0ad,Star Athletic Center Shillong 549,star-athletic-center-shillong-549,25.544121,91.889476,Professional Swimming coaching academy offering structured training programs.,Swimming,"Plot 289, Champions Street, Shillong",Shillong,Meghalaya,+919182462811,"https://maps.google.com/?q=25.544121,91.889476",https://picsum.photos/seed/star-athletic-center-shillong-549/800/600,Ajay Mishra,Swimming,13 Years,Star Athletic Center Shillong 549,₹8260/month,"Changing Rooms, Kids Pool, Olympic Pool, Lifeguard Support",6:00 AM - 8:00 AM,All Ages,Boys,64,Swimming Federation Certified,4.7,499,True,"{""instagram"": ""https://instagram.com/star-athletic-center-shillong-549"", ""facebook"": ""https://facebook.com/star-athletic-center-shillong-549"", ""youtube"": ""https://youtube.com/@star-athletic-center-shillong-549""}"
c7a82458-2429-4f77-8a31-c3dd5692aee8,Star Athletic Center Shillong 550,star-athletic-center-shillong-550,25.560645,91.883623,Professional Football coaching academy offering structured training programs.,Football,"Plot 627, Athletic Colony, Shillong",Shillong,Meghalaya,+919998992525,"https://maps.google.com/?q=25.560645,91.883623",https://picsum.photos/seed/star-athletic-center-shillong-550/800/600,Ravi Rao,Football,6 Years,Star Athletic Center Shillong 550,₹5939/month,"Fitness Center, Locker Rooms, Flood Lights, Training Cones",4:00 PM - 6:00 PM,All Ages,Boys,52,"AIFF D License, AIFF C License",4.6,471,True,"{""instagram"": ""https://instagram.com/star-athletic-center-shillong-550"", ""facebook"": ""https://facebook.com/star-athletic-center-shillong-550"", ""youtube"": ""https://youtube.com/@star-athletic-center-shillong-550""}"
146c9a3e-ebc8-46fb-925a-e9931e9b0c52,Royal Training Center Shillong 551,royal-training-center-shillong-551,25.55075,91.912065,Professional Swimming coaching academy offering structured training programs.,Swimming,"Plot 763, Sports Hub, Shillong",Shillong,Meghalaya,+917563283194,"https://maps.google.com/?q=25.55075,91.912065",https://picsum.photos/seed/royal-training-center-shillong-551/800/600,Kiran Gupta,Swimming,14 Years,Royal Training Center Shillong 551,₹9221/month,"Kids Pool, Lifeguard Support, Changing Rooms, Olympic Pool",6:00 PM - 8:00 PM,10-15,Mixed,62,Swimming Federation Certified,4.6,75,False,"{""instagram"": ""https://instagram.com/royal-training-center-shillong-551"", ""facebook"": ""https://facebook.com/royal-training-center-shillong-551"", ""youtube"": ""https://youtube.com/@royal-training-center-shillong-551""}"
96a42ab4-6947-4f69-8582-eb3d9b866ebc,Legend Sports Club Shillong 552,legend-sports-club-shillong-552,25.554227,91.941983,Professional Swimming coaching academy offering structured training programs.,Swimming,"Plot 840, Sports Complex, Shillong",Shillong,Meghalaya,+917192389478,"https://maps.google.com/?q=25.554227,91.941983",https://picsum.photos/seed/legend-sports-club-shillong-552/800/600,Aman Nair,Swimming,17 Years,Legend Sports Club Shillong 552,₹9870/month,"Olympic Pool, Changing Rooms, Kids Pool, Lifeguard Support",4:00 PM - 6:00 PM,5-10,Mixed,85,Swimming Federation Certified,4.8,399,False,"{""instagram"": ""https://instagram.com/legend-sports-club-shillong-552"", ""facebook"": ""https://facebook.com/legend-sports-club-shillong-552"", ""youtube"": ""https://youtube.com/@legend-sports-club-shillong-552""}"
0ba60dd9-38b2-4123-b14a-cbcd8b07ff7b,Prime Sports Academy Shillong 553,prime-sports-academy-shillong-553,25.598726,91.90405,Professional Tennis coaching academy offering structured training programs.,Tennis,"Plot 817, Athletic Colony, Shillong",Shillong,Meghalaya,+916132736638,"https://maps.google.com/?q=25.598726,91.90405",https://picsum.photos/seed/prime-sports-academy-shillong-553/800/600,Tarun Choudhary,Tennis,4 Years,Prime Sports Academy Shillong 553,₹6806/month,"Clay Court, Fitness Center, Hard Court, Ball Machine",4:00 PM - 6:00 PM,All Ages,Boys,92,AITA Certified Coach,4.8,89,True,"{""instagram"": ""https://instagram.com/prime-sports-academy-shillong-553"", ""facebook"": ""https://facebook.com/prime-sports-academy-shillong-553"", ""youtube"": ""https://youtube.com/@prime-sports-academy-shillong-553""}"
c07324a7-1a69-47ee-befe-084598a03286,Future Sports Institute Shillong 554,future-sports-institute-shillong-554,25.569333,91.876276,Professional Athletics coaching academy offering structured training programs.,Athletics,"Plot 368, Stadium Road, Shillong",Shillong,Meghalaya,+919531615420,"https://maps.google.com/?q=25.569333,91.876276",https://picsum.photos/seed/future-sports-institute-shillong-554/800/600,Prakash Verma,Athletics,15 Years,Future Sports Institute Shillong 554,₹4235/month,"Fitness Center, Running Track, Recovery Zone, Gym",4:00 PM - 6:00 PM,18+,Girls,24,Athletics Federation Certified,4.6,295,False,"{""instagram"": ""https://instagram.com/future-sports-institute-shillong-554"", ""facebook"": ""https://facebook.com/future-sports-institute-shillong-554"", ""youtube"": ""https://youtube.com/@future-sports-institute-shillong-554""}"
14e5a75c-1070-407d-8450-4013f163bb08,Master Athletic Center Shillong 555,master-athletic-center-shillong-555,25.544385,91.888121,Professional Swimming coaching academy offering structured training programs.,Swimming,"Plot 736, Champions Street, Shillong",Shillong,Meghalaya,+918591795880,"https://maps.google.com/?q=25.544385,91.888121",https://picsum.photos/seed/master-athletic-center-shillong-555/800/600,Rohit Rao,Swimming,18 Years,Master Athletic Center Shillong 555,₹7517/month,"Olympic Pool, Kids Pool, Changing Rooms, Lifeguard Support",5:00 PM - 7:00 PM,All Ages,Mixed,71,Swimming Federation Certified,4.6,395,False,"{""instagram"": ""https://instagram.com/master-athletic-center-shillong-555"", ""facebook"": ""https://facebook.com/master-athletic-center-shillong-555"", ""youtube"": ""https://youtube.com/@master-athletic-center-shillong-555""}"
2ad579b8-6ab2-4de9-891f-23a7dd34a91f,Pro Athletic Center Shillong 556,pro-athletic-center-shillong-556,25.557507,91.924864,Professional Badminton coaching academy offering structured training programs.,Badminton,"Plot 6, Main Road, Shillong",Shillong,Meghalaya,+919356823750,"https://maps.google.com/?q=25.557507,91.924864",https://picsum.photos/seed/pro-athletic-center-shillong-556/800/600,Kiran Patel,Badminton,11 Years,Pro Athletic Center Shillong 556,₹2683/month,"Wooden Courts, Fitness Center, Shuttle Supply, Indoor Courts",4:00 PM - 6:00 PM,All Ages,Boys,37,BAI Certified Coach,3.9,29,False,"{""instagram"": ""https://instagram.com/pro-athletic-center-shillong-556"", ""facebook"": ""https://facebook.com/pro-athletic-center-shillong-556"", ""youtube"": ""https://youtube.com/@pro-athletic-center-shillong-556""}"
e39c4491-91b0-4a34-b51b-99421598d448,Victory Athletic Center Shillong 557,victory-athletic-center-shillong-557,25.612047,91.854412,Professional Basketball coaching academy offering structured training programs.,Basketball,"Plot 438, Ring Road, Shillong",Shillong,Meghalaya,+918032765763,"https://maps.google.com/?q=25.612047,91.854412",https://picsum.photos/seed/victory-athletic-center-shillong-557/800/600,Arjun Yadav,Basketball,3 Years,Victory Athletic Center Shillong 557,₹3794/month,"Fitness Center, Outdoor Court, Indoor Court, Locker Rooms",5:30 AM - 7:30 AM,5-10,Boys,61,Basketball Federation Certified,3.9,316,True,"{""instagram"": ""https://instagram.com/victory-athletic-center-shillong-557"", ""facebook"": ""https://facebook.com/victory-athletic-center-shillong-557"", ""youtube"": ""https://youtube.com/@victory-athletic-center-shillong-557""}"
89da4c48-7a31-4a20-bb4f-5da1c5ad0b4b,Champion Sports Institute Shillong 558,champion-sports-institute-shillong-558,25.602515,91.84781,Professional Swimming coaching academy offering structured training programs.,Swimming,"Plot 63, Ring Road, Shillong",Shillong,Meghalaya,+916527830640,"https://maps.google.com/?q=25.602515,91.84781",https://picsum.photos/seed/champion-sports-institute-shillong-558/800/600,Rohit Singh,Swimming,4 Years,Champion Sports Institute Shillong 558,₹4839/month,"Kids Pool, Changing Rooms, Lifeguard Support, Olympic Pool",6:00 AM - 8:00 AM,15-18,Mixed,94,Swimming Federation Certified,3.6,71,False,"{""instagram"": ""https://instagram.com/champion-sports-institute-shillong-558"", ""facebook"": ""https://facebook.com/champion-sports-institute-shillong-558"", ""youtube"": ""https://youtube.com/@champion-sports-institute-shillong-558""}"
000979ad-4f59-4cd1-a5c4-3807ccb204ae,Victory Athletic Center Shillong 559,victory-athletic-center-shillong-559,25.574333,91.863074,Professional Basketball coaching academy offering structured training programs.,Basketball,"Plot 45, Sports Hub, Shillong",Shillong,Meghalaya,+917696493898,"https://maps.google.com/?q=25.574333,91.863074",https://picsum.photos/seed/victory-athletic-center-shillong-559/800/600,Arjun Kumar,Basketball,21 Years,Victory Athletic Center Shillong 559,₹4163/month,"Indoor Court, Locker Rooms, Fitness Center, Outdoor Court",5:30 AM - 7:30 AM,All Ages,Girls,27,Basketball Federation Certified,3.7,415,False,"{""instagram"": ""https://instagram.com/victory-athletic-center-shillong-559"", ""facebook"": ""https://facebook.com/victory-athletic-center-shillong-559"", ""youtube"": ""https://youtube.com/@victory-athletic-center-shillong-559""}"
8626fa1b-0311-4146-bb2e-b66eb158c5c4,Elite Sports Institute Shillong 560,elite-sports-institute-shillong-560,25.612339,91.910917,Professional Cricket coaching academy offering structured training programs.,Cricket,"Plot 796, Sports Nagar, Shillong",Shillong,Meghalaya,+918050741596,"https://maps.google.com/?q=25.612339,91.910917",https://picsum.photos/seed/elite-sports-institute-shillong-560/800/600,Vikram Pillai,Cricket,4 Years,Elite Sports Institute Shillong 560,₹4581/month,"Turf Nets, Bowling Machine, Practice Pitch, Video Analysis",5:30 AM - 7:30 AM,5-10,Mixed,39,"BCCI Level 1, BCCI Level 2",4.7,442,True,"{""instagram"": ""https://instagram.com/elite-sports-institute-shillong-560"", ""facebook"": ""https://facebook.com/elite-sports-institute-shillong-560"", ""youtube"": ""https://youtube.com/@elite-sports-institute-shillong-560""}"
2bf4ca72-6621-4a17-864f-0c807f143dd1,Champion Sports Institute Aizawl 561,champion-sports-institute-aizawl-561,23.685549,92.678756,Professional Swimming coaching academy offering structured training programs.,Swimming,"Plot 26, Ring Road, Aizawl",Aizawl,Mizoram,+919352843551,"https://maps.google.com/?q=23.685549,92.678756",https://picsum.photos/seed/champion-sports-institute-aizawl-561/800/600,Ajay Verma,Swimming,18 Years,Champion Sports Institute Aizawl 561,₹6355/month,"Olympic Pool, Lifeguard Support, Changing Rooms, Kids Pool",5:30 AM - 7:30 AM,10-15,Mixed,94,Swimming Federation Certified,4.3,388,True,"{""instagram"": ""https://instagram.com/champion-sports-institute-aizawl-561"", ""facebook"": ""https://facebook.com/champion-sports-institute-aizawl-561"", ""youtube"": ""https://youtube.com/@champion-sports-institute-aizawl-561""}"
681c4da5-d1a0-46c7-8601-3c0631d6dc16,Elite Sports Academy Aizawl 562,elite-sports-academy-aizawl-562,23.716367,92.677422,Professional Athletics coaching academy offering structured training programs.,Athletics,"Plot 534, Sports Complex, Aizawl",Aizawl,Mizoram,+917913536973,"https://maps.google.com/?q=23.716367,92.677422",https://picsum.photos/seed/elite-sports-academy-aizawl-562/800/600,Kiran Yadav,Athletics,12 Years,Elite Sports Academy Aizawl 562,₹4209/month,"Fitness Center, Recovery Zone, Running Track, Gym",5:30 AM - 7:30 AM,18+,Boys,58,Athletics Federation Certified,4.9,342,True,"{""instagram"": ""https://instagram.com/elite-sports-academy-aizawl-562"", ""facebook"": ""https://facebook.com/elite-sports-academy-aizawl-562"", ""youtube"": ""https://youtube.com/@elite-sports-academy-aizawl-562""}"
590d60da-04fb-414d-9d48-ce4b220acd80,Pro Athletic Center Aizawl 563,pro-athletic-center-aizawl-563,23.698144,92.708742,Professional Volleyball coaching academy offering structured training programs.,Volleyball,"Plot 342, Ring Road, Aizawl",Aizawl,Mizoram,+919601491061,"https://maps.google.com/?q=23.698144,92.708742",https://picsum.photos/seed/pro-athletic-center-aizawl-563/800/600,Harish Reddy,Volleyball,10 Years,Pro Athletic Center Aizawl 563,₹5208/month,"Flood Lights, Indoor Court, Fitness Center, Sand Court",6:00 AM - 8:00 AM,5-10,Boys,34,Volleyball Federation Certified,4.1,371,True,"{""instagram"": ""https://instagram.com/pro-athletic-center-aizawl-563"", ""facebook"": ""https://facebook.com/pro-athletic-center-aizawl-563"", ""youtube"": ""https://youtube.com/@pro-athletic-center-aizawl-563""}"
8444039e-6e13-4a4d-bb9a-d886716abae4,Victory Performance Academy Aizawl 564,victory-performance-academy-aizawl-564,23.705362,92.730243,Professional Tennis coaching academy offering structured training programs.,Tennis,"Plot 848, Victory Avenue, Aizawl",Aizawl,Mizoram,+917323234136,"https://maps.google.com/?q=23.705362,92.730243",https://picsum.photos/seed/victory-performance-academy-aizawl-564/800/600,Prakash Gupta,Tennis,9 Years,Victory Performance Academy Aizawl 564,₹5144/month,"Clay Court, Ball Machine, Fitness Center, Hard Court",4:00 PM - 6:00 PM,5-10,Mixed,66,AITA Certified Coach,3.9,98,False,"{""instagram"": ""https://instagram.com/victory-performance-academy-aizawl-564"", ""facebook"": ""https://facebook.com/victory-performance-academy-aizawl-564"", ""youtube"": ""https://youtube.com/@victory-performance-academy-aizawl-564""}"
9238da20-712d-4440-937d-cf32ac1083b3,Pro Sports Club Aizawl 565,pro-sports-club-aizawl-565,23.696192,92.715995,Professional Football coaching academy offering structured training programs.,Football,"Plot 736, Sports Complex, Aizawl",Aizawl,Mizoram,+917540129920,"https://maps.google.com/?q=23.696192,92.715995",https://picsum.photos/seed/pro-sports-club-aizawl-565/800/600,Mahesh Kumar,Football,25 Years,Pro Sports Club Aizawl 565,₹5107/month,"Training Cones, Fitness Center, Flood Lights, Natural Grass Ground",5:00 PM - 7:00 PM,15-18,Mixed,48,"AIFF D License, AIFF C License",4.7,345,False,"{""instagram"": ""https://instagram.com/pro-sports-club-aizawl-565"", ""facebook"": ""https://facebook.com/pro-sports-club-aizawl-565"", ""youtube"": ""https://youtube.com/@pro-sports-club-aizawl-565""}"
3e8f3cf2-88d9-4492-bff7-f5fefd881e6a,Master Performance Academy Aizawl 566,master-performance-academy-aizawl-566,23.734308,92.683498,Professional Cricket coaching academy offering structured training programs.,Cricket,"Plot 864, Main Road, Aizawl",Aizawl,Mizoram,+919113250384,"https://maps.google.com/?q=23.734308,92.683498",https://picsum.photos/seed/master-performance-academy-aizawl-566/800/600,Vikram Sharma,Cricket,24 Years,Master Performance Academy Aizawl 566,₹5923/month,"Turf Nets, Bowling Machine, Video Analysis, Gym",5:30 AM - 7:30 AM,18+,Mixed,42,"BCCI Level 1, BCCI Level 2",3.6,159,True,"{""instagram"": ""https://instagram.com/master-performance-academy-aizawl-566"", ""facebook"": ""https://facebook.com/master-performance-academy-aizawl-566"", ""youtube"": ""https://youtube.com/@master-performance-academy-aizawl-566""}"
5ecd9dfd-6e17-4c2b-9fb9-e0c0a4930428,Future Training Center Aizawl 567,future-training-center-aizawl-567,23.745114,92.756349,Professional Tennis coaching academy offering structured training programs.,Tennis,"Plot 303, Athletic Colony, Aizawl",Aizawl,Mizoram,+919890494361,"https://maps.google.com/?q=23.745114,92.756349",https://picsum.photos/seed/future-training-center-aizawl-567/800/600,Kiran Mishra,Tennis,11 Years,Future Training Center Aizawl 567,₹9034/month,"Hard Court, Clay Court, Fitness Center, Ball Machine",6:00 PM - 8:00 PM,10-15,Mixed,58,AITA Certified Coach,4.8,41,False,"{""instagram"": ""https://instagram.com/future-training-center-aizawl-567"", ""facebook"": ""https://facebook.com/future-training-center-aizawl-567"", ""youtube"": ""https://youtube.com/@future-training-center-aizawl-567""}"
26e21575-a711-4853-8f16-3317f2ca2688,Prime Sports Club Aizawl 568,prime-sports-club-aizawl-568,23.773875,92.7414,Professional Badminton coaching academy offering structured training programs.,Badminton,"Plot 120, Stadium Road, Aizawl",Aizawl,Mizoram,+919770985082,"https://maps.google.com/?q=23.773875,92.7414",https://picsum.photos/seed/prime-sports-club-aizawl-568/800/600,Ravi Choudhary,Badminton,5 Years,Prime Sports Club Aizawl 568,₹3635/month,"Indoor Courts, Shuttle Supply, Fitness Center, Wooden Courts",5:00 PM - 7:00 PM,5-10,Mixed,83,BAI Certified Coach,3.9,182,False,"{""instagram"": ""https://instagram.com/prime-sports-club-aizawl-568"", ""facebook"": ""https://facebook.com/prime-sports-club-aizawl-568"", ""youtube"": ""https://youtube.com/@prime-sports-club-aizawl-568""}"
c7f9de64-dc87-415c-95ca-1c7c15073cde,Star Sports Club Aizawl 569,star-sports-club-aizawl-569,23.721894,92.760195,Professional Cricket coaching academy offering structured training programs.,Cricket,"Plot 788, Main Road, Aizawl",Aizawl,Mizoram,+919078679100,"https://maps.google.com/?q=23.721894,92.760195",https://picsum.photos/seed/star-sports-club-aizawl-569/800/600,Prakash Patel,Cricket,5 Years,Star Sports Club Aizawl 569,₹4199/month,"Turf Nets, Practice Pitch, Bowling Machine, Gym",6:00 PM - 8:00 PM,5-10,Girls,37,"BCCI Level 1, BCCI Level 2",3.9,114,True,"{""instagram"": ""https://instagram.com/star-sports-club-aizawl-569"", ""facebook"": ""https://facebook.com/star-sports-club-aizawl-569"", ""youtube"": ""https://youtube.com/@star-sports-club-aizawl-569""}"
c07d6770-1a94-46be-a25b-d20e5240b691,Elite Sports Academy Aizawl 570,elite-sports-academy-aizawl-570,23.737661,92.760934,Professional Cricket coaching academy offering structured training programs.,Cricket,"Plot 700, Main Road, Aizawl",Aizawl,Mizoram,+919344335804,"https://maps.google.com/?q=23.737661,92.760934",https://picsum.photos/seed/elite-sports-academy-aizawl-570/800/600,Harish Kumar,Cricket,8 Years,Elite Sports Academy Aizawl 570,₹8668/month,"Gym, Turf Nets, Bowling Machine, Practice Pitch",5:00 PM - 7:00 PM,All Ages,Girls,56,"BCCI Level 1, BCCI Level 2",4.8,20,True,"{""instagram"": ""https://instagram.com/elite-sports-academy-aizawl-570"", ""facebook"": ""https://facebook.com/elite-sports-academy-aizawl-570"", ""youtube"": ""https://youtube.com/@elite-sports-academy-aizawl-570""}"
2fb171a2-11f2-462b-bbfa-f79ab6b1c767,Victory Sports Club Aizawl 571,victory-sports-club-aizawl-571,23.711822,92.709602,Professional Cricket coaching academy offering structured training programs.,Cricket,"Plot 783, Athletic Colony, Aizawl",Aizawl,Mizoram,+917329180622,"https://maps.google.com/?q=23.711822,92.709602",https://picsum.photos/seed/victory-sports-club-aizawl-571/800/600,Tarun Mishra,Cricket,6 Years,Victory Sports Club Aizawl 571,₹8405/month,"Bowling Machine, Practice Pitch, Turf Nets, Gym",6:00 PM - 8:00 PM,18+,Girls,71,"BCCI Level 1, BCCI Level 2",4.9,67,False,"{""instagram"": ""https://instagram.com/victory-sports-club-aizawl-571"", ""facebook"": ""https://facebook.com/victory-sports-club-aizawl-571"", ""youtube"": ""https://youtube.com/@victory-sports-club-aizawl-571""}"
2b4231d4-a205-4319-830b-5ac3604c77a4,Elite Sports Academy Aizawl 572,elite-sports-academy-aizawl-572,23.740784,92.680813,Professional Athletics coaching academy offering structured training programs.,Athletics,"Plot 504, Central Park, Aizawl",Aizawl,Mizoram,+917553836458,"https://maps.google.com/?q=23.740784,92.680813",https://picsum.photos/seed/elite-sports-academy-aizawl-572/800/600,Aman Reddy,Athletics,11 Years,Elite Sports Academy Aizawl 572,₹4361/month,"Fitness Center, Recovery Zone, Gym, Running Track",4:00 PM - 6:00 PM,5-10,Girls,89,Athletics Federation Certified,4.3,22,False,"{""instagram"": ""https://instagram.com/elite-sports-academy-aizawl-572"", ""facebook"": ""https://facebook.com/elite-sports-academy-aizawl-572"", ""youtube"": ""https://youtube.com/@elite-sports-academy-aizawl-572""}"
67e42eb2-c8cd-4702-a52b-fbafbec2c220,Pro Sports Club Aizawl 573,pro-sports-club-aizawl-573,23.728313,92.743882,Professional Badminton coaching academy offering structured training programs.,Badminton,"Plot 309, Sports Hub, Aizawl",Aizawl,Mizoram,+919597615853,"https://maps.google.com/?q=23.728313,92.743882",https://picsum.photos/seed/pro-sports-club-aizawl-573/800/600,Tarun Sharma,Badminton,2 Years,Pro Sports Club Aizawl 573,₹4904/month,"Fitness Center, Indoor Courts, Wooden Courts, Shuttle Supply",4:00 PM - 6:00 PM,10-15,Boys,22,BAI Certified Coach,4.0,158,True,"{""instagram"": ""https://instagram.com/pro-sports-club-aizawl-573"", ""facebook"": ""https://facebook.com/pro-sports-club-aizawl-573"", ""youtube"": ""https://youtube.com/@pro-sports-club-aizawl-573""}"
09fec139-082f-4500-b866-5ebad0aacd39,Victory Training Center Aizawl 574,victory-training-center-aizawl-574,23.707468,92.718482,Professional Volleyball coaching academy offering structured training programs.,Volleyball,"Plot 346, Main Road, Aizawl",Aizawl,Mizoram,+918994287767,"https://maps.google.com/?q=23.707468,92.718482",https://picsum.photos/seed/victory-training-center-aizawl-574/800/600,Ajay Reddy,Volleyball,13 Years,Victory Training Center Aizawl 574,₹3835/month,"Flood Lights, Fitness Center, Sand Court, Indoor Court",4:00 PM - 6:00 PM,5-10,Mixed,86,Volleyball Federation Certified,4.0,393,True,"{""instagram"": ""https://instagram.com/victory-training-center-aizawl-574"", ""facebook"": ""https://facebook.com/victory-training-center-aizawl-574"", ""youtube"": ""https://youtube.com/@victory-training-center-aizawl-574""}"
9ecafea1-5d1e-489d-94b0-935fcd20b9fa,Royal Athletic Center Aizawl 575,royal-athletic-center-aizawl-575,23.691153,92.670855,Professional Cricket coaching academy offering structured training programs.,Cricket,"Plot 204, Sports Nagar, Aizawl",Aizawl,Mizoram,+919659498496,"https://maps.google.com/?q=23.691153,92.670855",https://picsum.photos/seed/royal-athletic-center-aizawl-575/800/600,Sanjay Rao,Cricket,5 Years,Royal Athletic Center Aizawl 575,₹5540/month,"Turf Nets, Practice Pitch, Video Analysis, Bowling Machine",6:00 PM - 8:00 PM,10-15,Mixed,83,"BCCI Level 1, BCCI Level 2",3.9,147,True,"{""instagram"": ""https://instagram.com/royal-athletic-center-aizawl-575"", ""facebook"": ""https://facebook.com/royal-athletic-center-aizawl-575"", ""youtube"": ""https://youtube.com/@royal-athletic-center-aizawl-575""}"
c8e4f035-87ab-43e5-aecc-1497e7454411,Prime Sports Club Aizawl 576,prime-sports-club-aizawl-576,23.737015,92.764302,Professional Tennis coaching academy offering structured training programs.,Tennis,"Plot 72, Athletic Colony, Aizawl",Aizawl,Mizoram,+917869483169,"https://maps.google.com/?q=23.737015,92.764302",https://picsum.photos/seed/prime-sports-club-aizawl-576/800/600,Ajay Patel,Tennis,3 Years,Prime Sports Club Aizawl 576,₹5709/month,"Hard Court, Fitness Center, Clay Court, Ball Machine",6:00 AM - 8:00 AM,All Ages,Boys,33,AITA Certified Coach,3.6,196,False,"{""instagram"": ""https://instagram.com/prime-sports-club-aizawl-576"", ""facebook"": ""https://facebook.com/prime-sports-club-aizawl-576"", ""youtube"": ""https://youtube.com/@prime-sports-club-aizawl-576""}"
737e961c-33d8-4402-bbd2-413adc3a3b59,Pro Training Center Aizawl 577,pro-training-center-aizawl-577,23.755302,92.740786,Professional Volleyball coaching academy offering structured training programs.,Volleyball,"Plot 722, Victory Avenue, Aizawl",Aizawl,Mizoram,+917017032449,"https://maps.google.com/?q=23.755302,92.740786",https://picsum.photos/seed/pro-training-center-aizawl-577/800/600,Sanjay Kumar,Volleyball,19 Years,Pro Training Center Aizawl 577,₹5233/month,"Sand Court, Indoor Court, Fitness Center, Flood Lights",4:00 PM - 6:00 PM,All Ages,Boys,89,Volleyball Federation Certified,3.9,294,False,"{""instagram"": ""https://instagram.com/pro-training-center-aizawl-577"", ""facebook"": ""https://facebook.com/pro-training-center-aizawl-577"", ""youtube"": ""https://youtube.com/@pro-training-center-aizawl-577""}"
115fb23e-44e1-410e-91c6-7e3a76562928,Dynamic Sports Academy Aizawl 578,dynamic-sports-academy-aizawl-578,23.715784,92.703641,Professional Tennis coaching academy offering structured training programs.,Tennis,"Plot 696, Main Road, Aizawl",Aizawl,Mizoram,+917024165828,"https://maps.google.com/?q=23.715784,92.703641",https://picsum.photos/seed/dynamic-sports-academy-aizawl-578/800/600,Rohit Singh,Tennis,12 Years,Dynamic Sports Academy Aizawl 578,₹10730/month,"Clay Court, Fitness Center, Hard Court, Ball Machine",5:30 AM - 7:30 AM,18+,Boys,84,AITA Certified Coach,3.6,218,True,"{""instagram"": ""https://instagram.com/dynamic-sports-academy-aizawl-578"", ""facebook"": ""https://facebook.com/dynamic-sports-academy-aizawl-578"", ""youtube"": ""https://youtube.com/@dynamic-sports-academy-aizawl-578""}"
88d31381-10b5-4507-b276-ae17aa06ccb2,Prime Sports Institute Aizawl 579,prime-sports-institute-aizawl-579,23.739109,92.682911,Professional Athletics coaching academy offering structured training programs.,Athletics,"Plot 46, Central Park, Aizawl",Aizawl,Mizoram,+916277057760,"https://maps.google.com/?q=23.739109,92.682911",https://picsum.photos/seed/prime-sports-institute-aizawl-579/800/600,Rohit Kumar,Athletics,22 Years,Prime Sports Institute Aizawl 579,₹4419/month,"Running Track, Fitness Center, Gym, Recovery Zone",5:00 PM - 7:00 PM,10-15,Girls,83,Athletics Federation Certified,4.4,175,True,"{""instagram"": ""https://instagram.com/prime-sports-institute-aizawl-579"", ""facebook"": ""https://facebook.com/prime-sports-institute-aizawl-579"", ""youtube"": ""https://youtube.com/@prime-sports-institute-aizawl-579""}"
2323d7bc-853e-4c35-a25d-0c5707fc4153,National Sports Academy Aizawl 580,national-sports-academy-aizawl-580,23.721902,92.676412,Professional Volleyball coaching academy offering structured training programs.,Volleyball,"Plot 12, Central Park, Aizawl",Aizawl,Mizoram,+916548901782,"https://maps.google.com/?q=23.721902,92.676412",https://picsum.photos/seed/national-sports-academy-aizawl-580/800/600,Deepak Rao,Volleyball,9 Years,National Sports Academy Aizawl 580,₹3463/month,"Fitness Center, Flood Lights, Sand Court, Indoor Court",4:00 PM - 6:00 PM,18+,Mixed,73,Volleyball Federation Certified,4.2,31,False,"{""instagram"": ""https://instagram.com/national-sports-academy-aizawl-580"", ""facebook"": ""https://facebook.com/national-sports-academy-aizawl-580"", ""youtube"": ""https://youtube.com/@national-sports-academy-aizawl-580""}"
f5683c29-4aff-4622-beea-60d959c4066f,Dynamic Sports Academy Aizawl 581,dynamic-sports-academy-aizawl-581,23.692833,92.698513,Professional Athletics coaching academy offering structured training programs.,Athletics,"Plot 996, Sports Hub, Aizawl",Aizawl,Mizoram,+918637485523,"https://maps.google.com/?q=23.692833,92.698513",https://picsum.photos/seed/dynamic-sports-academy-aizawl-581/800/600,Vikram Sharma,Athletics,7 Years,Dynamic Sports Academy Aizawl 581,₹2545/month,"Running Track, Fitness Center, Gym, Recovery Zone",6:00 PM - 8:00 PM,15-18,Mixed,58,Athletics Federation Certified,4.1,371,True,"{""instagram"": ""https://instagram.com/dynamic-sports-academy-aizawl-581"", ""facebook"": ""https://facebook.com/dynamic-sports-academy-aizawl-581"", ""youtube"": ""https://youtube.com/@dynamic-sports-academy-aizawl-581""}"
72314431-a50b-4986-8f04-05f809c82c1a,Royal Sports Club Aizawl 582,royal-sports-club-aizawl-582,23.685153,92.731821,Professional Badminton coaching academy offering structured training programs.,Badminton,"Plot 567, Stadium Road, Aizawl",Aizawl,Mizoram,+916777718637,"https://maps.google.com/?q=23.685153,92.731821",https://picsum.photos/seed/royal-sports-club-aizawl-582/800/600,Naveen Singh,Badminton,20 Years,Royal Sports Club Aizawl 582,₹4636/month,"Indoor Courts, Wooden Courts, Shuttle Supply, Fitness Center",6:00 PM - 8:00 PM,5-10,Mixed,64,BAI Certified Coach,4.6,10,False,"{""instagram"": ""https://instagram.com/royal-sports-club-aizawl-582"", ""facebook"": ""https://facebook.com/royal-sports-club-aizawl-582"", ""youtube"": ""https://youtube.com/@royal-sports-club-aizawl-582""}"
d1fa83e8-77bd-4c16-baf4-83999a7d6eaa,Prime Sports Institute Aizawl 583,prime-sports-institute-aizawl-583,23.71975,92.688497,Professional Football coaching academy offering structured training programs.,Football,"Plot 224, Sports Complex, Aizawl",Aizawl,Mizoram,+916079822281,"https://maps.google.com/?q=23.71975,92.688497",https://picsum.photos/seed/prime-sports-institute-aizawl-583/800/600,Kiran Reddy,Football,14 Years,Prime Sports Institute Aizawl 583,₹5220/month,"Training Cones, Natural Grass Ground, Flood Lights, Locker Rooms",5:30 AM - 7:30 AM,10-15,Boys,53,"AIFF D License, AIFF C License",4.0,483,False,"{""instagram"": ""https://instagram.com/prime-sports-institute-aizawl-583"", ""facebook"": ""https://facebook.com/prime-sports-institute-aizawl-583"", ""youtube"": ""https://youtube.com/@prime-sports-institute-aizawl-583""}"
5cd9f3a1-8175-460d-876d-7cc6ea9f0f87,Champion Training Center Aizawl 584,champion-training-center-aizawl-584,23.700728,92.707614,Professional Cricket coaching academy offering structured training programs.,Cricket,"Plot 761, Central Park, Aizawl",Aizawl,Mizoram,+918739991596,"https://maps.google.com/?q=23.700728,92.707614",https://picsum.photos/seed/champion-training-center-aizawl-584/800/600,Sanjay Singh,Cricket,25 Years,Champion Training Center Aizawl 584,₹5021/month,"Video Analysis, Gym, Practice Pitch, Turf Nets",4:00 PM - 6:00 PM,5-10,Mixed,30,"BCCI Level 1, BCCI Level 2",4.3,139,True,"{""instagram"": ""https://instagram.com/champion-training-center-aizawl-584"", ""facebook"": ""https://facebook.com/champion-training-center-aizawl-584"", ""youtube"": ""https://youtube.com/@champion-training-center-aizawl-584""}"
040c9bef-17ce-4dce-8e57-5c4bc1230d67,Victory Sports Club Aizawl 585,victory-sports-club-aizawl-585,23.692782,92.671443,Professional Tennis coaching academy offering structured training programs.,Tennis,"Plot 154, Victory Avenue, Aizawl",Aizawl,Mizoram,+916081953330,"https://maps.google.com/?q=23.692782,92.671443",https://picsum.photos/seed/victory-sports-club-aizawl-585/800/600,Deepak Verma,Tennis,24 Years,Victory Sports Club Aizawl 585,₹4827/month,"Clay Court, Hard Court, Fitness Center, Ball Machine",6:00 AM - 8:00 AM,All Ages,Boys,46,AITA Certified Coach,4.3,388,False,"{""instagram"": ""https://instagram.com/victory-sports-club-aizawl-585"", ""facebook"": ""https://facebook.com/victory-sports-club-aizawl-585"", ""youtube"": ""https://youtube.com/@victory-sports-club-aizawl-585""}"
8cae6962-2b8e-4970-8087-5e4d70a64754,Star Sports Academy Aizawl 586,star-sports-academy-aizawl-586,23.718287,92.765979,Professional Basketball coaching academy offering structured training programs.,Basketball,"Plot 59, Champions Street, Aizawl",Aizawl,Mizoram,+918716343992,"https://maps.google.com/?q=23.718287,92.765979",https://picsum.photos/seed/star-sports-academy-aizawl-586/800/600,Vikram Patel,Basketball,9 Years,Star Sports Academy Aizawl 586,₹6854/month,"Indoor Court, Locker Rooms, Outdoor Court, Fitness Center",5:30 AM - 7:30 AM,18+,Girls,54,Basketball Federation Certified,4.5,242,True,"{""instagram"": ""https://instagram.com/star-sports-academy-aizawl-586"", ""facebook"": ""https://facebook.com/star-sports-academy-aizawl-586"", ""youtube"": ""https://youtube.com/@star-sports-academy-aizawl-586""}"
d1439b3a-5c37-4b91-9b77-71014dd43d48,Elite Training Center Aizawl 587,elite-training-center-aizawl-587,23.702332,92.670661,Professional Basketball coaching academy offering structured training programs.,Basketball,"Plot 868, Champions Street, Aizawl",Aizawl,Mizoram,+918473605337,"https://maps.google.com/?q=23.702332,92.670661",https://picsum.photos/seed/elite-training-center-aizawl-587/800/600,Kiran Rao,Basketball,10 Years,Elite Training Center Aizawl 587,₹6083/month,"Indoor Court, Locker Rooms, Outdoor Court, Fitness Center",6:00 PM - 8:00 PM,All Ages,Boys,66,Basketball Federation Certified,4.9,125,True,"{""instagram"": ""https://instagram.com/elite-training-center-aizawl-587"", ""facebook"": ""https://facebook.com/elite-training-center-aizawl-587"", ""youtube"": ""https://youtube.com/@elite-training-center-aizawl-587""}"
da1278b2-f6a1-4c71-af9d-3b322d305870,Champion Sports Academy Aizawl 588,champion-sports-academy-aizawl-588,23.720383,92.724839,Professional Swimming coaching academy offering structured training programs.,Swimming,"Plot 425, Ring Road, Aizawl",Aizawl,Mizoram,+916895892224,"https://maps.google.com/?q=23.720383,92.724839",https://picsum.photos/seed/champion-sports-academy-aizawl-588/800/600,Tarun Verma,Swimming,13 Years,Champion Sports Academy Aizawl 588,₹5064/month,"Kids Pool, Lifeguard Support, Changing Rooms, Olympic Pool",6:00 AM - 8:00 AM,All Ages,Mixed,60,Swimming Federation Certified,4.1,271,True,"{""instagram"": ""https://instagram.com/champion-sports-academy-aizawl-588"", ""facebook"": ""https://facebook.com/champion-sports-academy-aizawl-588"", ""youtube"": ""https://youtube.com/@champion-sports-academy-aizawl-588""}"
07f4b106-9f7c-499d-b0b2-a7cd76a28e4b,Champion Performance Academy Aizawl 589,champion-performance-academy-aizawl-589,23.73278,92.682791,Professional Football coaching academy offering structured training programs.,Football,"Plot 802, Ring Road, Aizawl",Aizawl,Mizoram,+918668463493,"https://maps.google.com/?q=23.73278,92.682791",https://picsum.photos/seed/champion-performance-academy-aizawl-589/800/600,Sanjay Nair,Football,17 Years,Champion Performance Academy Aizawl 589,₹5527/month,"Natural Grass Ground, Training Cones, Fitness Center, Locker Rooms",6:00 PM - 8:00 PM,15-18,Girls,41,"AIFF D License, AIFF C License",3.8,460,True,"{""instagram"": ""https://instagram.com/champion-performance-academy-aizawl-589"", ""facebook"": ""https://facebook.com/champion-performance-academy-aizawl-589"", ""youtube"": ""https://youtube.com/@champion-performance-academy-aizawl-589""}"
b9304009-b5f5-496d-b239-c22af7238861,Pro Sports Club Aizawl 590,pro-sports-club-aizawl-590,23.705352,92.71581,Professional Basketball coaching academy offering structured training programs.,Basketball,"Plot 749, Main Road, Aizawl",Aizawl,Mizoram,+916162935486,"https://maps.google.com/?q=23.705352,92.71581",https://picsum.photos/seed/pro-sports-club-aizawl-590/800/600,Tarun Pillai,Basketball,11 Years,Pro Sports Club Aizawl 590,₹3002/month,"Indoor Court, Locker Rooms, Outdoor Court, Fitness Center",4:00 PM - 6:00 PM,All Ages,Girls,42,Basketball Federation Certified,4.7,421,False,"{""instagram"": ""https://instagram.com/pro-sports-club-aizawl-590"", ""facebook"": ""https://facebook.com/pro-sports-club-aizawl-590"", ""youtube"": ""https://youtube.com/@pro-sports-club-aizawl-590""}"
42b73c3e-0c77-4897-ae96-de2c0861513b,Legend Athletic Center Aizawl 591,legend-athletic-center-aizawl-591,23.688244,92.706497,Professional Football coaching academy offering structured training programs.,Football,"Plot 435, Sports Hub, Aizawl",Aizawl,Mizoram,+919502102898,"https://maps.google.com/?q=23.688244,92.706497",https://picsum.photos/seed/legend-athletic-center-aizawl-591/800/600,Kiran Mishra,Football,23 Years,Legend Athletic Center Aizawl 591,₹4015/month,"Natural Grass Ground, Flood Lights, Training Cones, Locker Rooms",5:00 PM - 7:00 PM,5-10,Boys,77,"AIFF D License, AIFF C License",4.4,180,True,"{""instagram"": ""https://instagram.com/legend-athletic-center-aizawl-591"", ""facebook"": ""https://facebook.com/legend-athletic-center-aizawl-591"", ""youtube"": ""https://youtube.com/@legend-athletic-center-aizawl-591""}"
690252ad-03d6-4e8a-b325-ae7ce49273aa,Royal Sports Academy Aizawl 592,royal-sports-academy-aizawl-592,23.771521,92.679625,Professional Football coaching academy offering structured training programs.,Football,"Plot 68, Victory Avenue, Aizawl",Aizawl,Mizoram,+916357248522,"https://maps.google.com/?q=23.771521,92.679625",https://picsum.photos/seed/royal-sports-academy-aizawl-592/800/600,Ravi Yadav,Football,13 Years,Royal Sports Academy Aizawl 592,₹5909/month,"Flood Lights, Fitness Center, Natural Grass Ground, Training Cones",5:00 PM - 7:00 PM,18+,Mixed,69,"AIFF D License, AIFF C License",4.2,225,False,"{""instagram"": ""https://instagram.com/royal-sports-academy-aizawl-592"", ""facebook"": ""https://facebook.com/royal-sports-academy-aizawl-592"", ""youtube"": ""https://youtube.com/@royal-sports-academy-aizawl-592""}"
42c8dda6-dc98-49f3-9435-5afefe3fc15a,Royal Sports Institute Aizawl 593,royal-sports-institute-aizawl-593,23.766167,92.749622,Professional Football coaching academy offering structured training programs.,Football,"Plot 25, Sports Complex, Aizawl",Aizawl,Mizoram,+917059142574,"https://maps.google.com/?q=23.766167,92.749622",https://picsum.photos/seed/royal-sports-institute-aizawl-593/800/600,Mahesh Gupta,Football,10 Years,Royal Sports Institute Aizawl 593,₹7594/month,"Locker Rooms, Training Cones, Flood Lights, Fitness Center",6:00 PM - 8:00 PM,5-10,Boys,35,"AIFF D License, AIFF C License",4.8,405,True,"{""instagram"": ""https://instagram.com/royal-sports-institute-aizawl-593"", ""facebook"": ""https://facebook.com/royal-sports-institute-aizawl-593"", ""youtube"": ""https://youtube.com/@royal-sports-institute-aizawl-593""}"
6d152c68-b8bc-414c-bf26-0c61735d2206,Victory Training Center Aizawl 594,victory-training-center-aizawl-594,23.680988,92.755692,Professional Tennis coaching academy offering structured training programs.,Tennis,"Plot 824, Sports Hub, Aizawl",Aizawl,Mizoram,+918637945662,"https://maps.google.com/?q=23.680988,92.755692",https://picsum.photos/seed/victory-training-center-aizawl-594/800/600,Prakash Singh,Tennis,9 Years,Victory Training Center Aizawl 594,₹6903/month,"Fitness Center, Ball Machine, Hard Court, Clay Court",5:00 PM - 7:00 PM,10-15,Girls,99,AITA Certified Coach,3.5,156,True,"{""instagram"": ""https://instagram.com/victory-training-center-aizawl-594"", ""facebook"": ""https://facebook.com/victory-training-center-aizawl-594"", ""youtube"": ""https://youtube.com/@victory-training-center-aizawl-594""}"
3a61c853-c28d-44bb-bb7a-70f39a2c47f7,Victory Sports Club Aizawl 595,victory-sports-club-aizawl-595,23.726459,92.743036,Professional Tennis coaching academy offering structured training programs.,Tennis,"Plot 918, Victory Avenue, Aizawl",Aizawl,Mizoram,+917050631828,"https://maps.google.com/?q=23.726459,92.743036",https://picsum.photos/seed/victory-sports-club-aizawl-595/800/600,Tarun Choudhary,Tennis,11 Years,Victory Sports Club Aizawl 595,₹5587/month,"Hard Court, Clay Court, Ball Machine, Fitness Center",4:00 PM - 6:00 PM,5-10,Girls,29,AITA Certified Coach,4.9,101,False,"{""instagram"": ""https://instagram.com/victory-sports-club-aizawl-595"", ""facebook"": ""https://facebook.com/victory-sports-club-aizawl-595"", ""youtube"": ""https://youtube.com/@victory-sports-club-aizawl-595""}"
56d413cd-1533-41ca-80f7-4e4aa0408aec,Dynamic Sports Institute Dimapur 596,dynamic-sports-institute-dimapur-596,25.880777,93.686208,Professional Swimming coaching academy offering structured training programs.,Swimming,"Plot 460, Central Park, Dimapur",Dimapur,Nagaland,+918858186127,"https://maps.google.com/?q=25.880777,93.686208",https://picsum.photos/seed/dynamic-sports-institute-dimapur-596/800/600,Tarun Reddy,Swimming,12 Years,Dynamic Sports Institute Dimapur 596,₹4345/month,"Kids Pool, Lifeguard Support, Changing Rooms, Olympic Pool",5:30 AM - 7:30 AM,5-10,Mixed,44,Swimming Federation Certified,4.5,411,False,"{""instagram"": ""https://instagram.com/dynamic-sports-institute-dimapur-596"", ""facebook"": ""https://facebook.com/dynamic-sports-institute-dimapur-596"", ""youtube"": ""https://youtube.com/@dynamic-sports-institute-dimapur-596""}"
49d48166-2eda-4a16-93cd-2ecabd6d8822,Royal Sports Academy Dimapur 597,royal-sports-academy-dimapur-597,25.883755,93.750729,Professional Volleyball coaching academy offering structured training programs.,Volleyball,"Plot 216, Sports Nagar, Dimapur",Dimapur,Nagaland,+917010823514,"https://maps.google.com/?q=25.883755,93.750729",https://picsum.photos/seed/royal-sports-academy-dimapur-597/800/600,Harish Joshi,Volleyball,4 Years,Royal Sports Academy Dimapur 597,₹3909/month,"Sand Court, Fitness Center, Flood Lights, Indoor Court",6:00 PM - 8:00 PM,18+,Girls,65,Volleyball Federation Certified,4.8,319,False,"{""instagram"": ""https://instagram.com/royal-sports-academy-dimapur-597"", ""facebook"": ""https://facebook.com/royal-sports-academy-dimapur-597"", ""youtube"": ""https://youtube.com/@royal-sports-academy-dimapur-597""}"
d1248e49-4872-4d97-a5a6-6f41217c62a4,Elite Sports Institute Kohima 598,elite-sports-institute-kohima-598,25.67173,94.119777,Professional Tennis coaching academy offering structured training programs.,Tennis,"Plot 303, Champions Street, Kohima",Kohima,Nagaland,+919520087167,"https://maps.google.com/?q=25.67173,94.119777",https://picsum.photos/seed/elite-sports-institute-kohima-598/800/600,Vikram Sharma,Tennis,23 Years,Elite Sports Institute Kohima 598,₹8323/month,"Hard Court, Ball Machine, Clay Court, Fitness Center",4:00 PM - 6:00 PM,10-15,Girls,85,AITA Certified Coach,4.0,115,False,"{""instagram"": ""https://instagram.com/elite-sports-institute-kohima-598"", ""facebook"": ""https://facebook.com/elite-sports-institute-kohima-598"", ""youtube"": ""https://youtube.com/@elite-sports-institute-kohima-598""}"
18c2306a-bf1a-4695-9dbc-3958230a8a6c,Elite Performance Academy Dimapur 599,elite-performance-academy-dimapur-599,25.888201,93.705394,Professional Cricket coaching academy offering structured training programs.,Cricket,"Plot 162, Central Park, Dimapur",Dimapur,Nagaland,+917483161058,"https://maps.google.com/?q=25.888201,93.705394",https://picsum.photos/seed/elite-performance-academy-dimapur-599/800/600,Naveen Verma,Cricket,10 Years,Elite Performance Academy Dimapur 599,₹5726/month,"Turf Nets, Bowling Machine, Gym, Video Analysis",6:00 AM - 8:00 AM,18+,Mixed,38,"BCCI Level 1, BCCI Level 2",4.5,479,False,"{""instagram"": ""https://instagram.com/elite-performance-academy-dimapur-599"", ""facebook"": ""https://facebook.com/elite-performance-academy-dimapur-599"", ""youtube"": ""https://youtube.com/@elite-performance-academy-dimapur-599""}"
8308fda5-cc8f-43dd-89f3-7fe11cbc0db0,National Sports Academy Dimapur 600,national-sports-academy-dimapur-600,25.916506,93.764317,Professional Tennis coaching academy offering structured training programs.,Tennis,"Plot 296, Central Park, Dimapur",Dimapur,Nagaland,+916792948068,"https://maps.google.com/?q=25.916506,93.764317",https://picsum.photos/seed/national-sports-academy-dimapur-600/800/600,Aman Pillai,Tennis,21 Years,National Sports Academy Dimapur 600,₹4742/month,"Hard Court, Clay Court, Fitness Center, Ball Machine",4:00 PM - 6:00 PM,10-15,Girls,66,AITA Certified Coach,4.0,500,True,"{""instagram"": ""https://instagram.com/national-sports-academy-dimapur-600"", ""facebook"": ""https://facebook.com/national-sports-academy-dimapur-600"", ""youtube"": ""https://youtube.com/@national-sports-academy-dimapur-600""}"
23a298aa-9f43-4b97-a233-b1561cbb1ebb,Legend Performance Academy Dimapur 601,legend-performance-academy-dimapur-601,25.955302,93.714705,Professional Athletics coaching academy offering structured training programs.,Athletics,"Plot 746, Central Park, Dimapur",Dimapur,Nagaland,+916298455147,"https://maps.google.com/?q=25.955302,93.714705",https://picsum.photos/seed/legend-performance-academy-dimapur-601/800/600,Harish Choudhary,Athletics,2 Years,Legend Performance Academy Dimapur 601,₹2785/month,"Fitness Center, Running Track, Gym, Recovery Zone",6:00 PM - 8:00 PM,All Ages,Boys,31,Athletics Federation Certified,4.4,224,False,"{""instagram"": ""https://instagram.com/legend-performance-academy-dimapur-601"", ""facebook"": ""https://facebook.com/legend-performance-academy-dimapur-601"", ""youtube"": ""https://youtube.com/@legend-performance-academy-dimapur-601""}"
e1078f27-692b-4a20-bb42-24a50e6c9461,Pro Athletic Center Dimapur 602,pro-athletic-center-dimapur-602,25.926839,93.76131,Professional Football coaching academy offering structured training programs.,Football,"Plot 385, Champions Street, Dimapur",Dimapur,Nagaland,+917491538414,"https://maps.google.com/?q=25.926839,93.76131",https://picsum.photos/seed/pro-athletic-center-dimapur-602/800/600,Rahul Gupta,Football,16 Years,Pro Athletic Center Dimapur 602,₹7150/month,"Flood Lights, Locker Rooms, Training Cones, Fitness Center",5:30 AM - 7:30 AM,All Ages,Mixed,68,"AIFF D License, AIFF C License",4.4,271,True,"{""instagram"": ""https://instagram.com/pro-athletic-center-dimapur-602"", ""facebook"": ""https://facebook.com/pro-athletic-center-dimapur-602"", ""youtube"": ""https://youtube.com/@pro-athletic-center-dimapur-602""}"
b24aa124-bd94-49dd-b182-b2dcad822f7c,Elite Athletic Center Kohima 603,elite-athletic-center-kohima-603,25.717114,94.093063,Professional Basketball coaching academy offering structured training programs.,Basketball,"Plot 735, Main Road, Kohima",Kohima,Nagaland,+917736946050,"https://maps.google.com/?q=25.717114,94.093063",https://picsum.photos/seed/elite-athletic-center-kohima-603/800/600,Lokesh Gupta,Basketball,3 Years,Elite Athletic Center Kohima 603,₹5671/month,"Indoor Court, Fitness Center, Locker Rooms, Outdoor Court",5:30 AM - 7:30 AM,15-18,Boys,29,Basketball Federation Certified,4.4,472,False,"{""instagram"": ""https://instagram.com/elite-athletic-center-kohima-603"", ""facebook"": ""https://facebook.com/elite-athletic-center-kohima-603"", ""youtube"": ""https://youtube.com/@elite-athletic-center-kohima-603""}"
ad94e197-d7f9-4eab-b033-cd16cdaf4cfc,Pro Performance Academy Kohima 604,pro-performance-academy-kohima-604,25.722745,94.150768,Professional Badminton coaching academy offering structured training programs.,Badminton,"Plot 422, Ring Road, Kohima",Kohima,Nagaland,+919901714108,"https://maps.google.com/?q=25.722745,94.150768",https://picsum.photos/seed/pro-performance-academy-kohima-604/800/600,Ajay Pillai,Badminton,13 Years,Pro Performance Academy Kohima 604,₹6372/month,"Shuttle Supply, Fitness Center, Wooden Courts, Indoor Courts",5:30 AM - 7:30 AM,15-18,Boys,26,BAI Certified Coach,4.1,221,False,"{""instagram"": ""https://instagram.com/pro-performance-academy-kohima-604"", ""facebook"": ""https://facebook.com/pro-performance-academy-kohima-604"", ""youtube"": ""https://youtube.com/@pro-performance-academy-kohima-604""}"
4bd80b56-41c3-42b2-b4d4-e42ae53c6b89,Master Sports Club Kohima 605,master-sports-club-kohima-605,25.651426,94.15751,Professional Swimming coaching academy offering structured training programs.,Swimming,"Plot 429, Sports Complex, Kohima",Kohima,Nagaland,+919637363705,"https://maps.google.com/?q=25.651426,94.15751",https://picsum.photos/seed/master-sports-club-kohima-605/800/600,Arjun Pillai,Swimming,23 Years,Master Sports Club Kohima 605,₹4530/month,"Olympic Pool, Lifeguard Support, Kids Pool, Changing Rooms",5:30 AM - 7:30 AM,10-15,Boys,45,Swimming Federation Certified,3.5,25,False,"{""instagram"": ""https://instagram.com/master-sports-club-kohima-605"", ""facebook"": ""https://facebook.com/master-sports-club-kohima-605"", ""youtube"": ""https://youtube.com/@master-sports-club-kohima-605""}"
2f0ef79b-2589-48fe-b7dc-1e0f90fa7248,Pro Sports Club Kohima 606,pro-sports-club-kohima-606,25.676552,94.103288,Professional Tennis coaching academy offering structured training programs.,Tennis,"Plot 275, Stadium Road, Kohima",Kohima,Nagaland,+918224309536,"https://maps.google.com/?q=25.676552,94.103288",https://picsum.photos/seed/pro-sports-club-kohima-606/800/600,Suresh Rao,Tennis,15 Years,Pro Sports Club Kohima 606,₹9657/month,"Hard Court, Clay Court, Ball Machine, Fitness Center",4:00 PM - 6:00 PM,15-18,Boys,72,AITA Certified Coach,4.3,176,False,"{""instagram"": ""https://instagram.com/pro-sports-club-kohima-606"", ""facebook"": ""https://facebook.com/pro-sports-club-kohima-606"", ""youtube"": ""https://youtube.com/@pro-sports-club-kohima-606""}"
64f8c78a-c99b-499d-82cb-728be09ee3b4,Victory Athletic Center Kohima 607,victory-athletic-center-kohima-607,25.641424,94.103143,Professional Swimming coaching academy offering structured training programs.,Swimming,"Plot 843, Sports Complex, Kohima",Kohima,Nagaland,+919171059541,"https://maps.google.com/?q=25.641424,94.103143",https://picsum.photos/seed/victory-athletic-center-kohima-607/800/600,Lokesh Mishra,Swimming,17 Years,Victory Athletic Center Kohima 607,₹4691/month,"Lifeguard Support, Olympic Pool, Changing Rooms, Kids Pool",6:00 AM - 8:00 AM,15-18,Boys,98,Swimming Federation Certified,4.7,306,True,"{""instagram"": ""https://instagram.com/victory-athletic-center-kohima-607"", ""facebook"": ""https://facebook.com/victory-athletic-center-kohima-607"", ""youtube"": ""https://youtube.com/@victory-athletic-center-kohima-607""}"
227cb813-1731-4112-b373-dadd0cedb7b0,Future Sports Academy Kohima 608,future-sports-academy-kohima-608,25.637288,94.109557,Professional Volleyball coaching academy offering structured training programs.,Volleyball,"Plot 308, Victory Avenue, Kohima",Kohima,Nagaland,+918017217470,"https://maps.google.com/?q=25.637288,94.109557",https://picsum.photos/seed/future-sports-academy-kohima-608/800/600,Suresh Nair,Volleyball,25 Years,Future Sports Academy Kohima 608,₹5955/month,"Fitness Center, Flood Lights, Indoor Court, Sand Court",6:00 AM - 8:00 AM,All Ages,Mixed,28,Volleyball Federation Certified,4.6,270,True,"{""instagram"": ""https://instagram.com/future-sports-academy-kohima-608"", ""facebook"": ""https://facebook.com/future-sports-academy-kohima-608"", ""youtube"": ""https://youtube.com/@future-sports-academy-kohima-608""}"
a75f25e8-0c68-427b-8ffa-ee947e6a811a,Pro Sports Institute Dimapur 609,pro-sports-institute-dimapur-609,25.895167,93.719335,Professional Athletics coaching academy offering structured training programs.,Athletics,"Plot 274, Athletic Colony, Dimapur",Dimapur,Nagaland,+918923657014,"https://maps.google.com/?q=25.895167,93.719335",https://picsum.photos/seed/pro-sports-institute-dimapur-609/800/600,Ajay Patel,Athletics,14 Years,Pro Sports Institute Dimapur 609,₹2189/month,"Running Track, Fitness Center, Recovery Zone, Gym",6:00 AM - 8:00 AM,All Ages,Boys,82,Athletics Federation Certified,4.9,405,False,"{""instagram"": ""https://instagram.com/pro-sports-institute-dimapur-609"", ""facebook"": ""https://facebook.com/pro-sports-institute-dimapur-609"", ""youtube"": ""https://youtube.com/@pro-sports-institute-dimapur-609""}"
721d21e3-dbbc-4031-896a-6103e8b43130,Star Performance Academy Dimapur 610,star-performance-academy-dimapur-610,25.863318,93.711685,Professional Tennis coaching academy offering structured training programs.,Tennis,"Plot 291, Sports Hub, Dimapur",Dimapur,Nagaland,+917184430217,"https://maps.google.com/?q=25.863318,93.711685",https://picsum.photos/seed/star-performance-academy-dimapur-610/800/600,Vikram Mishra,Tennis,14 Years,Star Performance Academy Dimapur 610,₹4361/month,"Hard Court, Ball Machine, Fitness Center, Clay Court",4:00 PM - 6:00 PM,15-18,Boys,70,AITA Certified Coach,4.9,156,False,"{""instagram"": ""https://instagram.com/star-performance-academy-dimapur-610"", ""facebook"": ""https://facebook.com/star-performance-academy-dimapur-610"", ""youtube"": ""https://youtube.com/@star-performance-academy-dimapur-610""}"
337e1037-2394-4cc9-aba4-7831ac7e08de,Legend Sports Institute Kohima 611,legend-sports-institute-kohima-611,25.709799,94.131456,Professional Tennis coaching academy offering structured training programs.,Tennis,"Plot 621, Main Road, Kohima",Kohima,Nagaland,+918943626585,"https://maps.google.com/?q=25.709799,94.131456",https://picsum.photos/seed/legend-sports-institute-kohima-611/800/600,Kiran Pillai,Tennis,4 Years,Legend Sports Institute Kohima 611,₹8262/month,"Fitness Center, Hard Court, Ball Machine, Clay Court",5:00 PM - 7:00 PM,10-15,Mixed,44,AITA Certified Coach,4.3,150,True,"{""instagram"": ""https://instagram.com/legend-sports-institute-kohima-611"", ""facebook"": ""https://facebook.com/legend-sports-institute-kohima-611"", ""youtube"": ""https://youtube.com/@legend-sports-institute-kohima-611""}"
244ed965-323c-4358-a2e3-8d06414b95cb,Master Sports Institute Dimapur 612,master-sports-institute-dimapur-612,25.879532,93.728946,Professional Athletics coaching academy offering structured training programs.,Athletics,"Plot 891, Sports Hub, Dimapur",Dimapur,Nagaland,+919347392314,"https://maps.google.com/?q=25.879532,93.728946",https://picsum.photos/seed/master-sports-institute-dimapur-612/800/600,Sanjay Pillai,Athletics,16 Years,Master Sports Institute Dimapur 612,₹3799/month,"Running Track, Fitness Center, Gym, Recovery Zone",4:00 PM - 6:00 PM,5-10,Mixed,27,Athletics Federation Certified,4.0,151,False,"{""instagram"": ""https://instagram.com/master-sports-institute-dimapur-612"", ""facebook"": ""https://facebook.com/master-sports-institute-dimapur-612"", ""youtube"": ""https://youtube.com/@master-sports-institute-dimapur-612""}"
f086f2b0-bcb5-4742-a0ef-72d8f9b40f1d,National Performance Academy Kohima 613,national-performance-academy-kohima-613,25.642825,94.154042,Professional Volleyball coaching academy offering structured training programs.,Volleyball,"Plot 706, Victory Avenue, Kohima",Kohima,Nagaland,+917372953415,"https://maps.google.com/?q=25.642825,94.154042",https://picsum.photos/seed/national-performance-academy-kohima-613/800/600,Tarun Nair,Volleyball,3 Years,National Performance Academy Kohima 613,₹3924/month,"Sand Court, Fitness Center, Flood Lights, Indoor Court",6:00 PM - 8:00 PM,All Ages,Boys,96,Volleyball Federation Certified,4.5,153,False,"{""instagram"": ""https://instagram.com/national-performance-academy-kohima-613"", ""facebook"": ""https://facebook.com/national-performance-academy-kohima-613"", ""youtube"": ""https://youtube.com/@national-performance-academy-kohima-613""}"
ab6c03eb-d13e-4689-bb84-e76bcc5f9a52,Champion Sports Academy Kohima 614,champion-sports-academy-kohima-614,25.684858,94.130785,Professional Cricket coaching academy offering structured training programs.,Cricket,"Plot 829, Sports Complex, Kohima",Kohima,Nagaland,+917383878830,"https://maps.google.com/?q=25.684858,94.130785",https://picsum.photos/seed/champion-sports-academy-kohima-614/800/600,Ajay Patel,Cricket,18 Years,Champion Sports Academy Kohima 614,₹8501/month,"Video Analysis, Turf Nets, Gym, Bowling Machine",5:30 AM - 7:30 AM,15-18,Mixed,49,"BCCI Level 1, BCCI Level 2",4.0,44,False,"{""instagram"": ""https://instagram.com/champion-sports-academy-kohima-614"", ""facebook"": ""https://facebook.com/champion-sports-academy-kohima-614"", ""youtube"": ""https://youtube.com/@champion-sports-academy-kohima-614""}"
6289c665-3da5-44fb-a146-dd570e024705,Royal Performance Academy Kohima 615,royal-performance-academy-kohima-615,25.71681,94.137603,Professional Football coaching academy offering structured training programs.,Football,"Plot 652, Stadium Road, Kohima",Kohima,Nagaland,+918320884397,"https://maps.google.com/?q=25.71681,94.137603",https://picsum.photos/seed/royal-performance-academy-kohima-615/800/600,Naveen Yadav,Football,12 Years,Royal Performance Academy Kohima 615,₹2508/month,"Fitness Center, Locker Rooms, Training Cones, Flood Lights",6:00 AM - 8:00 AM,15-18,Boys,83,"AIFF D License, AIFF C License",4.2,15,False,"{""instagram"": ""https://instagram.com/royal-performance-academy-kohima-615"", ""facebook"": ""https://facebook.com/royal-performance-academy-kohima-615"", ""youtube"": ""https://youtube.com/@royal-performance-academy-kohima-615""}"
2a9254d6-1f35-492d-888f-ff25aa4a7d71,Prime Performance Academy Kohima 616,prime-performance-academy-kohima-616,25.659921,94.144608,Professional Athletics coaching academy offering structured training programs.,Athletics,"Plot 838, Sports Complex, Kohima",Kohima,Nagaland,+917466471162,"https://maps.google.com/?q=25.659921,94.144608",https://picsum.photos/seed/prime-performance-academy-kohima-616/800/600,Deepak Verma,Athletics,7 Years,Prime Performance Academy Kohima 616,₹4938/month,"Gym, Fitness Center, Running Track, Recovery Zone",6:00 PM - 8:00 PM,10-15,Mixed,95,Athletics Federation Certified,3.6,202,True,"{""instagram"": ""https://instagram.com/prime-performance-academy-kohima-616"", ""facebook"": ""https://facebook.com/prime-performance-academy-kohima-616"", ""youtube"": ""https://youtube.com/@prime-performance-academy-kohima-616""}"
a039dfce-e4f1-4501-b5ae-e28b98f72896,Future Athletic Center Dimapur 617,future-athletic-center-dimapur-617,25.934658,93.736182,Professional Athletics coaching academy offering structured training programs.,Athletics,"Plot 514, Ring Road, Dimapur",Dimapur,Nagaland,+918415298168,"https://maps.google.com/?q=25.934658,93.736182",https://picsum.photos/seed/future-athletic-center-dimapur-617/800/600,Mahesh Sharma,Athletics,15 Years,Future Athletic Center Dimapur 617,₹3525/month,"Fitness Center, Running Track, Recovery Zone, Gym",5:30 AM - 7:30 AM,10-15,Girls,77,Athletics Federation Certified,3.7,196,False,"{""instagram"": ""https://instagram.com/future-athletic-center-dimapur-617"", ""facebook"": ""https://facebook.com/future-athletic-center-dimapur-617"", ""youtube"": ""https://youtube.com/@future-athletic-center-dimapur-617""}"
8e7506a0-3fcd-4578-9af6-3aa6f3c7e3c4,Star Sports Club Kohima 618,star-sports-club-kohima-618,25.648678,94.08782,Professional Basketball coaching academy offering structured training programs.,Basketball,"Plot 958, Ring Road, Kohima",Kohima,Nagaland,+918543196733,"https://maps.google.com/?q=25.648678,94.08782",https://picsum.photos/seed/star-sports-club-kohima-618/800/600,Tarun Choudhary,Basketball,20 Years,Star Sports Club Kohima 618,₹2724/month,"Outdoor Court, Fitness Center, Locker Rooms, Indoor Court",4:00 PM - 6:00 PM,5-10,Mixed,99,Basketball Federation Certified,3.5,46,True,"{""instagram"": ""https://instagram.com/star-sports-club-kohima-618"", ""facebook"": ""https://facebook.com/star-sports-club-kohima-618"", ""youtube"": ""https://youtube.com/@star-sports-club-kohima-618""}"
bdcc4f7b-02f9-4fa8-bf6e-ea1ae5e13f30,Future Training Center Dimapur 619,future-training-center-dimapur-619,25.868679,93.743329,Professional Football coaching academy offering structured training programs.,Football,"Plot 953, Victory Avenue, Dimapur",Dimapur,Nagaland,+916733908379,"https://maps.google.com/?q=25.868679,93.743329",https://picsum.photos/seed/future-training-center-dimapur-619/800/600,Deepak Kumar,Football,6 Years,Future Training Center Dimapur 619,₹6814/month,"Fitness Center, Natural Grass Ground, Training Cones, Locker Rooms",6:00 AM - 8:00 AM,5-10,Boys,97,"AIFF D License, AIFF C License",4.8,211,True,"{""instagram"": ""https://instagram.com/future-training-center-dimapur-619"", ""facebook"": ""https://facebook.com/future-training-center-dimapur-619"", ""youtube"": ""https://youtube.com/@future-training-center-dimapur-619""}"
5388bbd5-ad31-431d-ad39-f66e376ca4f8,Elite Athletic Center Kohima 620,elite-athletic-center-kohima-620,25.665258,94.107459,Professional Badminton coaching academy offering structured training programs.,Badminton,"Plot 446, Sports Nagar, Kohima",Kohima,Nagaland,+917666877599,"https://maps.google.com/?q=25.665258,94.107459",https://picsum.photos/seed/elite-athletic-center-kohima-620/800/600,Suresh Choudhary,Badminton,2 Years,Elite Athletic Center Kohima 620,₹3605/month,"Wooden Courts, Indoor Courts, Shuttle Supply, Fitness Center",5:00 PM - 7:00 PM,All Ages,Mixed,34,BAI Certified Coach,4.4,156,False,"{""instagram"": ""https://instagram.com/elite-athletic-center-kohima-620"", ""facebook"": ""https://facebook.com/elite-athletic-center-kohima-620"", ""youtube"": ""https://youtube.com/@elite-athletic-center-kohima-620""}"
23f24848-31b1-4ec8-b7ca-ed2f6f169e77,Legend Athletic Center Kohima 621,legend-athletic-center-kohima-621,25.683898,94.062234,Professional Basketball coaching academy offering structured training programs.,Basketball,"Plot 751, Athletic Colony, Kohima",Kohima,Nagaland,+918259562495,"https://maps.google.com/?q=25.683898,94.062234",https://picsum.photos/seed/legend-athletic-center-kohima-621/800/600,Arjun Joshi,Basketball,25 Years,Legend Athletic Center Kohima 621,₹6711/month,"Locker Rooms, Fitness Center, Indoor Court, Outdoor Court",6:00 PM - 8:00 PM,All Ages,Boys,40,Basketball Federation Certified,4.0,362,True,"{""instagram"": ""https://instagram.com/legend-athletic-center-kohima-621"", ""facebook"": ""https://facebook.com/legend-athletic-center-kohima-621"", ""youtube"": ""https://youtube.com/@legend-athletic-center-kohima-621""}"
a4326c64-fece-4aa6-b541-50f39b64ebf6,Future Performance Academy Dimapur 622,future-performance-academy-dimapur-622,25.934168,93.704734,Professional Athletics coaching academy offering structured training programs.,Athletics,"Plot 467, Athletic Colony, Dimapur",Dimapur,Nagaland,+918670810071,"https://maps.google.com/?q=25.934168,93.704734",https://picsum.photos/seed/future-performance-academy-dimapur-622/800/600,Arjun Nair,Athletics,10 Years,Future Performance Academy Dimapur 622,₹3716/month,"Running Track, Gym, Recovery Zone, Fitness Center",5:30 AM - 7:30 AM,10-15,Boys,75,Athletics Federation Certified,3.9,90,False,"{""instagram"": ""https://instagram.com/future-performance-academy-dimapur-622"", ""facebook"": ""https://facebook.com/future-performance-academy-dimapur-622"", ""youtube"": ""https://youtube.com/@future-performance-academy-dimapur-622""}"
ac7e3d71-e3db-463c-b397-339cb62e5588,Elite Performance Academy Kohima 623,elite-performance-academy-kohima-623,25.661334,94.112622,Professional Badminton coaching academy offering structured training programs.,Badminton,"Plot 204, Sports Hub, Kohima",Kohima,Nagaland,+916145388463,"https://maps.google.com/?q=25.661334,94.112622",https://picsum.photos/seed/elite-performance-academy-kohima-623/800/600,Ravi Reddy,Badminton,13 Years,Elite Performance Academy Kohima 623,₹6594/month,"Wooden Courts, Shuttle Supply, Indoor Courts, Fitness Center",5:00 PM - 7:00 PM,10-15,Boys,23,BAI Certified Coach,3.9,55,True,"{""instagram"": ""https://instagram.com/elite-performance-academy-kohima-623"", ""facebook"": ""https://facebook.com/elite-performance-academy-kohima-623"", ""youtube"": ""https://youtube.com/@elite-performance-academy-kohima-623""}"
6ae185e9-f9f9-4a82-906c-6b2ca7fb543c,Elite Athletic Center Dimapur 624,elite-athletic-center-dimapur-624,25.911632,93.715233,Professional Volleyball coaching academy offering structured training programs.,Volleyball,"Plot 550, Sports Complex, Dimapur",Dimapur,Nagaland,+916764407514,"https://maps.google.com/?q=25.911632,93.715233",https://picsum.photos/seed/elite-athletic-center-dimapur-624/800/600,Naveen Yadav,Volleyball,6 Years,Elite Athletic Center Dimapur 624,₹3846/month,"Sand Court, Indoor Court, Fitness Center, Flood Lights",5:00 PM - 7:00 PM,10-15,Boys,72,Volleyball Federation Certified,4.7,238,False,"{""instagram"": ""https://instagram.com/elite-athletic-center-dimapur-624"", ""facebook"": ""https://facebook.com/elite-athletic-center-dimapur-624"", ""youtube"": ""https://youtube.com/@elite-athletic-center-dimapur-624""}"
1801c3bc-7be8-4488-8403-5a8f081e2a6e,Victory Athletic Center Dimapur 625,victory-athletic-center-dimapur-625,25.9019,93.691594,Professional Cricket coaching academy offering structured training programs.,Cricket,"Plot 467, Sports Nagar, Dimapur",Dimapur,Nagaland,+917969001124,"https://maps.google.com/?q=25.9019,93.691594",https://picsum.photos/seed/victory-athletic-center-dimapur-625/800/600,Suresh Verma,Cricket,10 Years,Victory Athletic Center Dimapur 625,₹3769/month,"Gym, Video Analysis, Turf Nets, Practice Pitch",6:00 AM - 8:00 AM,10-15,Mixed,34,"BCCI Level 1, BCCI Level 2",4.9,200,False,"{""instagram"": ""https://instagram.com/victory-athletic-center-dimapur-625"", ""facebook"": ""https://facebook.com/victory-athletic-center-dimapur-625"", ""youtube"": ""https://youtube.com/@victory-athletic-center-dimapur-625""}"
99e5a9d3-a4f3-4c62-997e-c4db0c83af6a,Legend Sports Institute Dimapur 626,legend-sports-institute-dimapur-626,25.951932,93.722194,Professional Athletics coaching academy offering structured training programs.,Athletics,"Plot 679, Champions Street, Dimapur",Dimapur,Nagaland,+918387500992,"https://maps.google.com/?q=25.951932,93.722194",https://picsum.photos/seed/legend-sports-institute-dimapur-626/800/600,Lokesh Reddy,Athletics,4 Years,Legend Sports Institute Dimapur 626,₹3591/month,"Gym, Fitness Center, Recovery Zone, Running Track",6:00 PM - 8:00 PM,18+,Girls,33,Athletics Federation Certified,4.3,183,False,"{""instagram"": ""https://instagram.com/legend-sports-institute-dimapur-626"", ""facebook"": ""https://facebook.com/legend-sports-institute-dimapur-626"", ""youtube"": ""https://youtube.com/@legend-sports-institute-dimapur-626""}"
e18b264d-0240-4a71-b092-57f15136297f,Master Sports Institute Dimapur 627,master-sports-institute-dimapur-627,25.901672,93.720762,Professional Athletics coaching academy offering structured training programs.,Athletics,"Plot 677, Sports Nagar, Dimapur",Dimapur,Nagaland,+916780683653,"https://maps.google.com/?q=25.901672,93.720762",https://picsum.photos/seed/master-sports-institute-dimapur-627/800/600,Prakash Verma,Athletics,5 Years,Master Sports Institute Dimapur 627,₹3384/month,"Gym, Recovery Zone, Running Track, Fitness Center",5:30 AM - 7:30 AM,All Ages,Boys,22,Athletics Federation Certified,3.5,61,False,"{""instagram"": ""https://instagram.com/master-sports-institute-dimapur-627"", ""facebook"": ""https://facebook.com/master-sports-institute-dimapur-627"", ""youtube"": ""https://youtube.com/@master-sports-institute-dimapur-627""}"
6863e002-40db-4346-a5fc-4772a20af584,Prime Sports Institute Kohima 628,prime-sports-institute-kohima-628,25.65642,94.073309,Professional Swimming coaching academy offering structured training programs.,Swimming,"Plot 940, Sports Hub, Kohima",Kohima,Nagaland,+917752429862,"https://maps.google.com/?q=25.65642,94.073309",https://picsum.photos/seed/prime-sports-institute-kohima-628/800/600,Arjun Kumar,Swimming,5 Years,Prime Sports Institute Kohima 628,₹8513/month,"Kids Pool, Lifeguard Support, Olympic Pool, Changing Rooms",6:00 AM - 8:00 AM,5-10,Girls,34,Swimming Federation Certified,4.1,80,True,"{""instagram"": ""https://instagram.com/prime-sports-institute-kohima-628"", ""facebook"": ""https://facebook.com/prime-sports-institute-kohima-628"", ""youtube"": ""https://youtube.com/@prime-sports-institute-kohima-628""}"
4a3bbb4b-bb76-4c56-a510-cf3606f0cbc4,Future Performance Academy Dimapur 629,future-performance-academy-dimapur-629,25.864822,93.732547,Professional Football coaching academy offering structured training programs.,Football,"Plot 251, Victory Avenue, Dimapur",Dimapur,Nagaland,+916536498687,"https://maps.google.com/?q=25.864822,93.732547",https://picsum.photos/seed/future-performance-academy-dimapur-629/800/600,Lokesh Gupta,Football,8 Years,Future Performance Academy Dimapur 629,₹7553/month,"Fitness Center, Training Cones, Natural Grass Ground, Locker Rooms",6:00 AM - 8:00 AM,5-10,Mixed,53,"AIFF D License, AIFF C License",3.6,59,True,"{""instagram"": ""https://instagram.com/future-performance-academy-dimapur-629"", ""facebook"": ""https://facebook.com/future-performance-academy-dimapur-629"", ""youtube"": ""https://youtube.com/@future-performance-academy-dimapur-629""}"
18229aa2-cf83-4ddc-b804-47cca76bda59,Prime Training Center Dimapur 630,prime-training-center-dimapur-630,25.874396,93.695942,Professional Cricket coaching academy offering structured training programs.,Cricket,"Plot 457, Sports Hub, Dimapur",Dimapur,Nagaland,+918862912931,"https://maps.google.com/?q=25.874396,93.695942",https://picsum.photos/seed/prime-training-center-dimapur-630/800/600,Suresh Sharma,Cricket,22 Years,Prime Training Center Dimapur 630,₹7228/month,"Gym, Bowling Machine, Turf Nets, Practice Pitch",4:00 PM - 6:00 PM,5-10,Mixed,92,"BCCI Level 1, BCCI Level 2",4.4,240,True,"{""instagram"": ""https://instagram.com/prime-training-center-dimapur-630"", ""facebook"": ""https://facebook.com/prime-training-center-dimapur-630"", ""youtube"": ""https://youtube.com/@prime-training-center-dimapur-630""}"
86aec452-cb32-47e3-852e-a3885807e83d,National Sports Institute Rourkela 631,national-sports-institute-rourkela-631,22.277964,84.859287,Professional Basketball coaching academy offering structured training programs.,Basketball,"Plot 545, Athletic Colony, Rourkela",Rourkela,Odisha,+918297106462,"https://maps.google.com/?q=22.277964,84.859287",https://picsum.photos/seed/national-sports-institute-rourkela-631/800/600,Vikram Verma,Basketball,9 Years,National Sports Institute Rourkela 631,₹2843/month,"Fitness Center, Locker Rooms, Indoor Court, Outdoor Court",4:00 PM - 6:00 PM,18+,Mixed,41,Basketball Federation Certified,4.8,357,False,"{""instagram"": ""https://instagram.com/national-sports-institute-rourkela-631"", ""facebook"": ""https://facebook.com/national-sports-institute-rourkela-631"", ""youtube"": ""https://youtube.com/@national-sports-institute-rourkela-631""}"
a0f72b88-02a4-4969-a19f-c43f686dd6a0,Legend Athletic Center Bhubaneswar 632,legend-athletic-center-bhubaneswar-632,20.329122,85.817436,Professional Tennis coaching academy offering structured training programs.,Tennis,"Plot 129, Ring Road, Bhubaneswar",Bhubaneswar,Odisha,+918482084423,"https://maps.google.com/?q=20.329122,85.817436",https://picsum.photos/seed/legend-athletic-center-bhubaneswar-632/800/600,Sanjay Singh,Tennis,9 Years,Legend Athletic Center Bhubaneswar 632,₹10767/month,"Fitness Center, Clay Court, Ball Machine, Hard Court",6:00 AM - 8:00 AM,15-18,Mixed,97,AITA Certified Coach,4.8,293,False,"{""instagram"": ""https://instagram.com/legend-athletic-center-bhubaneswar-632"", ""facebook"": ""https://facebook.com/legend-athletic-center-bhubaneswar-632"", ""youtube"": ""https://youtube.com/@legend-athletic-center-bhubaneswar-632""}"
2b4fae22-62fe-4ef2-93f6-5d200226782d,National Performance Academy Bhubaneswar 633,national-performance-academy-bhubaneswar-633,20.337822,85.779014,Professional Swimming coaching academy offering structured training programs.,Swimming,"Plot 49, Victory Avenue, Bhubaneswar",Bhubaneswar,Odisha,+917861095705,"https://maps.google.com/?q=20.337822,85.779014",https://picsum.photos/seed/national-performance-academy-bhubaneswar-633/800/600,Prakash Choudhary,Swimming,23 Years,National Performance Academy Bhubaneswar 633,₹9727/month,"Changing Rooms, Olympic Pool, Lifeguard Support, Kids Pool",6:00 PM - 8:00 PM,18+,Girls,33,Swimming Federation Certified,4.4,271,False,"{""instagram"": ""https://instagram.com/national-performance-academy-bhubaneswar-633"", ""facebook"": ""https://facebook.com/national-performance-academy-bhubaneswar-633"", ""youtube"": ""https://youtube.com/@national-performance-academy-bhubaneswar-633""}"
b4a72dcc-6e90-4ff4-a7e1-e89a1692c75b,Champion Performance Academy Bhubaneswar 634,champion-performance-academy-bhubaneswar-634,20.276733,85.866315,Professional Cricket coaching academy offering structured training programs.,Cricket,"Plot 363, Sports Hub, Bhubaneswar",Bhubaneswar,Odisha,+918197672073,"https://maps.google.com/?q=20.276733,85.866315",https://picsum.photos/seed/champion-performance-academy-bhubaneswar-634/800/600,Rahul Patel,Cricket,10 Years,Champion Performance Academy Bhubaneswar 634,₹3859/month,"Video Analysis, Bowling Machine, Gym, Turf Nets",6:00 PM - 8:00 PM,5-10,Boys,30,"BCCI Level 1, BCCI Level 2",4.9,55,True,"{""instagram"": ""https://instagram.com/champion-performance-academy-bhubaneswar-634"", ""facebook"": ""https://facebook.com/champion-performance-academy-bhubaneswar-634"", ""youtube"": ""https://youtube.com/@champion-performance-academy-bhubaneswar-634""}"
2370cd8b-85e5-43f4-b453-c7f9fc311d54,Pro Sports Institute Bhubaneswar 635,pro-sports-institute-bhubaneswar-635,20.265792,85.844812,Professional Athletics coaching academy offering structured training programs.,Athletics,"Plot 735, Stadium Road, Bhubaneswar",Bhubaneswar,Odisha,+917607446835,"https://maps.google.com/?q=20.265792,85.844812",https://picsum.photos/seed/pro-sports-institute-bhubaneswar-635/800/600,Lokesh Kumar,Athletics,13 Years,Pro Sports Institute Bhubaneswar 635,₹2473/month,"Gym, Running Track, Recovery Zone, Fitness Center",4:00 PM - 6:00 PM,10-15,Mixed,75,Athletics Federation Certified,4.5,494,False,"{""instagram"": ""https://instagram.com/pro-sports-institute-bhubaneswar-635"", ""facebook"": ""https://facebook.com/pro-sports-institute-bhubaneswar-635"", ""youtube"": ""https://youtube.com/@pro-sports-institute-bhubaneswar-635""}"
80dbcca2-038a-405a-99ef-dae6d63b640e,Elite Training Center Cuttack 636,elite-training-center-cuttack-636,20.434253,85.927487,Professional Basketball coaching academy offering structured training programs.,Basketball,"Plot 180, Victory Avenue, Cuttack",Cuttack,Odisha,+916228650738,"https://maps.google.com/?q=20.434253,85.927487",https://picsum.photos/seed/elite-training-center-cuttack-636/800/600,Ravi Reddy,Basketball,8 Years,Elite Training Center Cuttack 636,₹2781/month,"Indoor Court, Fitness Center, Outdoor Court, Locker Rooms",5:30 AM - 7:30 AM,All Ages,Boys,29,Basketball Federation Certified,4.9,300,False,"{""instagram"": ""https://instagram.com/elite-training-center-cuttack-636"", ""facebook"": ""https://facebook.com/elite-training-center-cuttack-636"", ""youtube"": ""https://youtube.com/@elite-training-center-cuttack-636""}"
f9418d9b-401d-4061-bf6b-6dc349c0bf21,Royal Athletic Center Rourkela 637,royal-athletic-center-rourkela-637,22.240034,84.898649,Professional Cricket coaching academy offering structured training programs.,Cricket,"Plot 290, Ring Road, Rourkela",Rourkela,Odisha,+918844697348,"https://maps.google.com/?q=22.240034,84.898649",https://picsum.photos/seed/royal-athletic-center-rourkela-637/800/600,Suresh Mishra,Cricket,19 Years,Royal Athletic Center Rourkela 637,₹3745/month,"Video Analysis, Bowling Machine, Gym, Turf Nets",6:00 PM - 8:00 PM,18+,Girls,90,"BCCI Level 1, BCCI Level 2",4.6,147,True,"{""instagram"": ""https://instagram.com/royal-athletic-center-rourkela-637"", ""facebook"": ""https://facebook.com/royal-athletic-center-rourkela-637"", ""youtube"": ""https://youtube.com/@royal-athletic-center-rourkela-637""}"
34b5b5a4-9c5e-4402-9eee-ffb10171d47c,Elite Athletic Center Bhubaneswar 638,elite-athletic-center-bhubaneswar-638,20.341663,85.863072,Professional Football coaching academy offering structured training programs.,Football,"Plot 187, Champions Street, Bhubaneswar",Bhubaneswar,Odisha,+918339524123,"https://maps.google.com/?q=20.341663,85.863072",https://picsum.photos/seed/elite-athletic-center-bhubaneswar-638/800/600,Ravi Sharma,Football,6 Years,Elite Athletic Center Bhubaneswar 638,₹4181/month,"Fitness Center, Flood Lights, Training Cones, Locker Rooms",5:30 AM - 7:30 AM,5-10,Mixed,70,"AIFF D License, AIFF C License",4.4,34,False,"{""instagram"": ""https://instagram.com/elite-athletic-center-bhubaneswar-638"", ""facebook"": ""https://facebook.com/elite-athletic-center-bhubaneswar-638"", ""youtube"": ""https://youtube.com/@elite-athletic-center-bhubaneswar-638""}"
eb478aa7-286a-45a6-8c6a-7bce576ee538,Elite Sports Institute Cuttack 639,elite-sports-institute-cuttack-639,20.42381,85.843298,Professional Athletics coaching academy offering structured training programs.,Athletics,"Plot 639, Champions Street, Cuttack",Cuttack,Odisha,+919445549151,"https://maps.google.com/?q=20.42381,85.843298",https://picsum.photos/seed/elite-sports-institute-cuttack-639/800/600,Sanjay Kumar,Athletics,7 Years,Elite Sports Institute Cuttack 639,₹4788/month,"Running Track, Recovery Zone, Fitness Center, Gym",5:00 PM - 7:00 PM,15-18,Boys,42,Athletics Federation Certified,4.8,313,True,"{""instagram"": ""https://instagram.com/elite-sports-institute-cuttack-639"", ""facebook"": ""https://facebook.com/elite-sports-institute-cuttack-639"", ""youtube"": ""https://youtube.com/@elite-sports-institute-cuttack-639""}"
2d869af5-9a5c-44c6-99c9-ff64a9a2816e,Pro Sports Club Bhubaneswar 640,pro-sports-club-bhubaneswar-640,20.27438,85.819063,Professional Athletics coaching academy offering structured training programs.,Athletics,"Plot 263, Ring Road, Bhubaneswar",Bhubaneswar,Odisha,+916674198756,"https://maps.google.com/?q=20.27438,85.819063",https://picsum.photos/seed/pro-sports-club-bhubaneswar-640/800/600,Deepak Yadav,Athletics,4 Years,Pro Sports Club Bhubaneswar 640,₹4656/month,"Running Track, Fitness Center, Gym, Recovery Zone",6:00 PM - 8:00 PM,15-18,Boys,76,Athletics Federation Certified,4.2,76,False,"{""instagram"": ""https://instagram.com/pro-sports-club-bhubaneswar-640"", ""facebook"": ""https://facebook.com/pro-sports-club-bhubaneswar-640"", ""youtube"": ""https://youtube.com/@pro-sports-club-bhubaneswar-640""}"
312b35eb-5e5f-4e83-a803-8506655e5cc4,Royal Sports Institute Rourkela 641,royal-sports-institute-rourkela-641,22.236444,84.827337,Professional Tennis coaching academy offering structured training programs.,Tennis,"Plot 228, Stadium Road, Rourkela",Rourkela,Odisha,+916093813996,"https://maps.google.com/?q=22.236444,84.827337",https://picsum.photos/seed/royal-sports-institute-rourkela-641/800/600,Deepak Yadav,Tennis,20 Years,Royal Sports Institute Rourkela 641,₹6617/month,"Ball Machine, Fitness Center, Clay Court, Hard Court",4:00 PM - 6:00 PM,18+,Mixed,43,AITA Certified Coach,3.7,214,False,"{""instagram"": ""https://instagram.com/royal-sports-institute-rourkela-641"", ""facebook"": ""https://facebook.com/royal-sports-institute-rourkela-641"", ""youtube"": ""https://youtube.com/@royal-sports-institute-rourkela-641""}"
0bfd832f-610b-42fc-804c-5b3d6250b68e,Master Athletic Center Bhubaneswar 642,master-athletic-center-bhubaneswar-642,20.293161,85.8137,Professional Badminton coaching academy offering structured training programs.,Badminton,"Plot 740, Stadium Road, Bhubaneswar",Bhubaneswar,Odisha,+917059054317,"https://maps.google.com/?q=20.293161,85.8137",https://picsum.photos/seed/master-athletic-center-bhubaneswar-642/800/600,Suresh Yadav,Badminton,17 Years,Master Athletic Center Bhubaneswar 642,₹3675/month,"Indoor Courts, Fitness Center, Wooden Courts, Shuttle Supply",6:00 AM - 8:00 AM,15-18,Girls,38,BAI Certified Coach,3.9,114,True,"{""instagram"": ""https://instagram.com/master-athletic-center-bhubaneswar-642"", ""facebook"": ""https://facebook.com/master-athletic-center-bhubaneswar-642"", ""youtube"": ""https://youtube.com/@master-athletic-center-bhubaneswar-642""}"
fc6351da-be5f-429d-a650-c8616b1b6ae3,Pro Sports Club Rourkela 643,pro-sports-club-rourkela-643,22.240206,84.897296,Professional Basketball coaching academy offering structured training programs.,Basketball,"Plot 478, Champions Street, Rourkela",Rourkela,Odisha,+916446104953,"https://maps.google.com/?q=22.240206,84.897296",https://picsum.photos/seed/pro-sports-club-rourkela-643/800/600,Naveen Kumar,Basketball,19 Years,Pro Sports Club Rourkela 643,₹5165/month,"Outdoor Court, Fitness Center, Locker Rooms, Indoor Court",5:00 PM - 7:00 PM,15-18,Girls,41,Basketball Federation Certified,5.0,291,False,"{""instagram"": ""https://instagram.com/pro-sports-club-rourkela-643"", ""facebook"": ""https://facebook.com/pro-sports-club-rourkela-643"", ""youtube"": ""https://youtube.com/@pro-sports-club-rourkela-643""}"
b65c6480-b735-4630-b711-02196c590bda,Pro Athletic Center Cuttack 644,pro-athletic-center-cuttack-644,20.50916,85.92855,Professional Swimming coaching academy offering structured training programs.,Swimming,"Plot 394, Athletic Colony, Cuttack",Cuttack,Odisha,+917880785577,"https://maps.google.com/?q=20.50916,85.92855",https://picsum.photos/seed/pro-athletic-center-cuttack-644/800/600,Kiran Rao,Swimming,25 Years,Pro Athletic Center Cuttack 644,₹9431/month,"Kids Pool, Lifeguard Support, Olympic Pool, Changing Rooms",6:00 PM - 8:00 PM,5-10,Girls,95,Swimming Federation Certified,3.6,147,False,"{""instagram"": ""https://instagram.com/pro-athletic-center-cuttack-644"", ""facebook"": ""https://facebook.com/pro-athletic-center-cuttack-644"", ""youtube"": ""https://youtube.com/@pro-athletic-center-cuttack-644""}"
b5410ac4-dd22-434d-9eca-fdabbeb544cd,Star Performance Academy Bhubaneswar 645,star-performance-academy-bhubaneswar-645,20.293397,85.77888,Professional Badminton coaching academy offering structured training programs.,Badminton,"Plot 995, Athletic Colony, Bhubaneswar",Bhubaneswar,Odisha,+918401353628,"https://maps.google.com/?q=20.293397,85.77888",https://picsum.photos/seed/star-performance-academy-bhubaneswar-645/800/600,Sanjay Kumar,Badminton,24 Years,Star Performance Academy Bhubaneswar 645,₹2371/month,"Indoor Courts, Fitness Center, Wooden Courts, Shuttle Supply",4:00 PM - 6:00 PM,10-15,Girls,93,BAI Certified Coach,4.7,436,False,"{""instagram"": ""https://instagram.com/star-performance-academy-bhubaneswar-645"", ""facebook"": ""https://facebook.com/star-performance-academy-bhubaneswar-645"", ""youtube"": ""https://youtube.com/@star-performance-academy-bhubaneswar-645""}"
927a8a45-e171-4b1f-9b4a-ccdc7ea7b583,Master Performance Academy Cuttack 646,master-performance-academy-cuttack-646,20.475079,85.892632,Professional Football coaching academy offering structured training programs.,Football,"Plot 978, Main Road, Cuttack",Cuttack,Odisha,+917229571278,"https://maps.google.com/?q=20.475079,85.892632",https://picsum.photos/seed/master-performance-academy-cuttack-646/800/600,Prakash Nair,Football,5 Years,Master Performance Academy Cuttack 646,₹4045/month,"Training Cones, Locker Rooms, Flood Lights, Fitness Center",5:00 PM - 7:00 PM,15-18,Girls,48,"AIFF D License, AIFF C License",4.8,401,True,"{""instagram"": ""https://instagram.com/master-performance-academy-cuttack-646"", ""facebook"": ""https://facebook.com/master-performance-academy-cuttack-646"", ""youtube"": ""https://youtube.com/@master-performance-academy-cuttack-646""}"
59b41e28-a582-477f-b89b-cd527af29f64,Victory Training Center Bhubaneswar 647,victory-training-center-bhubaneswar-647,20.314451,85.81568,Professional Cricket coaching academy offering structured training programs.,Cricket,"Plot 253, Central Park, Bhubaneswar",Bhubaneswar,Odisha,+919158822244,"https://maps.google.com/?q=20.314451,85.81568",https://picsum.photos/seed/victory-training-center-bhubaneswar-647/800/600,Prakash Kumar,Cricket,16 Years,Victory Training Center Bhubaneswar 647,₹7616/month,"Turf Nets, Bowling Machine, Gym, Practice Pitch",5:00 PM - 7:00 PM,10-15,Girls,22,"BCCI Level 1, BCCI Level 2",4.0,40,False,"{""instagram"": ""https://instagram.com/victory-training-center-bhubaneswar-647"", ""facebook"": ""https://facebook.com/victory-training-center-bhubaneswar-647"", ""youtube"": ""https://youtube.com/@victory-training-center-bhubaneswar-647""}"
3e9d1307-d296-43dc-bda8-7582d4815e2d,Future Sports Club Cuttack 648,future-sports-club-cuttack-648,20.480735,85.876648,Professional Cricket coaching academy offering structured training programs.,Cricket,"Plot 615, Sports Hub, Cuttack",Cuttack,Odisha,+919306024775,"https://maps.google.com/?q=20.480735,85.876648",https://picsum.photos/seed/future-sports-club-cuttack-648/800/600,Mahesh Choudhary,Cricket,21 Years,Future Sports Club Cuttack 648,₹3782/month,"Practice Pitch, Video Analysis, Gym, Turf Nets",5:30 AM - 7:30 AM,15-18,Mixed,69,"BCCI Level 1, BCCI Level 2",4.6,81,False,"{""instagram"": ""https://instagram.com/future-sports-club-cuttack-648"", ""facebook"": ""https://facebook.com/future-sports-club-cuttack-648"", ""youtube"": ""https://youtube.com/@future-sports-club-cuttack-648""}"
d54b391a-072c-4e13-a93b-af1843308015,Victory Sports Club Cuttack 649,victory-sports-club-cuttack-649,20.512452,85.928132,Professional Cricket coaching academy offering structured training programs.,Cricket,"Plot 667, Ring Road, Cuttack",Cuttack,Odisha,+919356913981,"https://maps.google.com/?q=20.512452,85.928132",https://picsum.photos/seed/victory-sports-club-cuttack-649/800/600,Kiran Patel,Cricket,23 Years,Victory Sports Club Cuttack 649,₹8496/month,"Bowling Machine, Practice Pitch, Gym, Turf Nets",6:00 AM - 8:00 AM,10-15,Girls,87,"BCCI Level 1, BCCI Level 2",4.9,289,True,"{""instagram"": ""https://instagram.com/victory-sports-club-cuttack-649"", ""facebook"": ""https://facebook.com/victory-sports-club-cuttack-649"", ""youtube"": ""https://youtube.com/@victory-sports-club-cuttack-649""}"
c566933c-e512-4772-90c3-50bdbb50d028,Victory Performance Academy Rourkela 650,victory-performance-academy-rourkela-650,22.308036,84.901699,Professional Tennis coaching academy offering structured training programs.,Tennis,"Plot 914, Ring Road, Rourkela",Rourkela,Odisha,+918417099810,"https://maps.google.com/?q=22.308036,84.901699",https://picsum.photos/seed/victory-performance-academy-rourkela-650/800/600,Deepak Patel,Tennis,20 Years,Victory Performance Academy Rourkela 650,₹5367/month,"Hard Court, Fitness Center, Clay Court, Ball Machine",5:30 AM - 7:30 AM,All Ages,Boys,92,AITA Certified Coach,4.2,187,False,"{""instagram"": ""https://instagram.com/victory-performance-academy-rourkela-650"", ""facebook"": ""https://facebook.com/victory-performance-academy-rourkela-650"", ""youtube"": ""https://youtube.com/@victory-performance-academy-rourkela-650""}"
267e1ad5-6b24-4907-aec7-c29986da3201,Master Training Center Bhubaneswar 651,master-training-center-bhubaneswar-651,20.298391,85.790142,Professional Swimming coaching academy offering structured training programs.,Swimming,"Plot 357, Stadium Road, Bhubaneswar",Bhubaneswar,Odisha,+918264827134,"https://maps.google.com/?q=20.298391,85.790142",https://picsum.photos/seed/master-training-center-bhubaneswar-651/800/600,Rahul Choudhary,Swimming,20 Years,Master Training Center Bhubaneswar 651,₹4712/month,"Olympic Pool, Kids Pool, Lifeguard Support, Changing Rooms",5:00 PM - 7:00 PM,18+,Girls,38,Swimming Federation Certified,4.8,426,True,"{""instagram"": ""https://instagram.com/master-training-center-bhubaneswar-651"", ""facebook"": ""https://facebook.com/master-training-center-bhubaneswar-651"", ""youtube"": ""https://youtube.com/@master-training-center-bhubaneswar-651""}"
d03d1cdc-63d2-4cfb-8d04-ae9d8365a82f,Elite Training Center Cuttack 652,elite-training-center-cuttack-652,20.44334,85.884915,Professional Volleyball coaching academy offering structured training programs.,Volleyball,"Plot 708, Stadium Road, Cuttack",Cuttack,Odisha,+918574781594,"https://maps.google.com/?q=20.44334,85.884915",https://picsum.photos/seed/elite-training-center-cuttack-652/800/600,Prakash Verma,Volleyball,6 Years,Elite Training Center Cuttack 652,₹4910/month,"Flood Lights, Sand Court, Indoor Court, Fitness Center",5:30 AM - 7:30 AM,15-18,Mixed,21,Volleyball Federation Certified,4.6,344,False,"{""instagram"": ""https://instagram.com/elite-training-center-cuttack-652"", ""facebook"": ""https://facebook.com/elite-training-center-cuttack-652"", ""youtube"": ""https://youtube.com/@elite-training-center-cuttack-652""}"
e16b50ba-00f9-44ef-a55d-aabde88d7dc9,Champion Sports Institute Rourkela 653,champion-sports-institute-rourkela-653,22.253486,84.834481,Professional Volleyball coaching academy offering structured training programs.,Volleyball,"Plot 263, Ring Road, Rourkela",Rourkela,Odisha,+919313787396,"https://maps.google.com/?q=22.253486,84.834481",https://picsum.photos/seed/champion-sports-institute-rourkela-653/800/600,Ajay Joshi,Volleyball,7 Years,Champion Sports Institute Rourkela 653,₹4630/month,"Flood Lights, Indoor Court, Fitness Center, Sand Court",6:00 AM - 8:00 AM,All Ages,Mixed,30,Volleyball Federation Certified,3.7,87,True,"{""instagram"": ""https://instagram.com/champion-sports-institute-rourkela-653"", ""facebook"": ""https://facebook.com/champion-sports-institute-rourkela-653"", ""youtube"": ""https://youtube.com/@champion-sports-institute-rourkela-653""}"
4afbe0a8-e6db-4367-806c-e58bafe928a6,Victory Athletic Center Bhubaneswar 654,victory-athletic-center-bhubaneswar-654,20.301493,85.787599,Professional Basketball coaching academy offering structured training programs.,Basketball,"Plot 326, Stadium Road, Bhubaneswar",Bhubaneswar,Odisha,+919803661862,"https://maps.google.com/?q=20.301493,85.787599",https://picsum.photos/seed/victory-athletic-center-bhubaneswar-654/800/600,Ravi Patel,Basketball,9 Years,Victory Athletic Center Bhubaneswar 654,₹3953/month,"Outdoor Court, Indoor Court, Locker Rooms, Fitness Center",4:00 PM - 6:00 PM,5-10,Girls,50,Basketball Federation Certified,3.6,63,False,"{""instagram"": ""https://instagram.com/victory-athletic-center-bhubaneswar-654"", ""facebook"": ""https://facebook.com/victory-athletic-center-bhubaneswar-654"", ""youtube"": ""https://youtube.com/@victory-athletic-center-bhubaneswar-654""}"
4a958b88-1d32-419d-a3ab-125c6ba2b3c5,National Training Center Cuttack 655,national-training-center-cuttack-655,20.501685,85.908365,Professional Tennis coaching academy offering structured training programs.,Tennis,"Plot 962, Champions Street, Cuttack",Cuttack,Odisha,+917769796246,"https://maps.google.com/?q=20.501685,85.908365",https://picsum.photos/seed/national-training-center-cuttack-655/800/600,Ajay Gupta,Tennis,5 Years,National Training Center Cuttack 655,₹11169/month,"Fitness Center, Clay Court, Hard Court, Ball Machine",6:00 PM - 8:00 PM,18+,Girls,76,AITA Certified Coach,4.0,136,False,"{""instagram"": ""https://instagram.com/national-training-center-cuttack-655"", ""facebook"": ""https://facebook.com/national-training-center-cuttack-655"", ""youtube"": ""https://youtube.com/@national-training-center-cuttack-655""}"
b7f10323-36dc-4948-931d-9ba00cf577a3,Legend Performance Academy Rourkela 656,legend-performance-academy-rourkela-656,22.217417,84.814844,Professional Volleyball coaching academy offering structured training programs.,Volleyball,"Plot 380, Champions Street, Rourkela",Rourkela,Odisha,+919485070130,"https://maps.google.com/?q=22.217417,84.814844",https://picsum.photos/seed/legend-performance-academy-rourkela-656/800/600,Vikram Rao,Volleyball,9 Years,Legend Performance Academy Rourkela 656,₹4428/month,"Fitness Center, Flood Lights, Sand Court, Indoor Court",5:30 AM - 7:30 AM,18+,Girls,52,Volleyball Federation Certified,4.3,61,False,"{""instagram"": ""https://instagram.com/legend-performance-academy-rourkela-656"", ""facebook"": ""https://facebook.com/legend-performance-academy-rourkela-656"", ""youtube"": ""https://youtube.com/@legend-performance-academy-rourkela-656""}"
263bc5f6-e54c-47b4-89d8-77eed93c0c4c,Legend Sports Institute Bhubaneswar 657,legend-sports-institute-bhubaneswar-657,20.279349,85.80841,Professional Football coaching academy offering structured training programs.,Football,"Plot 695, Athletic Colony, Bhubaneswar",Bhubaneswar,Odisha,+917250336516,"https://maps.google.com/?q=20.279349,85.80841",https://picsum.photos/seed/legend-sports-institute-bhubaneswar-657/800/600,Suresh Mishra,Football,5 Years,Legend Sports Institute Bhubaneswar 657,₹2750/month,"Natural Grass Ground, Training Cones, Locker Rooms, Flood Lights",6:00 AM - 8:00 AM,All Ages,Boys,43,"AIFF D License, AIFF C License",4.6,472,False,"{""instagram"": ""https://instagram.com/legend-sports-institute-bhubaneswar-657"", ""facebook"": ""https://facebook.com/legend-sports-institute-bhubaneswar-657"", ""youtube"": ""https://youtube.com/@legend-sports-institute-bhubaneswar-657""}"
3607dde1-b2d5-4030-8483-e852321d3696,Prime Athletic Center Bhubaneswar 658,prime-athletic-center-bhubaneswar-658,20.273496,85.850359,Professional Cricket coaching academy offering structured training programs.,Cricket,"Plot 18, Athletic Colony, Bhubaneswar",Bhubaneswar,Odisha,+919796330115,"https://maps.google.com/?q=20.273496,85.850359",https://picsum.photos/seed/prime-athletic-center-bhubaneswar-658/800/600,Ravi Mishra,Cricket,11 Years,Prime Athletic Center Bhubaneswar 658,₹8891/month,"Practice Pitch, Gym, Turf Nets, Bowling Machine",4:00 PM - 6:00 PM,5-10,Mixed,65,"BCCI Level 1, BCCI Level 2",3.9,314,False,"{""instagram"": ""https://instagram.com/prime-athletic-center-bhubaneswar-658"", ""facebook"": ""https://facebook.com/prime-athletic-center-bhubaneswar-658"", ""youtube"": ""https://youtube.com/@prime-athletic-center-bhubaneswar-658""}"
b5fa0a2c-48d4-4f39-96cf-bd522d5b4b10,Royal Athletic Center Bhubaneswar 659,royal-athletic-center-bhubaneswar-659,20.290594,85.812537,Professional Swimming coaching academy offering structured training programs.,Swimming,"Plot 809, Ring Road, Bhubaneswar",Bhubaneswar,Odisha,+916180807371,"https://maps.google.com/?q=20.290594,85.812537",https://picsum.photos/seed/royal-athletic-center-bhubaneswar-659/800/600,Deepak Mishra,Swimming,11 Years,Royal Athletic Center Bhubaneswar 659,₹3818/month,"Olympic Pool, Lifeguard Support, Kids Pool, Changing Rooms",5:30 AM - 7:30 AM,All Ages,Boys,85,Swimming Federation Certified,4.2,254,True,"{""instagram"": ""https://instagram.com/royal-athletic-center-bhubaneswar-659"", ""facebook"": ""https://facebook.com/royal-athletic-center-bhubaneswar-659"", ""youtube"": ""https://youtube.com/@royal-athletic-center-bhubaneswar-659""}"
26acf88d-7eb5-4b16-9db2-1cee2264c5bf,Star Athletic Center Cuttack 660,star-athletic-center-cuttack-660,20.432071,85.845111,Professional Basketball coaching academy offering structured training programs.,Basketball,"Plot 812, Central Park, Cuttack",Cuttack,Odisha,+918003776679,"https://maps.google.com/?q=20.432071,85.845111",https://picsum.photos/seed/star-athletic-center-cuttack-660/800/600,Harish Patel,Basketball,20 Years,Star Athletic Center Cuttack 660,₹4167/month,"Outdoor Court, Indoor Court, Fitness Center, Locker Rooms",4:00 PM - 6:00 PM,15-18,Girls,92,Basketball Federation Certified,4.1,267,True,"{""instagram"": ""https://instagram.com/star-athletic-center-cuttack-660"", ""facebook"": ""https://facebook.com/star-athletic-center-cuttack-660"", ""youtube"": ""https://youtube.com/@star-athletic-center-cuttack-660""}"
9bda2639-c29c-47ef-a3ee-fbab7acf5978,Royal Sports Club Bhubaneswar 661,royal-sports-club-bhubaneswar-661,20.338613,85.856023,Professional Cricket coaching academy offering structured training programs.,Cricket,"Plot 111, Main Road, Bhubaneswar",Bhubaneswar,Odisha,+916633056791,"https://maps.google.com/?q=20.338613,85.856023",https://picsum.photos/seed/royal-sports-club-bhubaneswar-661/800/600,Arjun Joshi,Cricket,5 Years,Royal Sports Club Bhubaneswar 661,₹3035/month,"Bowling Machine, Video Analysis, Gym, Turf Nets",5:00 PM - 7:00 PM,18+,Girls,32,"BCCI Level 1, BCCI Level 2",3.5,452,True,"{""instagram"": ""https://instagram.com/royal-sports-club-bhubaneswar-661"", ""facebook"": ""https://facebook.com/royal-sports-club-bhubaneswar-661"", ""youtube"": ""https://youtube.com/@royal-sports-club-bhubaneswar-661""}"
2aa4fc68-f896-4bfb-94a3-59afb211b5ce,Legend Sports Club Bhubaneswar 662,legend-sports-club-bhubaneswar-662,20.31498,85.851227,Professional Football coaching academy offering structured training programs.,Football,"Plot 725, Victory Avenue, Bhubaneswar",Bhubaneswar,Odisha,+916057406152,"https://maps.google.com/?q=20.31498,85.851227",https://picsum.photos/seed/legend-sports-club-bhubaneswar-662/800/600,Suresh Rao,Football,13 Years,Legend Sports Club Bhubaneswar 662,₹3952/month,"Fitness Center, Flood Lights, Natural Grass Ground, Training Cones",5:30 AM - 7:30 AM,10-15,Boys,64,"AIFF D License, AIFF C License",3.6,116,True,"{""instagram"": ""https://instagram.com/legend-sports-club-bhubaneswar-662"", ""facebook"": ""https://facebook.com/legend-sports-club-bhubaneswar-662"", ""youtube"": ""https://youtube.com/@legend-sports-club-bhubaneswar-662""}"
030af4a5-b3b6-4a87-b019-12e9ee1137dd,Pro Athletic Center Bhubaneswar 663,pro-athletic-center-bhubaneswar-663,20.339591,85.813883,Professional Tennis coaching academy offering structured training programs.,Tennis,"Plot 30, Stadium Road, Bhubaneswar",Bhubaneswar,Odisha,+918991544658,"https://maps.google.com/?q=20.339591,85.813883",https://picsum.photos/seed/pro-athletic-center-bhubaneswar-663/800/600,Suresh Yadav,Tennis,17 Years,Pro Athletic Center Bhubaneswar 663,₹11569/month,"Ball Machine, Clay Court, Fitness Center, Hard Court",6:00 AM - 8:00 AM,18+,Girls,39,AITA Certified Coach,4.3,370,False,"{""instagram"": ""https://instagram.com/pro-athletic-center-bhubaneswar-663"", ""facebook"": ""https://facebook.com/pro-athletic-center-bhubaneswar-663"", ""youtube"": ""https://youtube.com/@pro-athletic-center-bhubaneswar-663""}"
62840fcb-30c9-43ad-8d8d-19492a54a177,Star Performance Academy Bhubaneswar 664,star-performance-academy-bhubaneswar-664,20.292534,85.842712,Professional Tennis coaching academy offering structured training programs.,Tennis,"Plot 851, Athletic Colony, Bhubaneswar",Bhubaneswar,Odisha,+917199865895,"https://maps.google.com/?q=20.292534,85.842712",https://picsum.photos/seed/star-performance-academy-bhubaneswar-664/800/600,Harish Singh,Tennis,2 Years,Star Performance Academy Bhubaneswar 664,₹4283/month,"Hard Court, Ball Machine, Clay Court, Fitness Center",6:00 PM - 8:00 PM,18+,Girls,82,AITA Certified Coach,4.9,51,True,"{""instagram"": ""https://instagram.com/star-performance-academy-bhubaneswar-664"", ""facebook"": ""https://facebook.com/star-performance-academy-bhubaneswar-664"", ""youtube"": ""https://youtube.com/@star-performance-academy-bhubaneswar-664""}"
e8258de8-748b-4ac2-a1d9-98d41c386e1d,Pro Sports Academy Bhubaneswar 665,pro-sports-academy-bhubaneswar-665,20.301982,85.842026,Professional Football coaching academy offering structured training programs.,Football,"Plot 118, Sports Nagar, Bhubaneswar",Bhubaneswar,Odisha,+918615125991,"https://maps.google.com/?q=20.301982,85.842026",https://picsum.photos/seed/pro-sports-academy-bhubaneswar-665/800/600,Deepak Reddy,Football,25 Years,Pro Sports Academy Bhubaneswar 665,₹3929/month,"Fitness Center, Flood Lights, Natural Grass Ground, Locker Rooms",4:00 PM - 6:00 PM,15-18,Boys,68,"AIFF D License, AIFF C License",4.4,36,False,"{""instagram"": ""https://instagram.com/pro-sports-academy-bhubaneswar-665"", ""facebook"": ""https://facebook.com/pro-sports-academy-bhubaneswar-665"", ""youtube"": ""https://youtube.com/@pro-sports-academy-bhubaneswar-665""}"
39d4119f-8576-4484-b9c3-e5b4f682dfeb,Champion Athletic Center Jalandhar 666,champion-athletic-center-jalandhar-666,31.371596,75.533334,Professional Badminton coaching academy offering structured training programs.,Badminton,"Plot 228, Sports Nagar, Jalandhar",Jalandhar,Punjab,+917085969996,"https://maps.google.com/?q=31.371596,75.533334",https://picsum.photos/seed/champion-athletic-center-jalandhar-666/800/600,Lokesh Singh,Badminton,7 Years,Champion Athletic Center Jalandhar 666,₹2242/month,"Fitness Center, Indoor Courts, Wooden Courts, Shuttle Supply",6:00 AM - 8:00 AM,10-15,Mixed,51,BAI Certified Coach,4.9,298,True,"{""instagram"": ""https://instagram.com/champion-athletic-center-jalandhar-666"", ""facebook"": ""https://facebook.com/champion-athletic-center-jalandhar-666"", ""youtube"": ""https://youtube.com/@champion-athletic-center-jalandhar-666""}"
a117fdb7-2713-4e9e-b34c-7c620eef0f5b,Future Sports Club Jalandhar 667,future-sports-club-jalandhar-667,31.314307,75.623023,Professional Cricket coaching academy offering structured training programs.,Cricket,"Plot 783, Ring Road, Jalandhar",Jalandhar,Punjab,+917173025316,"https://maps.google.com/?q=31.314307,75.623023",https://picsum.photos/seed/future-sports-club-jalandhar-667/800/600,Ajay Reddy,Cricket,6 Years,Future Sports Club Jalandhar 667,₹7649/month,"Turf Nets, Gym, Bowling Machine, Video Analysis",4:00 PM - 6:00 PM,18+,Girls,48,"BCCI Level 1, BCCI Level 2",4.8,421,True,"{""instagram"": ""https://instagram.com/future-sports-club-jalandhar-667"", ""facebook"": ""https://facebook.com/future-sports-club-jalandhar-667"", ""youtube"": ""https://youtube.com/@future-sports-club-jalandhar-667""}"
019145bc-4852-4582-a66c-5295cd0a6746,Master Athletic Center Amritsar 668,master-athletic-center-amritsar-668,31.626281,74.826358,Professional Football coaching academy offering structured training programs.,Football,"Plot 476, Sports Nagar, Amritsar",Amritsar,Punjab,+916573606216,"https://maps.google.com/?q=31.626281,74.826358",https://picsum.photos/seed/master-athletic-center-amritsar-668/800/600,Vikram Patel,Football,8 Years,Master Athletic Center Amritsar 668,₹3291/month,"Natural Grass Ground, Fitness Center, Flood Lights, Locker Rooms",5:00 PM - 7:00 PM,All Ages,Girls,90,"AIFF D License, AIFF C License",5.0,390,False,"{""instagram"": ""https://instagram.com/master-athletic-center-amritsar-668"", ""facebook"": ""https://facebook.com/master-athletic-center-amritsar-668"", ""youtube"": ""https://youtube.com/@master-athletic-center-amritsar-668""}"
89ac772c-ab5c-49ed-ab16-8b1653a5a178,National Athletic Center Amritsar 669,national-athletic-center-amritsar-669,31.605612,74.847367,Professional Swimming coaching academy offering structured training programs.,Swimming,"Plot 654, Central Park, Amritsar",Amritsar,Punjab,+917773436381,"https://maps.google.com/?q=31.605612,74.847367",https://picsum.photos/seed/national-athletic-center-amritsar-669/800/600,Suresh Nair,Swimming,22 Years,National Athletic Center Amritsar 669,₹8449/month,"Olympic Pool, Changing Rooms, Kids Pool, Lifeguard Support",6:00 PM - 8:00 PM,5-10,Girls,83,Swimming Federation Certified,4.3,163,True,"{""instagram"": ""https://instagram.com/national-athletic-center-amritsar-669"", ""facebook"": ""https://facebook.com/national-athletic-center-amritsar-669"", ""youtube"": ""https://youtube.com/@national-athletic-center-amritsar-669""}"
fbdd4119-cdbd-4e8d-a9f3-753d11714b70,Master Sports Academy Jalandhar 670,master-sports-academy-jalandhar-670,31.33906,75.588192,Professional Badminton coaching academy offering structured training programs.,Badminton,"Plot 578, Main Road, Jalandhar",Jalandhar,Punjab,+916661857253,"https://maps.google.com/?q=31.33906,75.588192",https://picsum.photos/seed/master-sports-academy-jalandhar-670/800/600,Kiran Yadav,Badminton,16 Years,Master Sports Academy Jalandhar 670,₹3828/month,"Indoor Courts, Shuttle Supply, Fitness Center, Wooden Courts",6:00 AM - 8:00 AM,10-15,Mixed,65,BAI Certified Coach,4.2,305,True,"{""instagram"": ""https://instagram.com/master-sports-academy-jalandhar-670"", ""facebook"": ""https://facebook.com/master-sports-academy-jalandhar-670"", ""youtube"": ""https://youtube.com/@master-sports-academy-jalandhar-670""}"
09100972-c323-4e06-89a7-56dcc4e31e1b,Dynamic Athletic Center Ludhiana 671,dynamic-athletic-center-ludhiana-671,30.90594,75.809293,Professional Football coaching academy offering structured training programs.,Football,"Plot 799, Champions Street, Ludhiana",Ludhiana,Punjab,+919214412968,"https://maps.google.com/?q=30.90594,75.809293",https://picsum.photos/seed/dynamic-athletic-center-ludhiana-671/800/600,Vikram Kumar,Football,18 Years,Dynamic Athletic Center Ludhiana 671,₹3165/month,"Flood Lights, Locker Rooms, Fitness Center, Natural Grass Ground",5:00 PM - 7:00 PM,15-18,Boys,61,"AIFF D License, AIFF C License",3.6,347,False,"{""instagram"": ""https://instagram.com/dynamic-athletic-center-ludhiana-671"", ""facebook"": ""https://facebook.com/dynamic-athletic-center-ludhiana-671"", ""youtube"": ""https://youtube.com/@dynamic-athletic-center-ludhiana-671""}"
3f19706a-df34-492e-9257-308046060586,Royal Training Center Jalandhar 672,royal-training-center-jalandhar-672,31.294478,75.54538,Professional Volleyball coaching academy offering structured training programs.,Volleyball,"Plot 791, Champions Street, Jalandhar",Jalandhar,Punjab,+918244831196,"https://maps.google.com/?q=31.294478,75.54538",https://picsum.photos/seed/royal-training-center-jalandhar-672/800/600,Sanjay Mishra,Volleyball,7 Years,Royal Training Center Jalandhar 672,₹4052/month,"Indoor Court, Fitness Center, Sand Court, Flood Lights",6:00 PM - 8:00 PM,15-18,Boys,84,Volleyball Federation Certified,3.9,209,False,"{""instagram"": ""https://instagram.com/royal-training-center-jalandhar-672"", ""facebook"": ""https://facebook.com/royal-training-center-jalandhar-672"", ""youtube"": ""https://youtube.com/@royal-training-center-jalandhar-672""}"
a9dabea8-7c59-4867-a628-4635a121b2d9,Dynamic Sports Institute Ludhiana 673,dynamic-sports-institute-ludhiana-673,30.928443,75.891125,Professional Cricket coaching academy offering structured training programs.,Cricket,"Plot 579, Sports Complex, Ludhiana",Ludhiana,Punjab,+919049729875,"https://maps.google.com/?q=30.928443,75.891125",https://picsum.photos/seed/dynamic-sports-institute-ludhiana-673/800/600,Aman Rao,Cricket,12 Years,Dynamic Sports Institute Ludhiana 673,₹6632/month,"Gym, Practice Pitch, Bowling Machine, Video Analysis",5:00 PM - 7:00 PM,10-15,Girls,97,"BCCI Level 1, BCCI Level 2",4.0,80,True,"{""instagram"": ""https://instagram.com/dynamic-sports-institute-ludhiana-673"", ""facebook"": ""https://facebook.com/dynamic-sports-institute-ludhiana-673"", ""youtube"": ""https://youtube.com/@dynamic-sports-institute-ludhiana-673""}"
6cbdf65f-19d3-4744-a7c4-30a01d061e1f,National Sports Club Amritsar 674,national-sports-club-amritsar-674,31.618996,74.834254,Professional Cricket coaching academy offering structured training programs.,Cricket,"Plot 363, Sports Hub, Amritsar",Amritsar,Punjab,+916862710801,"https://maps.google.com/?q=31.618996,74.834254",https://picsum.photos/seed/national-sports-club-amritsar-674/800/600,Kiran Patel,Cricket,19 Years,National Sports Club Amritsar 674,₹6813/month,"Bowling Machine, Practice Pitch, Gym, Video Analysis",4:00 PM - 6:00 PM,15-18,Boys,84,"BCCI Level 1, BCCI Level 2",4.1,150,True,"{""instagram"": ""https://instagram.com/national-sports-club-amritsar-674"", ""facebook"": ""https://facebook.com/national-sports-club-amritsar-674"", ""youtube"": ""https://youtube.com/@national-sports-club-amritsar-674""}"
1fc6f7d4-673a-4d86-add8-e0213bf900a7,Future Sports Academy Ludhiana 675,future-sports-academy-ludhiana-675,30.909063,75.86676,Professional Athletics coaching academy offering structured training programs.,Athletics,"Plot 798, Sports Complex, Ludhiana",Ludhiana,Punjab,+916276466592,"https://maps.google.com/?q=30.909063,75.86676",https://picsum.photos/seed/future-sports-academy-ludhiana-675/800/600,Tarun Rao,Athletics,13 Years,Future Sports Academy Ludhiana 675,₹2526/month,"Recovery Zone, Gym, Running Track, Fitness Center",4:00 PM - 6:00 PM,15-18,Girls,38,Athletics Federation Certified,3.9,317,False,"{""instagram"": ""https://instagram.com/future-sports-academy-ludhiana-675"", ""facebook"": ""https://facebook.com/future-sports-academy-ludhiana-675"", ""youtube"": ""https://youtube.com/@future-sports-academy-ludhiana-675""}"
396a0e63-4314-4019-b45d-fa6cdc791caa,Royal Training Center Amritsar 676,royal-training-center-amritsar-676,31.652806,74.912722,Professional Football coaching academy offering structured training programs.,Football,"Plot 323, Sports Hub, Amritsar",Amritsar,Punjab,+918151621256,"https://maps.google.com/?q=31.652806,74.912722",https://picsum.photos/seed/royal-training-center-amritsar-676/800/600,Rohit Reddy,Football,5 Years,Royal Training Center Amritsar 676,₹7016/month,"Fitness Center, Locker Rooms, Natural Grass Ground, Flood Lights",6:00 PM - 8:00 PM,15-18,Boys,56,"AIFF D License, AIFF C License",5.0,344,False,"{""instagram"": ""https://instagram.com/royal-training-center-amritsar-676"", ""facebook"": ""https://facebook.com/royal-training-center-amritsar-676"", ""youtube"": ""https://youtube.com/@royal-training-center-amritsar-676""}"
87555bf6-a052-4615-8aa2-444d9019295b,Royal Athletic Center Jalandhar 677,royal-athletic-center-jalandhar-677,31.294081,75.535936,Professional Swimming coaching academy offering structured training programs.,Swimming,"Plot 470, Sports Hub, Jalandhar",Jalandhar,Punjab,+917334298439,"https://maps.google.com/?q=31.294081,75.535936",https://picsum.photos/seed/royal-athletic-center-jalandhar-677/800/600,Kiran Rao,Swimming,20 Years,Royal Athletic Center Jalandhar 677,₹6785/month,"Kids Pool, Changing Rooms, Lifeguard Support, Olympic Pool",5:00 PM - 7:00 PM,All Ages,Girls,98,Swimming Federation Certified,4.3,265,False,"{""instagram"": ""https://instagram.com/royal-athletic-center-jalandhar-677"", ""facebook"": ""https://facebook.com/royal-athletic-center-jalandhar-677"", ""youtube"": ""https://youtube.com/@royal-athletic-center-jalandhar-677""}"
50bd12e2-a53f-4e07-a5d7-990ceb0a7627,Victory Sports Academy Amritsar 678,victory-sports-academy-amritsar-678,31.591356,74.920306,Professional Cricket coaching academy offering structured training programs.,Cricket,"Plot 777, Sports Hub, Amritsar",Amritsar,Punjab,+917174256309,"https://maps.google.com/?q=31.591356,74.920306",https://picsum.photos/seed/victory-sports-academy-amritsar-678/800/600,Kiran Verma,Cricket,9 Years,Victory Sports Academy Amritsar 678,₹5877/month,"Video Analysis, Bowling Machine, Practice Pitch, Turf Nets",4:00 PM - 6:00 PM,10-15,Mixed,97,"BCCI Level 1, BCCI Level 2",3.9,217,True,"{""instagram"": ""https://instagram.com/victory-sports-academy-amritsar-678"", ""facebook"": ""https://facebook.com/victory-sports-academy-amritsar-678"", ""youtube"": ""https://youtube.com/@victory-sports-academy-amritsar-678""}"
b49bccc6-c59b-437a-b231-66bd0d3189e0,Legend Athletic Center Jalandhar 679,legend-athletic-center-jalandhar-679,31.339214,75.579674,Professional Athletics coaching academy offering structured training programs.,Athletics,"Plot 266, Central Park, Jalandhar",Jalandhar,Punjab,+916102071365,"https://maps.google.com/?q=31.339214,75.579674",https://picsum.photos/seed/legend-athletic-center-jalandhar-679/800/600,Aman Yadav,Athletics,9 Years,Legend Athletic Center Jalandhar 679,₹3118/month,"Gym, Recovery Zone, Running Track, Fitness Center",5:00 PM - 7:00 PM,15-18,Mixed,98,Athletics Federation Certified,4.4,47,True,"{""instagram"": ""https://instagram.com/legend-athletic-center-jalandhar-679"", ""facebook"": ""https://facebook.com/legend-athletic-center-jalandhar-679"", ""youtube"": ""https://youtube.com/@legend-athletic-center-jalandhar-679""}"
84817156-9f41-4280-82e4-d3642f45d89f,Prime Training Center Ludhiana 680,prime-training-center-ludhiana-680,30.903452,75.866478,Professional Swimming coaching academy offering structured training programs.,Swimming,"Plot 373, Sports Nagar, Ludhiana",Ludhiana,Punjab,+917846758334,"https://maps.google.com/?q=30.903452,75.866478",https://picsum.photos/seed/prime-training-center-ludhiana-680/800/600,Suresh Verma,Swimming,14 Years,Prime Training Center Ludhiana 680,₹6591/month,"Changing Rooms, Lifeguard Support, Kids Pool, Olympic Pool",4:00 PM - 6:00 PM,10-15,Mixed,63,Swimming Federation Certified,5.0,493,True,"{""instagram"": ""https://instagram.com/prime-training-center-ludhiana-680"", ""facebook"": ""https://facebook.com/prime-training-center-ludhiana-680"", ""youtube"": ""https://youtube.com/@prime-training-center-ludhiana-680""}"
acf4eea0-4dbb-4d51-988e-33a7f4c11af8,Legend Sports Institute Ludhiana 681,legend-sports-institute-ludhiana-681,30.916536,75.883099,Professional Football coaching academy offering structured training programs.,Football,"Plot 318, Sports Nagar, Ludhiana",Ludhiana,Punjab,+919767845068,"https://maps.google.com/?q=30.916536,75.883099",https://picsum.photos/seed/legend-sports-institute-ludhiana-681/800/600,Tarun Choudhary,Football,21 Years,Legend Sports Institute Ludhiana 681,₹4672/month,"Flood Lights, Natural Grass Ground, Fitness Center, Locker Rooms",5:30 AM - 7:30 AM,15-18,Mixed,63,"AIFF D License, AIFF C License",4.6,178,False,"{""instagram"": ""https://instagram.com/legend-sports-institute-ludhiana-681"", ""facebook"": ""https://facebook.com/legend-sports-institute-ludhiana-681"", ""youtube"": ""https://youtube.com/@legend-sports-institute-ludhiana-681""}"
709c4ca9-6eed-4b72-9877-49599343ec4a,Champion Sports Club Amritsar 682,champion-sports-club-amritsar-682,31.600901,74.907215,Professional Athletics coaching academy offering structured training programs.,Athletics,"Plot 928, Victory Avenue, Amritsar",Amritsar,Punjab,+917003799213,"https://maps.google.com/?q=31.600901,74.907215",https://picsum.photos/seed/champion-sports-club-amritsar-682/800/600,Suresh Kumar,Athletics,21 Years,Champion Sports Club Amritsar 682,₹2584/month,"Fitness Center, Gym, Recovery Zone, Running Track",5:00 PM - 7:00 PM,All Ages,Boys,56,Athletics Federation Certified,4.6,496,True,"{""instagram"": ""https://instagram.com/champion-sports-club-amritsar-682"", ""facebook"": ""https://facebook.com/champion-sports-club-amritsar-682"", ""youtube"": ""https://youtube.com/@champion-sports-club-amritsar-682""}"
e7bf37cd-e9da-4f7b-9608-77b9826374ad,Dynamic Sports Club Jalandhar 683,dynamic-sports-club-jalandhar-683,31.284752,75.586862,Professional Tennis coaching academy offering structured training programs.,Tennis,"Plot 707, Sports Hub, Jalandhar",Jalandhar,Punjab,+919490916773,"https://maps.google.com/?q=31.284752,75.586862",https://picsum.photos/seed/dynamic-sports-club-jalandhar-683/800/600,Ravi Sharma,Tennis,19 Years,Dynamic Sports Club Jalandhar 683,₹10250/month,"Ball Machine, Clay Court, Fitness Center, Hard Court",6:00 PM - 8:00 PM,10-15,Mixed,49,AITA Certified Coach,4.1,500,True,"{""instagram"": ""https://instagram.com/dynamic-sports-club-jalandhar-683"", ""facebook"": ""https://facebook.com/dynamic-sports-club-jalandhar-683"", ""youtube"": ""https://youtube.com/@dynamic-sports-club-jalandhar-683""}"
ec2a9fb8-e2b0-438e-9233-fbd3bcd2aabd,Prime Sports Institute Ludhiana 684,prime-sports-institute-ludhiana-684,30.852419,75.887555,Professional Tennis coaching academy offering structured training programs.,Tennis,"Plot 828, Sports Hub, Ludhiana",Ludhiana,Punjab,+918803233725,"https://maps.google.com/?q=30.852419,75.887555",https://picsum.photos/seed/prime-sports-institute-ludhiana-684/800/600,Rohit Verma,Tennis,2 Years,Prime Sports Institute Ludhiana 684,₹9590/month,"Fitness Center, Clay Court, Hard Court, Ball Machine",6:00 AM - 8:00 AM,All Ages,Mixed,44,AITA Certified Coach,4.7,422,False,"{""instagram"": ""https://instagram.com/prime-sports-institute-ludhiana-684"", ""facebook"": ""https://facebook.com/prime-sports-institute-ludhiana-684"", ""youtube"": ""https://youtube.com/@prime-sports-institute-ludhiana-684""}"
35844a13-5db2-4fee-9dc3-1c7c4dcdb1f6,Dynamic Sports Institute Amritsar 685,dynamic-sports-institute-amritsar-685,31.642475,74.917759,Professional Football coaching academy offering structured training programs.,Football,"Plot 156, Ring Road, Amritsar",Amritsar,Punjab,+919273197773,"https://maps.google.com/?q=31.642475,74.917759",https://picsum.photos/seed/dynamic-sports-institute-amritsar-685/800/600,Lokesh Verma,Football,10 Years,Dynamic Sports Institute Amritsar 685,₹3520/month,"Flood Lights, Locker Rooms, Training Cones, Natural Grass Ground",5:00 PM - 7:00 PM,5-10,Mixed,29,"AIFF D License, AIFF C License",4.4,455,True,"{""instagram"": ""https://instagram.com/dynamic-sports-institute-amritsar-685"", ""facebook"": ""https://facebook.com/dynamic-sports-institute-amritsar-685"", ""youtube"": ""https://youtube.com/@dynamic-sports-institute-amritsar-685""}"
7c249b59-0f7c-4e25-a4a4-47d726e0f374,Future Sports Academy Amritsar 686,future-sports-academy-amritsar-686,31.643931,74.841787,Professional Tennis coaching academy offering structured training programs.,Tennis,"Plot 871, Champions Street, Amritsar",Amritsar,Punjab,+916326703834,"https://maps.google.com/?q=31.643931,74.841787",https://picsum.photos/seed/future-sports-academy-amritsar-686/800/600,Tarun Pillai,Tennis,2 Years,Future Sports Academy Amritsar 686,₹9713/month,"Ball Machine, Fitness Center, Hard Court, Clay Court",5:30 AM - 7:30 AM,5-10,Mixed,33,AITA Certified Coach,3.6,12,False,"{""instagram"": ""https://instagram.com/future-sports-academy-amritsar-686"", ""facebook"": ""https://facebook.com/future-sports-academy-amritsar-686"", ""youtube"": ""https://youtube.com/@future-sports-academy-amritsar-686""}"
63f9e300-260b-42f2-840b-ac42bc552943,Victory Sports Club Jalandhar 687,victory-sports-club-jalandhar-687,31.305217,75.547775,Professional Football coaching academy offering structured training programs.,Football,"Plot 645, Sports Complex, Jalandhar",Jalandhar,Punjab,+916340851154,"https://maps.google.com/?q=31.305217,75.547775",https://picsum.photos/seed/victory-sports-club-jalandhar-687/800/600,Ajay Verma,Football,12 Years,Victory Sports Club Jalandhar 687,₹2882/month,"Natural Grass Ground, Fitness Center, Training Cones, Locker Rooms",4:00 PM - 6:00 PM,10-15,Mixed,51,"AIFF D License, AIFF C License",4.1,63,False,"{""instagram"": ""https://instagram.com/victory-sports-club-jalandhar-687"", ""facebook"": ""https://facebook.com/victory-sports-club-jalandhar-687"", ""youtube"": ""https://youtube.com/@victory-sports-club-jalandhar-687""}"
bdc6a9f2-be43-4c36-a3f3-89f740025fb6,National Sports Academy Ludhiana 688,national-sports-academy-ludhiana-688,30.910786,75.884863,Professional Basketball coaching academy offering structured training programs.,Basketball,"Plot 17, Sports Complex, Ludhiana",Ludhiana,Punjab,+917908364544,"https://maps.google.com/?q=30.910786,75.884863",https://picsum.photos/seed/national-sports-academy-ludhiana-688/800/600,Ajay Joshi,Basketball,4 Years,National Sports Academy Ludhiana 688,₹4752/month,"Outdoor Court, Indoor Court, Fitness Center, Locker Rooms",6:00 AM - 8:00 AM,18+,Boys,33,Basketball Federation Certified,4.2,469,True,"{""instagram"": ""https://instagram.com/national-sports-academy-ludhiana-688"", ""facebook"": ""https://facebook.com/national-sports-academy-ludhiana-688"", ""youtube"": ""https://youtube.com/@national-sports-academy-ludhiana-688""}"
9013aec3-a9ff-438b-9344-5a61687a57e7,National Athletic Center Jalandhar 689,national-athletic-center-jalandhar-689,31.316133,75.599844,Professional Swimming coaching academy offering structured training programs.,Swimming,"Plot 52, Champions Street, Jalandhar",Jalandhar,Punjab,+917656885308,"https://maps.google.com/?q=31.316133,75.599844",https://picsum.photos/seed/national-athletic-center-jalandhar-689/800/600,Vikram Reddy,Swimming,21 Years,National Athletic Center Jalandhar 689,₹4138/month,"Olympic Pool, Kids Pool, Lifeguard Support, Changing Rooms",5:00 PM - 7:00 PM,All Ages,Mixed,38,Swimming Federation Certified,4.7,197,False,"{""instagram"": ""https://instagram.com/national-athletic-center-jalandhar-689"", ""facebook"": ""https://facebook.com/national-athletic-center-jalandhar-689"", ""youtube"": ""https://youtube.com/@national-athletic-center-jalandhar-689""}"
95e1dc4e-a373-4c5e-8a62-2b1c32b096b5,Victory Sports Academy Amritsar 690,victory-sports-academy-amritsar-690,31.614016,74.891893,Professional Tennis coaching academy offering structured training programs.,Tennis,"Plot 145, Main Road, Amritsar",Amritsar,Punjab,+918043269915,"https://maps.google.com/?q=31.614016,74.891893",https://picsum.photos/seed/victory-sports-academy-amritsar-690/800/600,Vikram Gupta,Tennis,4 Years,Victory Sports Academy Amritsar 690,₹10590/month,"Hard Court, Clay Court, Ball Machine, Fitness Center",4:00 PM - 6:00 PM,18+,Mixed,93,AITA Certified Coach,4.5,409,False,"{""instagram"": ""https://instagram.com/victory-sports-academy-amritsar-690"", ""facebook"": ""https://facebook.com/victory-sports-academy-amritsar-690"", ""youtube"": ""https://youtube.com/@victory-sports-academy-amritsar-690""}"
262fbdd0-45f8-414e-a8d6-8dc3ab39b22a,Dynamic Performance Academy Jalandhar 691,dynamic-performance-academy-jalandhar-691,31.307684,75.559265,Professional Basketball coaching academy offering structured training programs.,Basketball,"Plot 383, Stadium Road, Jalandhar",Jalandhar,Punjab,+917505495859,"https://maps.google.com/?q=31.307684,75.559265",https://picsum.photos/seed/dynamic-performance-academy-jalandhar-691/800/600,Ravi Yadav,Basketball,23 Years,Dynamic Performance Academy Jalandhar 691,₹5347/month,"Locker Rooms, Outdoor Court, Indoor Court, Fitness Center",4:00 PM - 6:00 PM,18+,Girls,25,Basketball Federation Certified,3.5,219,False,"{""instagram"": ""https://instagram.com/dynamic-performance-academy-jalandhar-691"", ""facebook"": ""https://facebook.com/dynamic-performance-academy-jalandhar-691"", ""youtube"": ""https://youtube.com/@dynamic-performance-academy-jalandhar-691""}"
c45c19e9-bc1b-4cdd-8b28-6cb4ed6b311c,Prime Sports Institute Ludhiana 692,prime-sports-institute-ludhiana-692,30.93994,75.87598,Professional Volleyball coaching academy offering structured training programs.,Volleyball,"Plot 607, Ring Road, Ludhiana",Ludhiana,Punjab,+917479098559,"https://maps.google.com/?q=30.93994,75.87598",https://picsum.photos/seed/prime-sports-institute-ludhiana-692/800/600,Prakash Mishra,Volleyball,20 Years,Prime Sports Institute Ludhiana 692,₹3723/month,"Sand Court, Fitness Center, Flood Lights, Indoor Court",5:30 AM - 7:30 AM,15-18,Girls,31,Volleyball Federation Certified,3.7,453,True,"{""instagram"": ""https://instagram.com/prime-sports-institute-ludhiana-692"", ""facebook"": ""https://facebook.com/prime-sports-institute-ludhiana-692"", ""youtube"": ""https://youtube.com/@prime-sports-institute-ludhiana-692""}"
6c554911-e43f-459f-8dba-29f0ea5699cd,Future Athletic Center Amritsar 693,future-athletic-center-amritsar-693,31.678872,74.836151,Professional Cricket coaching academy offering structured training programs.,Cricket,"Plot 957, Sports Nagar, Amritsar",Amritsar,Punjab,+916939699527,"https://maps.google.com/?q=31.678872,74.836151",https://picsum.photos/seed/future-athletic-center-amritsar-693/800/600,Rahul Nair,Cricket,22 Years,Future Athletic Center Amritsar 693,₹3978/month,"Bowling Machine, Video Analysis, Gym, Turf Nets",5:00 PM - 7:00 PM,18+,Girls,86,"BCCI Level 1, BCCI Level 2",4.6,236,True,"{""instagram"": ""https://instagram.com/future-athletic-center-amritsar-693"", ""facebook"": ""https://facebook.com/future-athletic-center-amritsar-693"", ""youtube"": ""https://youtube.com/@future-athletic-center-amritsar-693""}"
01eaeb85-1c7d-4870-8c89-ef87ed67497f,Prime Sports Club Ludhiana 694,prime-sports-club-ludhiana-694,30.930415,75.894358,Professional Football coaching academy offering structured training programs.,Football,"Plot 103, Victory Avenue, Ludhiana",Ludhiana,Punjab,+916235594450,"https://maps.google.com/?q=30.930415,75.894358",https://picsum.photos/seed/prime-sports-club-ludhiana-694/800/600,Mahesh Verma,Football,3 Years,Prime Sports Club Ludhiana 694,₹5098/month,"Natural Grass Ground, Locker Rooms, Fitness Center, Flood Lights",5:30 AM - 7:30 AM,18+,Girls,85,"AIFF D License, AIFF C License",4.8,210,True,"{""instagram"": ""https://instagram.com/prime-sports-club-ludhiana-694"", ""facebook"": ""https://facebook.com/prime-sports-club-ludhiana-694"", ""youtube"": ""https://youtube.com/@prime-sports-club-ludhiana-694""}"
21c3328a-4b35-4981-be60-baeea4b320df,Future Performance Academy Jalandhar 695,future-performance-academy-jalandhar-695,31.374197,75.552647,Professional Football coaching academy offering structured training programs.,Football,"Plot 788, Sports Complex, Jalandhar",Jalandhar,Punjab,+919637498664,"https://maps.google.com/?q=31.374197,75.552647",https://picsum.photos/seed/future-performance-academy-jalandhar-695/800/600,Vikram Verma,Football,18 Years,Future Performance Academy Jalandhar 695,₹3826/month,"Natural Grass Ground, Training Cones, Locker Rooms, Flood Lights",4:00 PM - 6:00 PM,All Ages,Boys,38,"AIFF D License, AIFF C License",4.2,475,True,"{""instagram"": ""https://instagram.com/future-performance-academy-jalandhar-695"", ""facebook"": ""https://facebook.com/future-performance-academy-jalandhar-695"", ""youtube"": ""https://youtube.com/@future-performance-academy-jalandhar-695""}"
a77c6105-1f24-47b3-aa29-ca7a460ff608,Future Sports Institute Amritsar 696,future-sports-institute-amritsar-696,31.639801,74.921385,Professional Football coaching academy offering structured training programs.,Football,"Plot 735, Ring Road, Amritsar",Amritsar,Punjab,+918803315569,"https://maps.google.com/?q=31.639801,74.921385",https://picsum.photos/seed/future-sports-institute-amritsar-696/800/600,Rahul Pillai,Football,17 Years,Future Sports Institute Amritsar 696,₹6101/month,"Fitness Center, Locker Rooms, Training Cones, Natural Grass Ground",5:30 AM - 7:30 AM,18+,Mixed,70,"AIFF D License, AIFF C License",4.7,410,True,"{""instagram"": ""https://instagram.com/future-sports-institute-amritsar-696"", ""facebook"": ""https://facebook.com/future-sports-institute-amritsar-696"", ""youtube"": ""https://youtube.com/@future-sports-institute-amritsar-696""}"
f915e7f9-118e-4701-ac69-cc214af97e53,Royal Training Center Ludhiana 697,royal-training-center-ludhiana-697,30.914512,75.892669,Professional Basketball coaching academy offering structured training programs.,Basketball,"Plot 40, Stadium Road, Ludhiana",Ludhiana,Punjab,+917428000422,"https://maps.google.com/?q=30.914512,75.892669",https://picsum.photos/seed/royal-training-center-ludhiana-697/800/600,Mahesh Joshi,Basketball,21 Years,Royal Training Center Ludhiana 697,₹5701/month,"Outdoor Court, Indoor Court, Fitness Center, Locker Rooms",5:00 PM - 7:00 PM,10-15,Girls,71,Basketball Federation Certified,4.5,170,True,"{""instagram"": ""https://instagram.com/royal-training-center-ludhiana-697"", ""facebook"": ""https://facebook.com/royal-training-center-ludhiana-697"", ""youtube"": ""https://youtube.com/@royal-training-center-ludhiana-697""}"
30cda734-f5c4-404e-a3b3-aa3b4e5f6240,Champion Athletic Center Ludhiana 698,champion-athletic-center-ludhiana-698,30.928933,75.823701,Professional Athletics coaching academy offering structured training programs.,Athletics,"Plot 530, Victory Avenue, Ludhiana",Ludhiana,Punjab,+919604646428,"https://maps.google.com/?q=30.928933,75.823701",https://picsum.photos/seed/champion-athletic-center-ludhiana-698/800/600,Suresh Rao,Athletics,19 Years,Champion Athletic Center Ludhiana 698,₹1524/month,"Fitness Center, Recovery Zone, Running Track, Gym",6:00 AM - 8:00 AM,18+,Girls,95,Athletics Federation Certified,3.6,349,True,"{""instagram"": ""https://instagram.com/champion-athletic-center-ludhiana-698"", ""facebook"": ""https://facebook.com/champion-athletic-center-ludhiana-698"", ""youtube"": ""https://youtube.com/@champion-athletic-center-ludhiana-698""}"
79646526-4440-49fb-994d-61e6b5bf2ef5,Prime Performance Academy Jalandhar 699,prime-performance-academy-jalandhar-699,31.355603,75.56032,Professional Football coaching academy offering structured training programs.,Football,"Plot 231, Ring Road, Jalandhar",Jalandhar,Punjab,+919200647224,"https://maps.google.com/?q=31.355603,75.56032",https://picsum.photos/seed/prime-performance-academy-jalandhar-699/800/600,Aman Choudhary,Football,14 Years,Prime Performance Academy Jalandhar 699,₹7490/month,"Natural Grass Ground, Training Cones, Locker Rooms, Fitness Center",6:00 AM - 8:00 AM,5-10,Boys,99,"AIFF D License, AIFF C License",4.7,428,False,"{""instagram"": ""https://instagram.com/prime-performance-academy-jalandhar-699"", ""facebook"": ""https://facebook.com/prime-performance-academy-jalandhar-699"", ""youtube"": ""https://youtube.com/@prime-performance-academy-jalandhar-699""}"
6745bfa5-8b11-4b08-a841-96fbd49c8267,Victory Training Center Jalandhar 700,victory-training-center-jalandhar-700,31.353991,75.606612,Professional Cricket coaching academy offering structured training programs.,Cricket,"Plot 688, Ring Road, Jalandhar",Jalandhar,Punjab,+919741600948,"https://maps.google.com/?q=31.353991,75.606612",https://picsum.photos/seed/victory-training-center-jalandhar-700/800/600,Prakash Joshi,Cricket,22 Years,Victory Training Center Jalandhar 700,₹7298/month,"Video Analysis, Bowling Machine, Turf Nets, Gym",4:00 PM - 6:00 PM,15-18,Girls,58,"BCCI Level 1, BCCI Level 2",3.9,146,True,"{""instagram"": ""https://instagram.com/victory-training-center-jalandhar-700"", ""facebook"": ""https://facebook.com/victory-training-center-jalandhar-700"", ""youtube"": ""https://youtube.com/@victory-training-center-jalandhar-700""}"
4a6c0a9a-ff59-4776-827b-b46f78398be6,National Performance Academy Udaipur 701,national-performance-academy-udaipur-701,24.611351,73.762254,Professional Tennis coaching academy offering structured training programs.,Tennis,"Plot 602, Central Park, Udaipur",Udaipur,Rajasthan,+916640790585,"https://maps.google.com/?q=24.611351,73.762254",https://picsum.photos/seed/national-performance-academy-udaipur-701/800/600,Ravi Sharma,Tennis,5 Years,National Performance Academy Udaipur 701,₹10663/month,"Clay Court, Ball Machine, Hard Court, Fitness Center",5:00 PM - 7:00 PM,5-10,Boys,91,AITA Certified Coach,3.9,472,True,"{""instagram"": ""https://instagram.com/national-performance-academy-udaipur-701"", ""facebook"": ""https://facebook.com/national-performance-academy-udaipur-701"", ""youtube"": ""https://youtube.com/@national-performance-academy-udaipur-701""}"
942d1a90-90cb-4977-935d-c33bb956a5b3,Star Sports Institute Jodhpur 702,star-sports-institute-jodhpur-702,26.234969,73.012467,Professional Tennis coaching academy offering structured training programs.,Tennis,"Plot 937, Sports Complex, Jodhpur",Jodhpur,Rajasthan,+916331400570,"https://maps.google.com/?q=26.234969,73.012467",https://picsum.photos/seed/star-sports-institute-jodhpur-702/800/600,Kiran Reddy,Tennis,7 Years,Star Sports Institute Jodhpur 702,₹4942/month,"Ball Machine, Fitness Center, Clay Court, Hard Court",4:00 PM - 6:00 PM,10-15,Mixed,98,AITA Certified Coach,4.6,407,False,"{""instagram"": ""https://instagram.com/star-sports-institute-jodhpur-702"", ""facebook"": ""https://facebook.com/star-sports-institute-jodhpur-702"", ""youtube"": ""https://youtube.com/@star-sports-institute-jodhpur-702""}"
7a89856e-1ec0-4351-98cb-c39fe7e7aa62,Dynamic Athletic Center Kota 703,dynamic-athletic-center-kota-703,25.17624,75.90027,Professional Tennis coaching academy offering structured training programs.,Tennis,"Plot 577, Sports Complex, Kota",Kota,Rajasthan,+918720110255,"https://maps.google.com/?q=25.17624,75.90027",https://picsum.photos/seed/dynamic-athletic-center-kota-703/800/600,Naveen Choudhary,Tennis,2 Years,Dynamic Athletic Center Kota 703,₹5958/month,"Fitness Center, Ball Machine, Clay Court, Hard Court",5:00 PM - 7:00 PM,10-15,Girls,21,AITA Certified Coach,4.4,322,True,"{""instagram"": ""https://instagram.com/dynamic-athletic-center-kota-703"", ""facebook"": ""https://facebook.com/dynamic-athletic-center-kota-703"", ""youtube"": ""https://youtube.com/@dynamic-athletic-center-kota-703""}"
c5eaf08b-f0e7-4e4d-9a99-2c0b44414418,Star Sports Club Kota 704,star-sports-club-kota-704,25.20419,75.828931,Professional Football coaching academy offering structured training programs.,Football,"Plot 475, Sports Complex, Kota",Kota,Rajasthan,+917338487143,"https://maps.google.com/?q=25.20419,75.828931",https://picsum.photos/seed/star-sports-club-kota-704/800/600,Rohit Joshi,Football,10 Years,Star Sports Club Kota 704,₹7420/month,"Flood Lights, Natural Grass Ground, Training Cones, Locker Rooms",6:00 AM - 8:00 AM,All Ages,Boys,21,"AIFF D License, AIFF C License",3.8,480,True,"{""instagram"": ""https://instagram.com/star-sports-club-kota-704"", ""facebook"": ""https://facebook.com/star-sports-club-kota-704"", ""youtube"": ""https://youtube.com/@star-sports-club-kota-704""}"
449935f0-e10f-4b3b-a0f1-a229c8b66549,Prime Sports Academy Udaipur 705,prime-sports-academy-udaipur-705,24.613672,73.685998,Professional Football coaching academy offering structured training programs.,Football,"Plot 45, Ring Road, Udaipur",Udaipur,Rajasthan,+917010218302,"https://maps.google.com/?q=24.613672,73.685998",https://picsum.photos/seed/prime-sports-academy-udaipur-705/800/600,Vikram Gupta,Football,19 Years,Prime Sports Academy Udaipur 705,₹5584/month,"Training Cones, Locker Rooms, Natural Grass Ground, Fitness Center",6:00 AM - 8:00 AM,15-18,Boys,27,"AIFF D License, AIFF C License",4.7,84,False,"{""instagram"": ""https://instagram.com/prime-sports-academy-udaipur-705"", ""facebook"": ""https://facebook.com/prime-sports-academy-udaipur-705"", ""youtube"": ""https://youtube.com/@prime-sports-academy-udaipur-705""}"
97e14a88-5afa-4291-a9f6-382d3d4ab0ac,Royal Athletic Center Jodhpur 706,royal-athletic-center-jodhpur-706,26.241817,72.985194,Professional Cricket coaching academy offering structured training programs.,Cricket,"Plot 769, Stadium Road, Jodhpur",Jodhpur,Rajasthan,+919901679039,"https://maps.google.com/?q=26.241817,72.985194",https://picsum.photos/seed/royal-athletic-center-jodhpur-706/800/600,Tarun Yadav,Cricket,14 Years,Royal Athletic Center Jodhpur 706,₹8739/month,"Bowling Machine, Video Analysis, Practice Pitch, Turf Nets",5:30 AM - 7:30 AM,5-10,Boys,45,"BCCI Level 1, BCCI Level 2",3.9,386,False,"{""instagram"": ""https://instagram.com/royal-athletic-center-jodhpur-706"", ""facebook"": ""https://facebook.com/royal-athletic-center-jodhpur-706"", ""youtube"": ""https://youtube.com/@royal-athletic-center-jodhpur-706""}"
b831b6b6-c76e-4eec-b969-2ecfb99b449a,Star Training Center Kota 707,star-training-center-kota-707,25.232074,75.841848,Professional Swimming coaching academy offering structured training programs.,Swimming,"Plot 61, Sports Hub, Kota",Kota,Rajasthan,+917116287753,"https://maps.google.com/?q=25.232074,75.841848",https://picsum.photos/seed/star-training-center-kota-707/800/600,Kiran Nair,Swimming,3 Years,Star Training Center Kota 707,₹8618/month,"Olympic Pool, Kids Pool, Lifeguard Support, Changing Rooms",5:00 PM - 7:00 PM,5-10,Girls,60,Swimming Federation Certified,3.8,399,True,"{""instagram"": ""https://instagram.com/star-training-center-kota-707"", ""facebook"": ""https://facebook.com/star-training-center-kota-707"", ""youtube"": ""https://youtube.com/@star-training-center-kota-707""}"
1e2463fa-e687-45e7-ba2e-a4ca4da8b1b2,Elite Sports Club Jodhpur 708,elite-sports-club-jodhpur-708,26.260527,73.001671,Professional Swimming coaching academy offering structured training programs.,Swimming,"Plot 274, Ring Road, Jodhpur",Jodhpur,Rajasthan,+917900960237,"https://maps.google.com/?q=26.260527,73.001671",https://picsum.photos/seed/elite-sports-club-jodhpur-708/800/600,Ajay Nair,Swimming,8 Years,Elite Sports Club Jodhpur 708,₹9730/month,"Changing Rooms, Lifeguard Support, Olympic Pool, Kids Pool",5:00 PM - 7:00 PM,15-18,Mixed,33,Swimming Federation Certified,4.0,331,False,"{""instagram"": ""https://instagram.com/elite-sports-club-jodhpur-708"", ""facebook"": ""https://facebook.com/elite-sports-club-jodhpur-708"", ""youtube"": ""https://youtube.com/@elite-sports-club-jodhpur-708""}"
6518f6a1-3cde-45e7-acb1-6cd923d0c6d7,Royal Sports Academy Jodhpur 709,royal-sports-academy-jodhpur-709,26.245735,72.999752,Professional Volleyball coaching academy offering structured training programs.,Volleyball,"Plot 963, Main Road, Jodhpur",Jodhpur,Rajasthan,+919697091199,"https://maps.google.com/?q=26.245735,72.999752",https://picsum.photos/seed/royal-sports-academy-jodhpur-709/800/600,Arjun Reddy,Volleyball,15 Years,Royal Sports Academy Jodhpur 709,₹3084/month,"Fitness Center, Sand Court, Indoor Court, Flood Lights",6:00 PM - 8:00 PM,18+,Mixed,30,Volleyball Federation Certified,4.8,91,True,"{""instagram"": ""https://instagram.com/royal-sports-academy-jodhpur-709"", ""facebook"": ""https://facebook.com/royal-sports-academy-jodhpur-709"", ""youtube"": ""https://youtube.com/@royal-sports-academy-jodhpur-709""}"
7884f2a2-d70c-4950-9f1d-f6e2f4b02712,Star Athletic Center Jaipur 710,star-athletic-center-jaipur-710,26.887861,75.756486,Professional Badminton coaching academy offering structured training programs.,Badminton,"Plot 504, Main Road, Jaipur",Jaipur,Rajasthan,+918384515875,"https://maps.google.com/?q=26.887861,75.756486",https://picsum.photos/seed/star-athletic-center-jaipur-710/800/600,Ravi Sharma,Badminton,19 Years,Star Athletic Center Jaipur 710,₹6996/month,"Indoor Courts, Wooden Courts, Fitness Center, Shuttle Supply",5:30 AM - 7:30 AM,10-15,Mixed,81,BAI Certified Coach,3.9,99,True,"{""instagram"": ""https://instagram.com/star-athletic-center-jaipur-710"", ""facebook"": ""https://facebook.com/star-athletic-center-jaipur-710"", ""youtube"": ""https://youtube.com/@star-athletic-center-jaipur-710""}"
0a93db8f-fb27-4889-a8b9-f5acedc7e1fc,Champion Sports Academy Jaipur 711,champion-sports-academy-jaipur-711,26.891889,75.773444,Professional Badminton coaching academy offering structured training programs.,Badminton,"Plot 599, Ring Road, Jaipur",Jaipur,Rajasthan,+917538580088,"https://maps.google.com/?q=26.891889,75.773444",https://picsum.photos/seed/champion-sports-academy-jaipur-711/800/600,Mahesh Pillai,Badminton,3 Years,Champion Sports Academy Jaipur 711,₹4823/month,"Indoor Courts, Shuttle Supply, Fitness Center, Wooden Courts",5:00 PM - 7:00 PM,18+,Mixed,54,BAI Certified Coach,4.1,449,True,"{""instagram"": ""https://instagram.com/champion-sports-academy-jaipur-711"", ""facebook"": ""https://facebook.com/champion-sports-academy-jaipur-711"", ""youtube"": ""https://youtube.com/@champion-sports-academy-jaipur-711""}"
f62b5d43-f1c9-401c-b61d-26a958dbb69c,Champion Performance Academy Udaipur 712,champion-performance-academy-udaipur-712,24.634533,73.734004,Professional Athletics coaching academy offering structured training programs.,Athletics,"Plot 10, Champions Street, Udaipur",Udaipur,Rajasthan,+919697922672,"https://maps.google.com/?q=24.634533,73.734004",https://picsum.photos/seed/champion-performance-academy-udaipur-712/800/600,Tarun Mishra,Athletics,19 Years,Champion Performance Academy Udaipur 712,₹1955/month,"Fitness Center, Running Track, Recovery Zone, Gym",5:00 PM - 7:00 PM,15-18,Girls,30,Athletics Federation Certified,4.7,101,True,"{""instagram"": ""https://instagram.com/champion-performance-academy-udaipur-712"", ""facebook"": ""https://facebook.com/champion-performance-academy-udaipur-712"", ""youtube"": ""https://youtube.com/@champion-performance-academy-udaipur-712""}"
80230721-f5e1-4756-8721-22b56c0169fe,Royal Performance Academy Jaipur 713,royal-performance-academy-jaipur-713,26.961317,75.744926,Professional Athletics coaching academy offering structured training programs.,Athletics,"Plot 961, Main Road, Jaipur",Jaipur,Rajasthan,+916109396308,"https://maps.google.com/?q=26.961317,75.744926",https://picsum.photos/seed/royal-performance-academy-jaipur-713/800/600,Ravi Rao,Athletics,5 Years,Royal Performance Academy Jaipur 713,₹2216/month,"Fitness Center, Gym, Running Track, Recovery Zone",5:00 PM - 7:00 PM,15-18,Mixed,94,Athletics Federation Certified,4.3,79,True,"{""instagram"": ""https://instagram.com/royal-performance-academy-jaipur-713"", ""facebook"": ""https://facebook.com/royal-performance-academy-jaipur-713"", ""youtube"": ""https://youtube.com/@royal-performance-academy-jaipur-713""}"
85a43b83-a8ad-46e0-b41b-258da04dc37f,Star Athletic Center Kota 714,star-athletic-center-kota-714,25.206651,75.891401,Professional Football coaching academy offering structured training programs.,Football,"Plot 682, Ring Road, Kota",Kota,Rajasthan,+918788921033,"https://maps.google.com/?q=25.206651,75.891401",https://picsum.photos/seed/star-athletic-center-kota-714/800/600,Vikram Yadav,Football,20 Years,Star Athletic Center Kota 714,₹3442/month,"Locker Rooms, Fitness Center, Natural Grass Ground, Flood Lights",4:00 PM - 6:00 PM,5-10,Girls,26,"AIFF D License, AIFF C License",3.5,338,False,"{""instagram"": ""https://instagram.com/star-athletic-center-kota-714"", ""facebook"": ""https://facebook.com/star-athletic-center-kota-714"", ""youtube"": ""https://youtube.com/@star-athletic-center-kota-714""}"
7014cea8-232c-4b40-80a3-cb5a0a89108e,Star Training Center Jaipur 715,star-training-center-jaipur-715,26.887767,75.78688,Professional Basketball coaching academy offering structured training programs.,Basketball,"Plot 75, Main Road, Jaipur",Jaipur,Rajasthan,+918071882165,"https://maps.google.com/?q=26.887767,75.78688",https://picsum.photos/seed/star-training-center-jaipur-715/800/600,Vikram Choudhary,Basketball,22 Years,Star Training Center Jaipur 715,₹3044/month,"Indoor Court, Outdoor Court, Locker Rooms, Fitness Center",6:00 PM - 8:00 PM,10-15,Mixed,37,Basketball Federation Certified,3.7,171,False,"{""instagram"": ""https://instagram.com/star-training-center-jaipur-715"", ""facebook"": ""https://facebook.com/star-training-center-jaipur-715"", ""youtube"": ""https://youtube.com/@star-training-center-jaipur-715""}"
ea3aaaba-d35c-42ed-b21e-c0a83de697b3,Champion Athletic Center Kota 716,champion-athletic-center-kota-716,25.174402,75.872817,Professional Athletics coaching academy offering structured training programs.,Athletics,"Plot 744, Champions Street, Kota",Kota,Rajasthan,+919580206473,"https://maps.google.com/?q=25.174402,75.872817",https://picsum.photos/seed/champion-athletic-center-kota-716/800/600,Kiran Joshi,Athletics,15 Years,Champion Athletic Center Kota 716,₹4863/month,"Recovery Zone, Fitness Center, Running Track, Gym",6:00 AM - 8:00 AM,5-10,Mixed,70,Athletics Federation Certified,4.7,73,False,"{""instagram"": ""https://instagram.com/champion-athletic-center-kota-716"", ""facebook"": ""https://facebook.com/champion-athletic-center-kota-716"", ""youtube"": ""https://youtube.com/@champion-athletic-center-kota-716""}"
88511c57-8c37-41d0-9ee1-685e73ed18cf,Elite Training Center Jaipur 717,elite-training-center-jaipur-717,26.883737,75.787794,Professional Athletics coaching academy offering structured training programs.,Athletics,"Plot 841, Sports Hub, Jaipur",Jaipur,Rajasthan,+916151441297,"https://maps.google.com/?q=26.883737,75.787794",https://picsum.photos/seed/elite-training-center-jaipur-717/800/600,Rohit Gupta,Athletics,6 Years,Elite Training Center Jaipur 717,₹1653/month,"Fitness Center, Gym, Recovery Zone, Running Track",4:00 PM - 6:00 PM,5-10,Girls,67,Athletics Federation Certified,4.9,134,False,"{""instagram"": ""https://instagram.com/elite-training-center-jaipur-717"", ""facebook"": ""https://facebook.com/elite-training-center-jaipur-717"", ""youtube"": ""https://youtube.com/@elite-training-center-jaipur-717""}"
01db2e02-2cb2-4844-83c6-038539bea3f7,Elite Sports Academy Jodhpur 718,elite-sports-academy-jodhpur-718,26.23365,73.011711,Professional Cricket coaching academy offering structured training programs.,Cricket,"Plot 902, Champions Street, Jodhpur",Jodhpur,Rajasthan,+916878154480,"https://maps.google.com/?q=26.23365,73.011711",https://picsum.photos/seed/elite-sports-academy-jodhpur-718/800/600,Kiran Joshi,Cricket,25 Years,Elite Sports Academy Jodhpur 718,₹3584/month,"Turf Nets, Gym, Bowling Machine, Video Analysis",4:00 PM - 6:00 PM,18+,Girls,42,"BCCI Level 1, BCCI Level 2",4.6,261,False,"{""instagram"": ""https://instagram.com/elite-sports-academy-jodhpur-718"", ""facebook"": ""https://facebook.com/elite-sports-academy-jodhpur-718"", ""youtube"": ""https://youtube.com/@elite-sports-academy-jodhpur-718""}"
a89592d5-0ab8-4cfd-a847-9db08cd532b3,Royal Training Center Jaipur 719,royal-training-center-jaipur-719,26.869715,75.741915,Professional Basketball coaching academy offering structured training programs.,Basketball,"Plot 739, Ring Road, Jaipur",Jaipur,Rajasthan,+916308892899,"https://maps.google.com/?q=26.869715,75.741915",https://picsum.photos/seed/royal-training-center-jaipur-719/800/600,Tarun Nair,Basketball,13 Years,Royal Training Center Jaipur 719,₹2749/month,"Indoor Court, Outdoor Court, Fitness Center, Locker Rooms",6:00 PM - 8:00 PM,18+,Girls,91,Basketball Federation Certified,4.1,96,False,"{""instagram"": ""https://instagram.com/royal-training-center-jaipur-719"", ""facebook"": ""https://facebook.com/royal-training-center-jaipur-719"", ""youtube"": ""https://youtube.com/@royal-training-center-jaipur-719""}"
a53339b3-5789-4728-a27e-c9ccc152e834,Master Athletic Center Jodhpur 720,master-athletic-center-jodhpur-720,26.206335,72.988595,Professional Volleyball coaching academy offering structured training programs.,Volleyball,"Plot 263, Sports Nagar, Jodhpur",Jodhpur,Rajasthan,+917986127392,"https://maps.google.com/?q=26.206335,72.988595",https://picsum.photos/seed/master-athletic-center-jodhpur-720/800/600,Lokesh Rao,Volleyball,15 Years,Master Athletic Center Jodhpur 720,₹3694/month,"Fitness Center, Sand Court, Indoor Court, Flood Lights",5:30 AM - 7:30 AM,All Ages,Mixed,26,Volleyball Federation Certified,4.6,99,False,"{""instagram"": ""https://instagram.com/master-athletic-center-jodhpur-720"", ""facebook"": ""https://facebook.com/master-athletic-center-jodhpur-720"", ""youtube"": ""https://youtube.com/@master-athletic-center-jodhpur-720""}"
24018fb0-5be5-4f2b-85da-eb7c6799b85f,Champion Sports Academy Kota 721,champion-sports-academy-kota-721,25.177247,75.832083,Professional Basketball coaching academy offering structured training programs.,Basketball,"Plot 618, Sports Complex, Kota",Kota,Rajasthan,+917285227123,"https://maps.google.com/?q=25.177247,75.832083",https://picsum.photos/seed/champion-sports-academy-kota-721/800/600,Rohit Sharma,Basketball,7 Years,Champion Sports Academy Kota 721,₹3659/month,"Locker Rooms, Fitness Center, Indoor Court, Outdoor Court",6:00 PM - 8:00 PM,All Ages,Boys,67,Basketball Federation Certified,4.2,416,True,"{""instagram"": ""https://instagram.com/champion-sports-academy-kota-721"", ""facebook"": ""https://facebook.com/champion-sports-academy-kota-721"", ""youtube"": ""https://youtube.com/@champion-sports-academy-kota-721""}"
618279fb-bf74-4a05-ad14-1a609e5dd450,Dynamic Sports Club Jaipur 722,dynamic-sports-club-jaipur-722,26.938848,75.808166,Professional Swimming coaching academy offering structured training programs.,Swimming,"Plot 899, Athletic Colony, Jaipur",Jaipur,Rajasthan,+918601470381,"https://maps.google.com/?q=26.938848,75.808166",https://picsum.photos/seed/dynamic-sports-club-jaipur-722/800/600,Rahul Verma,Swimming,21 Years,Dynamic Sports Club Jaipur 722,₹7652/month,"Lifeguard Support, Kids Pool, Changing Rooms, Olympic Pool",5:00 PM - 7:00 PM,18+,Girls,45,Swimming Federation Certified,5.0,409,True,"{""instagram"": ""https://instagram.com/dynamic-sports-club-jaipur-722"", ""facebook"": ""https://facebook.com/dynamic-sports-club-jaipur-722"", ""youtube"": ""https://youtube.com/@dynamic-sports-club-jaipur-722""}"
baeef856-942b-43bf-9cb7-6cf364b2e8bf,Victory Sports Academy Kota 723,victory-sports-academy-kota-723,25.242482,75.816015,Professional Basketball coaching academy offering structured training programs.,Basketball,"Plot 83, Champions Street, Kota",Kota,Rajasthan,+917548805028,"https://maps.google.com/?q=25.242482,75.816015",https://picsum.photos/seed/victory-sports-academy-kota-723/800/600,Sanjay Yadav,Basketball,15 Years,Victory Sports Academy Kota 723,₹6633/month,"Indoor Court, Outdoor Court, Locker Rooms, Fitness Center",4:00 PM - 6:00 PM,All Ages,Boys,100,Basketball Federation Certified,3.7,452,True,"{""instagram"": ""https://instagram.com/victory-sports-academy-kota-723"", ""facebook"": ""https://facebook.com/victory-sports-academy-kota-723"", ""youtube"": ""https://youtube.com/@victory-sports-academy-kota-723""}"
d8496c81-3929-45bc-ac8a-a90500b7657d,Victory Sports Club Jaipur 724,victory-sports-club-jaipur-724,26.885766,75.814498,Professional Volleyball coaching academy offering structured training programs.,Volleyball,"Plot 451, Ring Road, Jaipur",Jaipur,Rajasthan,+918556410053,"https://maps.google.com/?q=26.885766,75.814498",https://picsum.photos/seed/victory-sports-club-jaipur-724/800/600,Lokesh Rao,Volleyball,5 Years,Victory Sports Club Jaipur 724,₹4142/month,"Sand Court, Indoor Court, Flood Lights, Fitness Center",6:00 PM - 8:00 PM,15-18,Boys,57,Volleyball Federation Certified,3.9,132,False,"{""instagram"": ""https://instagram.com/victory-sports-club-jaipur-724"", ""facebook"": ""https://facebook.com/victory-sports-club-jaipur-724"", ""youtube"": ""https://youtube.com/@victory-sports-club-jaipur-724""}"
76d273d7-1731-4ada-805c-79c939058e26,Future Performance Academy Kota 725,future-performance-academy-kota-725,25.210058,75.840729,Professional Volleyball coaching academy offering structured training programs.,Volleyball,"Plot 687, Central Park, Kota",Kota,Rajasthan,+919963842401,"https://maps.google.com/?q=25.210058,75.840729",https://picsum.photos/seed/future-performance-academy-kota-725/800/600,Aman Kumar,Volleyball,25 Years,Future Performance Academy Kota 725,₹2093/month,"Sand Court, Indoor Court, Fitness Center, Flood Lights",6:00 AM - 8:00 AM,15-18,Girls,50,Volleyball Federation Certified,4.6,387,False,"{""instagram"": ""https://instagram.com/future-performance-academy-kota-725"", ""facebook"": ""https://facebook.com/future-performance-academy-kota-725"", ""youtube"": ""https://youtube.com/@future-performance-academy-kota-725""}"
ef2953d5-34f4-4fb2-9dc4-59e61aa7d136,Star Sports Institute Jodhpur 726,star-sports-institute-jodhpur-726,26.267976,73.020089,Professional Volleyball coaching academy offering structured training programs.,Volleyball,"Plot 104, Victory Avenue, Jodhpur",Jodhpur,Rajasthan,+916230200026,"https://maps.google.com/?q=26.267976,73.020089",https://picsum.photos/seed/star-sports-institute-jodhpur-726/800/600,Ajay Rao,Volleyball,19 Years,Star Sports Institute Jodhpur 726,₹2503/month,"Fitness Center, Sand Court, Flood Lights, Indoor Court",5:30 AM - 7:30 AM,All Ages,Boys,49,Volleyball Federation Certified,4.5,184,False,"{""instagram"": ""https://instagram.com/star-sports-institute-jodhpur-726"", ""facebook"": ""https://facebook.com/star-sports-institute-jodhpur-726"", ""youtube"": ""https://youtube.com/@star-sports-institute-jodhpur-726""}"
d25a6fa6-3c89-499b-98a1-7f19e306e8ea,Champion Training Center Udaipur 727,champion-training-center-udaipur-727,24.548745,73.700107,Professional Basketball coaching academy offering structured training programs.,Basketball,"Plot 92, Sports Complex, Udaipur",Udaipur,Rajasthan,+917979467964,"https://maps.google.com/?q=24.548745,73.700107",https://picsum.photos/seed/champion-training-center-udaipur-727/800/600,Aman Gupta,Basketball,14 Years,Champion Training Center Udaipur 727,₹6107/month,"Outdoor Court, Locker Rooms, Fitness Center, Indoor Court",4:00 PM - 6:00 PM,10-15,Boys,50,Basketball Federation Certified,4.2,183,True,"{""instagram"": ""https://instagram.com/champion-training-center-udaipur-727"", ""facebook"": ""https://facebook.com/champion-training-center-udaipur-727"", ""youtube"": ""https://youtube.com/@champion-training-center-udaipur-727""}"
286f61ac-b42c-4793-845e-e53148ccfb02,Dynamic Sports Institute Jodhpur 728,dynamic-sports-institute-jodhpur-728,26.209721,73.02856,Professional Swimming coaching academy offering structured training programs.,Swimming,"Plot 578, Athletic Colony, Jodhpur",Jodhpur,Rajasthan,+918994743416,"https://maps.google.com/?q=26.209721,73.02856",https://picsum.photos/seed/dynamic-sports-institute-jodhpur-728/800/600,Vikram Reddy,Swimming,21 Years,Dynamic Sports Institute Jodhpur 728,₹4649/month,"Changing Rooms, Lifeguard Support, Olympic Pool, Kids Pool",5:00 PM - 7:00 PM,18+,Boys,95,Swimming Federation Certified,4.4,412,True,"{""instagram"": ""https://instagram.com/dynamic-sports-institute-jodhpur-728"", ""facebook"": ""https://facebook.com/dynamic-sports-institute-jodhpur-728"", ""youtube"": ""https://youtube.com/@dynamic-sports-institute-jodhpur-728""}"
3108a607-a817-43ac-b76e-e516250a4c59,Prime Sports Academy Kota 729,prime-sports-academy-kota-729,25.219158,75.862826,Professional Swimming coaching academy offering structured training programs.,Swimming,"Plot 528, Central Park, Kota",Kota,Rajasthan,+917230344919,"https://maps.google.com/?q=25.219158,75.862826",https://picsum.photos/seed/prime-sports-academy-kota-729/800/600,Lokesh Nair,Swimming,24 Years,Prime Sports Academy Kota 729,₹7668/month,"Changing Rooms, Kids Pool, Olympic Pool, Lifeguard Support",6:00 PM - 8:00 PM,5-10,Mixed,44,Swimming Federation Certified,4.7,212,False,"{""instagram"": ""https://instagram.com/prime-sports-academy-kota-729"", ""facebook"": ""https://facebook.com/prime-sports-academy-kota-729"", ""youtube"": ""https://youtube.com/@prime-sports-academy-kota-729""}"
8882293a-1c3f-4db0-a2ac-4e3653946950,Future Sports Academy Jaipur 730,future-sports-academy-jaipur-730,26.873138,75.804697,Professional Cricket coaching academy offering structured training programs.,Cricket,"Plot 619, Ring Road, Jaipur",Jaipur,Rajasthan,+917962193031,"https://maps.google.com/?q=26.873138,75.804697",https://picsum.photos/seed/future-sports-academy-jaipur-730/800/600,Vikram Patel,Cricket,23 Years,Future Sports Academy Jaipur 730,₹5341/month,"Turf Nets, Gym, Bowling Machine, Video Analysis",5:30 AM - 7:30 AM,10-15,Boys,22,"BCCI Level 1, BCCI Level 2",5.0,476,False,"{""instagram"": ""https://instagram.com/future-sports-academy-jaipur-730"", ""facebook"": ""https://facebook.com/future-sports-academy-jaipur-730"", ""youtube"": ""https://youtube.com/@future-sports-academy-jaipur-730""}"
748c6fc4-5c93-4c09-8abe-d04cb9e7063d,Star Athletic Center Jaipur 731,star-athletic-center-jaipur-731,26.946436,75.825915,Professional Badminton coaching academy offering structured training programs.,Badminton,"Plot 90, Ring Road, Jaipur",Jaipur,Rajasthan,+917775891318,"https://maps.google.com/?q=26.946436,75.825915",https://picsum.photos/seed/star-athletic-center-jaipur-731/800/600,Harish Patel,Badminton,7 Years,Star Athletic Center Jaipur 731,₹4206/month,"Fitness Center, Shuttle Supply, Wooden Courts, Indoor Courts",4:00 PM - 6:00 PM,15-18,Girls,83,BAI Certified Coach,5.0,138,True,"{""instagram"": ""https://instagram.com/star-athletic-center-jaipur-731"", ""facebook"": ""https://facebook.com/star-athletic-center-jaipur-731"", ""youtube"": ""https://youtube.com/@star-athletic-center-jaipur-731""}"
84a29150-1cb0-41e5-8be3-34637a1fce6a,Victory Training Center Jaipur 732,victory-training-center-jaipur-732,26.879833,75.793246,Professional Tennis coaching academy offering structured training programs.,Tennis,"Plot 296, Athletic Colony, Jaipur",Jaipur,Rajasthan,+917844405050,"https://maps.google.com/?q=26.879833,75.793246",https://picsum.photos/seed/victory-training-center-jaipur-732/800/600,Kiran Sharma,Tennis,12 Years,Victory Training Center Jaipur 732,₹4326/month,"Ball Machine, Clay Court, Fitness Center, Hard Court",5:30 AM - 7:30 AM,5-10,Mixed,65,AITA Certified Coach,5.0,482,False,"{""instagram"": ""https://instagram.com/victory-training-center-jaipur-732"", ""facebook"": ""https://facebook.com/victory-training-center-jaipur-732"", ""youtube"": ""https://youtube.com/@victory-training-center-jaipur-732""}"
ced8b63a-eda5-4ebd-ab9b-7f599e9b4f59,National Sports Club Jaipur 733,national-sports-club-jaipur-733,26.871649,75.820939,Professional Volleyball coaching academy offering structured training programs.,Volleyball,"Plot 763, Sports Complex, Jaipur",Jaipur,Rajasthan,+918039274976,"https://maps.google.com/?q=26.871649,75.820939",https://picsum.photos/seed/national-sports-club-jaipur-733/800/600,Rohit Singh,Volleyball,19 Years,National Sports Club Jaipur 733,₹2418/month,"Flood Lights, Sand Court, Fitness Center, Indoor Court",5:30 AM - 7:30 AM,15-18,Boys,22,Volleyball Federation Certified,4.1,367,True,"{""instagram"": ""https://instagram.com/national-sports-club-jaipur-733"", ""facebook"": ""https://facebook.com/national-sports-club-jaipur-733"", ""youtube"": ""https://youtube.com/@national-sports-club-jaipur-733""}"
f28a123e-7227-43f1-94d4-d271cc2a34ee,Elite Sports Institute Kota 734,elite-sports-institute-kota-734,25.229937,75.914637,Professional Cricket coaching academy offering structured training programs.,Cricket,"Plot 757, Victory Avenue, Kota",Kota,Rajasthan,+919641530448,"https://maps.google.com/?q=25.229937,75.914637",https://picsum.photos/seed/elite-sports-institute-kota-734/800/600,Tarun Reddy,Cricket,24 Years,Elite Sports Institute Kota 734,₹6701/month,"Gym, Bowling Machine, Practice Pitch, Video Analysis",4:00 PM - 6:00 PM,10-15,Boys,79,"BCCI Level 1, BCCI Level 2",4.6,105,False,"{""instagram"": ""https://instagram.com/elite-sports-institute-kota-734"", ""facebook"": ""https://facebook.com/elite-sports-institute-kota-734"", ""youtube"": ""https://youtube.com/@elite-sports-institute-kota-734""}"
f0712df8-46eb-4ef4-8839-c9e011bc9cdd,Victory Sports Institute Udaipur 735,victory-sports-institute-udaipur-735,24.627929,73.737459,Professional Football coaching academy offering structured training programs.,Football,"Plot 504, Stadium Road, Udaipur",Udaipur,Rajasthan,+918536380664,"https://maps.google.com/?q=24.627929,73.737459",https://picsum.photos/seed/victory-sports-institute-udaipur-735/800/600,Ravi Gupta,Football,13 Years,Victory Sports Institute Udaipur 735,₹4698/month,"Natural Grass Ground, Locker Rooms, Training Cones, Fitness Center",6:00 AM - 8:00 AM,15-18,Boys,41,"AIFF D License, AIFF C License",3.7,472,False,"{""instagram"": ""https://instagram.com/victory-sports-institute-udaipur-735"", ""facebook"": ""https://facebook.com/victory-sports-institute-udaipur-735"", ""youtube"": ""https://youtube.com/@victory-sports-institute-udaipur-735""}"
c6b62ce4-a2db-4557-a29b-8b9624e9536e,Champion Performance Academy Gangtok 736,champion-performance-academy-gangtok-736,27.351264,88.57758,Professional Basketball coaching academy offering structured training programs.,Basketball,"Plot 521, Main Road, Gangtok",Gangtok,Sikkim,+919101180506,"https://maps.google.com/?q=27.351264,88.57758",https://picsum.photos/seed/champion-performance-academy-gangtok-736/800/600,Rahul Reddy,Basketball,15 Years,Champion Performance Academy Gangtok 736,₹5987/month,"Fitness Center, Indoor Court, Locker Rooms, Outdoor Court",4:00 PM - 6:00 PM,15-18,Mixed,20,Basketball Federation Certified,4.2,175,True,"{""instagram"": ""https://instagram.com/champion-performance-academy-gangtok-736"", ""facebook"": ""https://facebook.com/champion-performance-academy-gangtok-736"", ""youtube"": ""https://youtube.com/@champion-performance-academy-gangtok-736""}"
e1d4aa9b-3676-4df6-8c8b-ccf5534e74d0,Legend Athletic Center Gangtok 737,legend-athletic-center-gangtok-737,27.35147,88.558722,Professional Tennis coaching academy offering structured training programs.,Tennis,"Plot 902, Sports Nagar, Gangtok",Gangtok,Sikkim,+918599889340,"https://maps.google.com/?q=27.35147,88.558722",https://picsum.photos/seed/legend-athletic-center-gangtok-737/800/600,Arjun Nair,Tennis,21 Years,Legend Athletic Center Gangtok 737,₹11622/month,"Hard Court, Ball Machine, Clay Court, Fitness Center",5:30 AM - 7:30 AM,18+,Boys,97,AITA Certified Coach,4.7,259,True,"{""instagram"": ""https://instagram.com/legend-athletic-center-gangtok-737"", ""facebook"": ""https://facebook.com/legend-athletic-center-gangtok-737"", ""youtube"": ""https://youtube.com/@legend-athletic-center-gangtok-737""}"
080e56f4-e722-46a7-bd85-0301081154d3,National Athletic Center Gangtok 738,national-athletic-center-gangtok-738,27.355841,88.63496,Professional Badminton coaching academy offering structured training programs.,Badminton,"Plot 931, Central Park, Gangtok",Gangtok,Sikkim,+916225758604,"https://maps.google.com/?q=27.355841,88.63496",https://picsum.photos/seed/national-athletic-center-gangtok-738/800/600,Lokesh Sharma,Badminton,21 Years,National Athletic Center Gangtok 738,₹2971/month,"Indoor Courts, Fitness Center, Wooden Courts, Shuttle Supply",5:30 AM - 7:30 AM,15-18,Boys,66,BAI Certified Coach,4.3,177,True,"{""instagram"": ""https://instagram.com/national-athletic-center-gangtok-738"", ""facebook"": ""https://facebook.com/national-athletic-center-gangtok-738"", ""youtube"": ""https://youtube.com/@national-athletic-center-gangtok-738""}"
514414f1-0901-4f11-856a-9f15a97d392a,National Athletic Center Gangtok 739,national-athletic-center-gangtok-739,27.355473,88.625361,Professional Badminton coaching academy offering structured training programs.,Badminton,"Plot 410, Sports Nagar, Gangtok",Gangtok,Sikkim,+918135356969,"https://maps.google.com/?q=27.355473,88.625361",https://picsum.photos/seed/national-athletic-center-gangtok-739/800/600,Ajay Reddy,Badminton,8 Years,National Athletic Center Gangtok 739,₹6151/month,"Indoor Courts, Shuttle Supply, Fitness Center, Wooden Courts",6:00 PM - 8:00 PM,All Ages,Mixed,45,BAI Certified Coach,3.7,351,True,"{""instagram"": ""https://instagram.com/national-athletic-center-gangtok-739"", ""facebook"": ""https://facebook.com/national-athletic-center-gangtok-739"", ""youtube"": ""https://youtube.com/@national-athletic-center-gangtok-739""}"
8ce13d7c-d696-43a0-9d62-d5a1aeddc329,Champion Sports Club Gangtok 740,champion-sports-club-gangtok-740,27.348807,88.599622,Professional Basketball coaching academy offering structured training programs.,Basketball,"Plot 36, Central Park, Gangtok",Gangtok,Sikkim,+917528394424,"https://maps.google.com/?q=27.348807,88.599622",https://picsum.photos/seed/champion-sports-club-gangtok-740/800/600,Suresh Yadav,Basketball,21 Years,Champion Sports Club Gangtok 740,₹4175/month,"Indoor Court, Outdoor Court, Fitness Center, Locker Rooms",6:00 PM - 8:00 PM,5-10,Girls,62,Basketball Federation Certified,4.5,54,False,"{""instagram"": ""https://instagram.com/champion-sports-club-gangtok-740"", ""facebook"": ""https://facebook.com/champion-sports-club-gangtok-740"", ""youtube"": ""https://youtube.com/@champion-sports-club-gangtok-740""}"
723e2c67-2faa-4517-8c4e-13d8acf55a3b,Master Athletic Center Gangtok 741,master-athletic-center-gangtok-741,27.329117,88.652038,Professional Football coaching academy offering structured training programs.,Football,"Plot 301, Sports Nagar, Gangtok",Gangtok,Sikkim,+919932869554,"https://maps.google.com/?q=27.329117,88.652038",https://picsum.photos/seed/master-athletic-center-gangtok-741/800/600,Tarun Sharma,Football,3 Years,Master Athletic Center Gangtok 741,₹6201/month,"Training Cones, Fitness Center, Locker Rooms, Natural Grass Ground",4:00 PM - 6:00 PM,15-18,Mixed,36,"AIFF D License, AIFF C License",4.0,429,True,"{""instagram"": ""https://instagram.com/master-athletic-center-gangtok-741"", ""facebook"": ""https://facebook.com/master-athletic-center-gangtok-741"", ""youtube"": ""https://youtube.com/@master-athletic-center-gangtok-741""}"
bd94e444-8eb8-4000-bed9-d27ced97d913,Elite Training Center Gangtok 742,elite-training-center-gangtok-742,27.359149,88.5836,Professional Cricket coaching academy offering structured training programs.,Cricket,"Plot 717, Main Road, Gangtok",Gangtok,Sikkim,+918197275209,"https://maps.google.com/?q=27.359149,88.5836",https://picsum.photos/seed/elite-training-center-gangtok-742/800/600,Mahesh Reddy,Cricket,13 Years,Elite Training Center Gangtok 742,₹3845/month,"Gym, Video Analysis, Turf Nets, Bowling Machine",4:00 PM - 6:00 PM,5-10,Girls,71,"BCCI Level 1, BCCI Level 2",3.6,458,False,"{""instagram"": ""https://instagram.com/elite-training-center-gangtok-742"", ""facebook"": ""https://facebook.com/elite-training-center-gangtok-742"", ""youtube"": ""https://youtube.com/@elite-training-center-gangtok-742""}"
8caae5d2-9159-4005-846d-aa4f1a824b4a,Star Athletic Center Gangtok 743,star-athletic-center-gangtok-743,27.321397,88.57481,Professional Cricket coaching academy offering structured training programs.,Cricket,"Plot 169, Main Road, Gangtok",Gangtok,Sikkim,+916380216635,"https://maps.google.com/?q=27.321397,88.57481",https://picsum.photos/seed/star-athletic-center-gangtok-743/800/600,Arjun Nair,Cricket,6 Years,Star Athletic Center Gangtok 743,₹4431/month,"Gym, Bowling Machine, Practice Pitch, Turf Nets",4:00 PM - 6:00 PM,18+,Boys,91,"BCCI Level 1, BCCI Level 2",3.6,372,True,"{""instagram"": ""https://instagram.com/star-athletic-center-gangtok-743"", ""facebook"": ""https://facebook.com/star-athletic-center-gangtok-743"", ""youtube"": ""https://youtube.com/@star-athletic-center-gangtok-743""}"
e8fb9ec2-2401-48aa-b998-175b160613ac,Elite Training Center Gangtok 744,elite-training-center-gangtok-744,27.374835,88.595773,Professional Football coaching academy offering structured training programs.,Football,"Plot 667, Victory Avenue, Gangtok",Gangtok,Sikkim,+918372789028,"https://maps.google.com/?q=27.374835,88.595773",https://picsum.photos/seed/elite-training-center-gangtok-744/800/600,Rohit Choudhary,Football,2 Years,Elite Training Center Gangtok 744,₹3919/month,"Locker Rooms, Natural Grass Ground, Training Cones, Flood Lights",4:00 PM - 6:00 PM,18+,Boys,58,"AIFF D License, AIFF C License",4.9,107,True,"{""instagram"": ""https://instagram.com/elite-training-center-gangtok-744"", ""facebook"": ""https://facebook.com/elite-training-center-gangtok-744"", ""youtube"": ""https://youtube.com/@elite-training-center-gangtok-744""}"
8e52c9c7-984b-4f1d-bf53-b3d3840166ad,Pro Sports Academy Gangtok 745,pro-sports-academy-gangtok-745,27.329816,88.635012,Professional Tennis coaching academy offering structured training programs.,Tennis,"Plot 513, Champions Street, Gangtok",Gangtok,Sikkim,+916049608500,"https://maps.google.com/?q=27.329816,88.635012",https://picsum.photos/seed/pro-sports-academy-gangtok-745/800/600,Rohit Choudhary,Tennis,2 Years,Pro Sports Academy Gangtok 745,₹6250/month,"Ball Machine, Fitness Center, Hard Court, Clay Court",6:00 AM - 8:00 AM,10-15,Mixed,44,AITA Certified Coach,4.7,324,False,"{""instagram"": ""https://instagram.com/pro-sports-academy-gangtok-745"", ""facebook"": ""https://facebook.com/pro-sports-academy-gangtok-745"", ""youtube"": ""https://youtube.com/@pro-sports-academy-gangtok-745""}"
7ebfb099-0dd8-459b-9075-ac9648f44e8e,Champion Performance Academy Gangtok 746,champion-performance-academy-gangtok-746,27.387825,88.613947,Professional Basketball coaching academy offering structured training programs.,Basketball,"Plot 926, Athletic Colony, Gangtok",Gangtok,Sikkim,+917690441663,"https://maps.google.com/?q=27.387825,88.613947",https://picsum.photos/seed/champion-performance-academy-gangtok-746/800/600,Ajay Kumar,Basketball,16 Years,Champion Performance Academy Gangtok 746,₹3089/month,"Locker Rooms, Outdoor Court, Indoor Court, Fitness Center",6:00 AM - 8:00 AM,10-15,Girls,36,Basketball Federation Certified,3.7,90,True,"{""instagram"": ""https://instagram.com/champion-performance-academy-gangtok-746"", ""facebook"": ""https://facebook.com/champion-performance-academy-gangtok-746"", ""youtube"": ""https://youtube.com/@champion-performance-academy-gangtok-746""}"
bf4079ea-f56c-4a5d-aada-a6fbabc42325,Dynamic Performance Academy Gangtok 747,dynamic-performance-academy-gangtok-747,27.368262,88.612624,Professional Cricket coaching academy offering structured training programs.,Cricket,"Plot 311, Main Road, Gangtok",Gangtok,Sikkim,+918000057660,"https://maps.google.com/?q=27.368262,88.612624",https://picsum.photos/seed/dynamic-performance-academy-gangtok-747/800/600,Tarun Kumar,Cricket,12 Years,Dynamic Performance Academy Gangtok 747,₹7560/month,"Bowling Machine, Practice Pitch, Gym, Turf Nets",5:00 PM - 7:00 PM,10-15,Girls,40,"BCCI Level 1, BCCI Level 2",3.7,405,False,"{""instagram"": ""https://instagram.com/dynamic-performance-academy-gangtok-747"", ""facebook"": ""https://facebook.com/dynamic-performance-academy-gangtok-747"", ""youtube"": ""https://youtube.com/@dynamic-performance-academy-gangtok-747""}"
8887f6d6-cb15-4823-80cf-5f9d459d02fd,Star Sports Institute Gangtok 748,star-sports-institute-gangtok-748,27.354723,88.575191,Professional Athletics coaching academy offering structured training programs.,Athletics,"Plot 187, Sports Nagar, Gangtok",Gangtok,Sikkim,+919710534179,"https://maps.google.com/?q=27.354723,88.575191",https://picsum.photos/seed/star-sports-institute-gangtok-748/800/600,Prakash Rao,Athletics,10 Years,Star Sports Institute Gangtok 748,₹3590/month,"Fitness Center, Running Track, Recovery Zone, Gym",5:30 AM - 7:30 AM,10-15,Mixed,81,Athletics Federation Certified,3.6,127,True,"{""instagram"": ""https://instagram.com/star-sports-institute-gangtok-748"", ""facebook"": ""https://facebook.com/star-sports-institute-gangtok-748"", ""youtube"": ""https://youtube.com/@star-sports-institute-gangtok-748""}"
1769da99-7a13-4417-ae6e-6eca2626cf95,Prime Sports Club Gangtok 749,prime-sports-club-gangtok-749,27.381323,88.567777,Professional Swimming coaching academy offering structured training programs.,Swimming,"Plot 256, Stadium Road, Gangtok",Gangtok,Sikkim,+916632787025,"https://maps.google.com/?q=27.381323,88.567777",https://picsum.photos/seed/prime-sports-club-gangtok-749/800/600,Rahul Yadav,Swimming,20 Years,Prime Sports Club Gangtok 749,₹7549/month,"Olympic Pool, Kids Pool, Lifeguard Support, Changing Rooms",6:00 PM - 8:00 PM,10-15,Girls,27,Swimming Federation Certified,4.6,205,False,"{""instagram"": ""https://instagram.com/prime-sports-club-gangtok-749"", ""facebook"": ""https://facebook.com/prime-sports-club-gangtok-749"", ""youtube"": ""https://youtube.com/@prime-sports-club-gangtok-749""}"
21c32a13-6137-480c-b80f-3993dd850562,Star Performance Academy Gangtok 750,star-performance-academy-gangtok-750,27.290308,88.625692,Professional Volleyball coaching academy offering structured training programs.,Volleyball,"Plot 101, Athletic Colony, Gangtok",Gangtok,Sikkim,+917539211328,"https://maps.google.com/?q=27.290308,88.625692",https://picsum.photos/seed/star-performance-academy-gangtok-750/800/600,Vikram Yadav,Volleyball,9 Years,Star Performance Academy Gangtok 750,₹4761/month,"Indoor Court, Fitness Center, Sand Court, Flood Lights",6:00 PM - 8:00 PM,All Ages,Girls,85,Volleyball Federation Certified,4.6,174,False,"{""instagram"": ""https://instagram.com/star-performance-academy-gangtok-750"", ""facebook"": ""https://facebook.com/star-performance-academy-gangtok-750"", ""youtube"": ""https://youtube.com/@star-performance-academy-gangtok-750""}"
0b1db26b-ea21-4946-bdc0-e700cb313857,Star Athletic Center Gangtok 751,star-athletic-center-gangtok-751,27.340028,88.574236,Professional Football coaching academy offering structured training programs.,Football,"Plot 252, Champions Street, Gangtok",Gangtok,Sikkim,+919416898310,"https://maps.google.com/?q=27.340028,88.574236",https://picsum.photos/seed/star-athletic-center-gangtok-751/800/600,Aman Sharma,Football,8 Years,Star Athletic Center Gangtok 751,₹4960/month,"Training Cones, Locker Rooms, Flood Lights, Natural Grass Ground",6:00 PM - 8:00 PM,18+,Boys,57,"AIFF D License, AIFF C License",4.2,279,False,"{""instagram"": ""https://instagram.com/star-athletic-center-gangtok-751"", ""facebook"": ""https://facebook.com/star-athletic-center-gangtok-751"", ""youtube"": ""https://youtube.com/@star-athletic-center-gangtok-751""}"
69eaddd8-dd7f-4038-bfc3-8f1e4374d40c,Master Sports Institute Gangtok 752,master-sports-institute-gangtok-752,27.347436,88.564925,Professional Volleyball coaching academy offering structured training programs.,Volleyball,"Plot 576, Stadium Road, Gangtok",Gangtok,Sikkim,+919938315956,"https://maps.google.com/?q=27.347436,88.564925",https://picsum.photos/seed/master-sports-institute-gangtok-752/800/600,Ajay Reddy,Volleyball,21 Years,Master Sports Institute Gangtok 752,₹3582/month,"Indoor Court, Sand Court, Fitness Center, Flood Lights",6:00 AM - 8:00 AM,18+,Boys,28,Volleyball Federation Certified,4.4,90,False,"{""instagram"": ""https://instagram.com/master-sports-institute-gangtok-752"", ""facebook"": ""https://facebook.com/master-sports-institute-gangtok-752"", ""youtube"": ""https://youtube.com/@master-sports-institute-gangtok-752""}"
e2e4e6c5-149c-466e-919b-0267c61541cf,Master Performance Academy Gangtok 753,master-performance-academy-gangtok-753,27.319673,88.585568,Professional Cricket coaching academy offering structured training programs.,Cricket,"Plot 890, Central Park, Gangtok",Gangtok,Sikkim,+917424418069,"https://maps.google.com/?q=27.319673,88.585568",https://picsum.photos/seed/master-performance-academy-gangtok-753/800/600,Sanjay Pillai,Cricket,25 Years,Master Performance Academy Gangtok 753,₹3897/month,"Turf Nets, Practice Pitch, Video Analysis, Gym",6:00 AM - 8:00 AM,10-15,Mixed,98,"BCCI Level 1, BCCI Level 2",4.4,76,True,"{""instagram"": ""https://instagram.com/master-performance-academy-gangtok-753"", ""facebook"": ""https://facebook.com/master-performance-academy-gangtok-753"", ""youtube"": ""https://youtube.com/@master-performance-academy-gangtok-753""}"
659ead28-a0bd-4a4d-982f-3bf47bc0bd9e,Prime Sports Club Gangtok 754,prime-sports-club-gangtok-754,27.313733,88.618494,Professional Swimming coaching academy offering structured training programs.,Swimming,"Plot 790, Main Road, Gangtok",Gangtok,Sikkim,+918012652841,"https://maps.google.com/?q=27.313733,88.618494",https://picsum.photos/seed/prime-sports-club-gangtok-754/800/600,Ravi Gupta,Swimming,4 Years,Prime Sports Club Gangtok 754,₹7578/month,"Kids Pool, Changing Rooms, Olympic Pool, Lifeguard Support",4:00 PM - 6:00 PM,18+,Boys,81,Swimming Federation Certified,3.6,350,False,"{""instagram"": ""https://instagram.com/prime-sports-club-gangtok-754"", ""facebook"": ""https://facebook.com/prime-sports-club-gangtok-754"", ""youtube"": ""https://youtube.com/@prime-sports-club-gangtok-754""}"
3dc31888-485a-4922-9324-3721dbf63c4b,Master Athletic Center Gangtok 755,master-athletic-center-gangtok-755,27.349632,88.558592,Professional Cricket coaching academy offering structured training programs.,Cricket,"Plot 992, Champions Street, Gangtok",Gangtok,Sikkim,+917970989577,"https://maps.google.com/?q=27.349632,88.558592",https://picsum.photos/seed/master-athletic-center-gangtok-755/800/600,Mahesh Joshi,Cricket,2 Years,Master Athletic Center Gangtok 755,₹5904/month,"Bowling Machine, Gym, Video Analysis, Turf Nets",5:30 AM - 7:30 AM,All Ages,Girls,78,"BCCI Level 1, BCCI Level 2",3.7,315,False,"{""instagram"": ""https://instagram.com/master-athletic-center-gangtok-755"", ""facebook"": ""https://facebook.com/master-athletic-center-gangtok-755"", ""youtube"": ""https://youtube.com/@master-athletic-center-gangtok-755""}"
3d620e0c-b61f-4931-95a4-e099fc4f09ab,National Training Center Gangtok 756,national-training-center-gangtok-756,27.376019,88.570759,Professional Football coaching academy offering structured training programs.,Football,"Plot 751, Ring Road, Gangtok",Gangtok,Sikkim,+918341518583,"https://maps.google.com/?q=27.376019,88.570759",https://picsum.photos/seed/national-training-center-gangtok-756/800/600,Harish Verma,Football,9 Years,National Training Center Gangtok 756,₹3427/month,"Fitness Center, Flood Lights, Natural Grass Ground, Training Cones",5:30 AM - 7:30 AM,15-18,Girls,78,"AIFF D License, AIFF C License",4.0,380,True,"{""instagram"": ""https://instagram.com/national-training-center-gangtok-756"", ""facebook"": ""https://facebook.com/national-training-center-gangtok-756"", ""youtube"": ""https://youtube.com/@national-training-center-gangtok-756""}"
571523ea-8a7f-4798-8deb-fce87dad8782,Dynamic Athletic Center Gangtok 757,dynamic-athletic-center-gangtok-757,27.360518,88.623953,Professional Cricket coaching academy offering structured training programs.,Cricket,"Plot 150, Athletic Colony, Gangtok",Gangtok,Sikkim,+919238724770,"https://maps.google.com/?q=27.360518,88.623953",https://picsum.photos/seed/dynamic-athletic-center-gangtok-757/800/600,Ravi Mishra,Cricket,11 Years,Dynamic Athletic Center Gangtok 757,₹3168/month,"Bowling Machine, Practice Pitch, Gym, Video Analysis",4:00 PM - 6:00 PM,5-10,Girls,79,"BCCI Level 1, BCCI Level 2",4.2,472,True,"{""instagram"": ""https://instagram.com/dynamic-athletic-center-gangtok-757"", ""facebook"": ""https://facebook.com/dynamic-athletic-center-gangtok-757"", ""youtube"": ""https://youtube.com/@dynamic-athletic-center-gangtok-757""}"
1ecd19b8-6ce0-455f-8754-fd1dbdcba5a6,National Sports Club Gangtok 758,national-sports-club-gangtok-758,27.327335,88.628107,Professional Swimming coaching academy offering structured training programs.,Swimming,"Plot 215, Ring Road, Gangtok",Gangtok,Sikkim,+917189181935,"https://maps.google.com/?q=27.327335,88.628107",https://picsum.photos/seed/national-sports-club-gangtok-758/800/600,Ajay Yadav,Swimming,19 Years,National Sports Club Gangtok 758,₹6663/month,"Olympic Pool, Kids Pool, Changing Rooms, Lifeguard Support",4:00 PM - 6:00 PM,5-10,Boys,96,Swimming Federation Certified,4.2,290,True,"{""instagram"": ""https://instagram.com/national-sports-club-gangtok-758"", ""facebook"": ""https://facebook.com/national-sports-club-gangtok-758"", ""youtube"": ""https://youtube.com/@national-sports-club-gangtok-758""}"
f43f047e-149d-452d-bdbd-e5b8486476f2,National Training Center Gangtok 759,national-training-center-gangtok-759,27.355035,88.614589,Professional Athletics coaching academy offering structured training programs.,Athletics,"Plot 394, Athletic Colony, Gangtok",Gangtok,Sikkim,+917620469424,"https://maps.google.com/?q=27.355035,88.614589",https://picsum.photos/seed/national-training-center-gangtok-759/800/600,Kiran Rao,Athletics,21 Years,National Training Center Gangtok 759,₹3515/month,"Running Track, Recovery Zone, Gym, Fitness Center",4:00 PM - 6:00 PM,10-15,Girls,29,Athletics Federation Certified,3.6,178,True,"{""instagram"": ""https://instagram.com/national-training-center-gangtok-759"", ""facebook"": ""https://facebook.com/national-training-center-gangtok-759"", ""youtube"": ""https://youtube.com/@national-training-center-gangtok-759""}"
38bd39f0-e49e-4b83-9892-4f7a83c23327,Dynamic Sports Academy Gangtok 760,dynamic-sports-academy-gangtok-760,27.292253,88.65183,Professional Tennis coaching academy offering structured training programs.,Tennis,"Plot 701, Athletic Colony, Gangtok",Gangtok,Sikkim,+919267639953,"https://maps.google.com/?q=27.292253,88.65183",https://picsum.photos/seed/dynamic-sports-academy-gangtok-760/800/600,Prakash Rao,Tennis,10 Years,Dynamic Sports Academy Gangtok 760,₹4589/month,"Clay Court, Hard Court, Ball Machine, Fitness Center",5:00 PM - 7:00 PM,5-10,Boys,99,AITA Certified Coach,4.8,77,False,"{""instagram"": ""https://instagram.com/dynamic-sports-academy-gangtok-760"", ""facebook"": ""https://facebook.com/dynamic-sports-academy-gangtok-760"", ""youtube"": ""https://youtube.com/@dynamic-sports-academy-gangtok-760""}"
0ba519de-40cd-4d14-8164-326a2a566c1d,Pro Sports Academy Gangtok 761,pro-sports-academy-gangtok-761,27.386575,88.561782,Professional Athletics coaching academy offering structured training programs.,Athletics,"Plot 243, Central Park, Gangtok",Gangtok,Sikkim,+916242441693,"https://maps.google.com/?q=27.386575,88.561782",https://picsum.photos/seed/pro-sports-academy-gangtok-761/800/600,Rohit Patel,Athletics,7 Years,Pro Sports Academy Gangtok 761,₹4682/month,"Fitness Center, Gym, Recovery Zone, Running Track",4:00 PM - 6:00 PM,5-10,Boys,58,Athletics Federation Certified,4.4,161,False,"{""instagram"": ""https://instagram.com/pro-sports-academy-gangtok-761"", ""facebook"": ""https://facebook.com/pro-sports-academy-gangtok-761"", ""youtube"": ""https://youtube.com/@pro-sports-academy-gangtok-761""}"
48c904e2-2ad8-432e-94d0-4dd86fcc10c5,Prime Sports Institute Gangtok 762,prime-sports-institute-gangtok-762,27.356847,88.615137,Professional Swimming coaching academy offering structured training programs.,Swimming,"Plot 536, Sports Complex, Gangtok",Gangtok,Sikkim,+919158338925,"https://maps.google.com/?q=27.356847,88.615137",https://picsum.photos/seed/prime-sports-institute-gangtok-762/800/600,Vikram Verma,Swimming,20 Years,Prime Sports Institute Gangtok 762,₹3533/month,"Kids Pool, Olympic Pool, Changing Rooms, Lifeguard Support",6:00 PM - 8:00 PM,15-18,Girls,78,Swimming Federation Certified,3.7,469,True,"{""instagram"": ""https://instagram.com/prime-sports-institute-gangtok-762"", ""facebook"": ""https://facebook.com/prime-sports-institute-gangtok-762"", ""youtube"": ""https://youtube.com/@prime-sports-institute-gangtok-762""}"
259596fd-113d-46ec-94f7-22e885936ee2,Pro Sports Academy Gangtok 763,pro-sports-academy-gangtok-763,27.291092,88.630882,Professional Tennis coaching academy offering structured training programs.,Tennis,"Plot 94, Central Park, Gangtok",Gangtok,Sikkim,+919059348452,"https://maps.google.com/?q=27.291092,88.630882",https://picsum.photos/seed/pro-sports-academy-gangtok-763/800/600,Vikram Sharma,Tennis,22 Years,Pro Sports Academy Gangtok 763,₹6795/month,"Clay Court, Fitness Center, Ball Machine, Hard Court",4:00 PM - 6:00 PM,5-10,Boys,37,AITA Certified Coach,4.2,497,False,"{""instagram"": ""https://instagram.com/pro-sports-academy-gangtok-763"", ""facebook"": ""https://facebook.com/pro-sports-academy-gangtok-763"", ""youtube"": ""https://youtube.com/@pro-sports-academy-gangtok-763""}"
3e778b9d-6302-4a71-a397-dcda4c8246dc,Star Sports Club Gangtok 764,star-sports-club-gangtok-764,27.35841,88.594486,Professional Badminton coaching academy offering structured training programs.,Badminton,"Plot 200, Champions Street, Gangtok",Gangtok,Sikkim,+918922451820,"https://maps.google.com/?q=27.35841,88.594486",https://picsum.photos/seed/star-sports-club-gangtok-764/800/600,Prakash Yadav,Badminton,11 Years,Star Sports Club Gangtok 764,₹3743/month,"Wooden Courts, Indoor Courts, Shuttle Supply, Fitness Center",6:00 AM - 8:00 AM,5-10,Girls,20,BAI Certified Coach,3.8,273,True,"{""instagram"": ""https://instagram.com/star-sports-club-gangtok-764"", ""facebook"": ""https://facebook.com/star-sports-club-gangtok-764"", ""youtube"": ""https://youtube.com/@star-sports-club-gangtok-764""}"
e087073c-b9fa-47cb-a9c1-3a707ac3594b,Victory Sports Institute Gangtok 765,victory-sports-institute-gangtok-765,27.306927,88.592827,Professional Badminton coaching academy offering structured training programs.,Badminton,"Plot 159, Champions Street, Gangtok",Gangtok,Sikkim,+916631563682,"https://maps.google.com/?q=27.306927,88.592827",https://picsum.photos/seed/victory-sports-institute-gangtok-765/800/600,Suresh Sharma,Badminton,17 Years,Victory Sports Institute Gangtok 765,₹6326/month,"Wooden Courts, Shuttle Supply, Indoor Courts, Fitness Center",4:00 PM - 6:00 PM,All Ages,Mixed,25,BAI Certified Coach,4.1,247,False,"{""instagram"": ""https://instagram.com/victory-sports-institute-gangtok-765"", ""facebook"": ""https://facebook.com/victory-sports-institute-gangtok-765"", ""youtube"": ""https://youtube.com/@victory-sports-institute-gangtok-765""}"
2cdf1762-2212-42de-b8da-6027d0cd3735,Star Sports Institute Gangtok 766,star-sports-institute-gangtok-766,27.372202,88.620716,Professional Badminton coaching academy offering structured training programs.,Badminton,"Plot 846, Champions Street, Gangtok",Gangtok,Sikkim,+918833987243,"https://maps.google.com/?q=27.372202,88.620716",https://picsum.photos/seed/star-sports-institute-gangtok-766/800/600,Lokesh Mishra,Badminton,23 Years,Star Sports Institute Gangtok 766,₹4826/month,"Indoor Courts, Wooden Courts, Shuttle Supply, Fitness Center",6:00 PM - 8:00 PM,5-10,Girls,42,BAI Certified Coach,4.9,30,False,"{""instagram"": ""https://instagram.com/star-sports-institute-gangtok-766"", ""facebook"": ""https://facebook.com/star-sports-institute-gangtok-766"", ""youtube"": ""https://youtube.com/@star-sports-institute-gangtok-766""}"
c1e404af-e060-432d-9048-533a47ac4670,Royal Sports Academy Gangtok 767,royal-sports-academy-gangtok-767,27.319973,88.559356,Professional Athletics coaching academy offering structured training programs.,Athletics,"Plot 134, Stadium Road, Gangtok",Gangtok,Sikkim,+916588721518,"https://maps.google.com/?q=27.319973,88.559356",https://picsum.photos/seed/royal-sports-academy-gangtok-767/800/600,Rahul Pillai,Athletics,3 Years,Royal Sports Academy Gangtok 767,₹2470/month,"Gym, Running Track, Fitness Center, Recovery Zone",6:00 AM - 8:00 AM,All Ages,Boys,29,Athletics Federation Certified,4.2,219,False,"{""instagram"": ""https://instagram.com/royal-sports-academy-gangtok-767"", ""facebook"": ""https://facebook.com/royal-sports-academy-gangtok-767"", ""youtube"": ""https://youtube.com/@royal-sports-academy-gangtok-767""}"
dbead6a8-15dd-4157-a1d8-0e0f7a3e26cb,Future Sports Club Gangtok 768,future-sports-club-gangtok-768,27.324878,88.574962,Professional Football coaching academy offering structured training programs.,Football,"Plot 544, Stadium Road, Gangtok",Gangtok,Sikkim,+919344607077,"https://maps.google.com/?q=27.324878,88.574962",https://picsum.photos/seed/future-sports-club-gangtok-768/800/600,Deepak Joshi,Football,13 Years,Future Sports Club Gangtok 768,₹5830/month,"Locker Rooms, Natural Grass Ground, Flood Lights, Fitness Center",5:30 AM - 7:30 AM,18+,Mixed,88,"AIFF D License, AIFF C License",4.7,333,False,"{""instagram"": ""https://instagram.com/future-sports-club-gangtok-768"", ""facebook"": ""https://facebook.com/future-sports-club-gangtok-768"", ""youtube"": ""https://youtube.com/@future-sports-club-gangtok-768""}"
c4556df3-bbf4-435a-ba56-5df614fe1232,Legend Performance Academy Gangtok 769,legend-performance-academy-gangtok-769,27.330892,88.576115,Professional Tennis coaching academy offering structured training programs.,Tennis,"Plot 524, Stadium Road, Gangtok",Gangtok,Sikkim,+917815577608,"https://maps.google.com/?q=27.330892,88.576115",https://picsum.photos/seed/legend-performance-academy-gangtok-769/800/600,Prakash Choudhary,Tennis,19 Years,Legend Performance Academy Gangtok 769,₹8036/month,"Hard Court, Clay Court, Ball Machine, Fitness Center",6:00 AM - 8:00 AM,All Ages,Mixed,39,AITA Certified Coach,4.9,233,True,"{""instagram"": ""https://instagram.com/legend-performance-academy-gangtok-769"", ""facebook"": ""https://facebook.com/legend-performance-academy-gangtok-769"", ""youtube"": ""https://youtube.com/@legend-performance-academy-gangtok-769""}"
b787a7bf-d1cb-4b3e-a225-355e0c8d891f,Pro Performance Academy Gangtok 770,pro-performance-academy-gangtok-770,27.289229,88.626503,Professional Badminton coaching academy offering structured training programs.,Badminton,"Plot 523, Sports Nagar, Gangtok",Gangtok,Sikkim,+917474491469,"https://maps.google.com/?q=27.289229,88.626503",https://picsum.photos/seed/pro-performance-academy-gangtok-770/800/600,Sanjay Nair,Badminton,4 Years,Pro Performance Academy Gangtok 770,₹6299/month,"Shuttle Supply, Wooden Courts, Indoor Courts, Fitness Center",6:00 AM - 8:00 AM,18+,Girls,62,BAI Certified Coach,4.5,414,True,"{""instagram"": ""https://instagram.com/pro-performance-academy-gangtok-770"", ""facebook"": ""https://facebook.com/pro-performance-academy-gangtok-770"", ""youtube"": ""https://youtube.com/@pro-performance-academy-gangtok-770""}"
cacefd92-7389-4277-af5d-cce6e0975f6b,Victory Sports Academy Tiruchirappalli 771,victory-sports-academy-tiruchirappalli-771,10.780639,78.708567,Professional Athletics coaching academy offering structured training programs.,Athletics,"Plot 286, Sports Hub, Tiruchirappalli",Tiruchirappalli,Tamil Nadu,+918344172287,"https://maps.google.com/?q=10.780639,78.708567",https://picsum.photos/seed/victory-sports-academy-tiruchirappalli-771/800/600,Deepak Verma,Athletics,18 Years,Victory Sports Academy Tiruchirappalli 771,₹4727/month,"Gym, Running Track, Recovery Zone, Fitness Center",4:00 PM - 6:00 PM,18+,Mixed,39,Athletics Federation Certified,3.7,106,True,"{""instagram"": ""https://instagram.com/victory-sports-academy-tiruchirappalli-771"", ""facebook"": ""https://facebook.com/victory-sports-academy-tiruchirappalli-771"", ""youtube"": ""https://youtube.com/@victory-sports-academy-tiruchirappalli-771""}"
1696b074-764a-4fb8-b488-5dc019d54f39,Prime Sports Club Coimbatore 772,prime-sports-club-coimbatore-772,11.001128,76.910027,Professional Badminton coaching academy offering structured training programs.,Badminton,"Plot 299, Sports Hub, Coimbatore",Coimbatore,Tamil Nadu,+916908227091,"https://maps.google.com/?q=11.001128,76.910027",https://picsum.photos/seed/prime-sports-club-coimbatore-772/800/600,Aman Singh,Badminton,19 Years,Prime Sports Club Coimbatore 772,₹5503/month,"Indoor Courts, Fitness Center, Shuttle Supply, Wooden Courts",6:00 PM - 8:00 PM,10-15,Boys,42,BAI Certified Coach,4.8,395,True,"{""instagram"": ""https://instagram.com/prime-sports-club-coimbatore-772"", ""facebook"": ""https://facebook.com/prime-sports-club-coimbatore-772"", ""youtube"": ""https://youtube.com/@prime-sports-club-coimbatore-772""}"
c48f022b-38b5-4821-99a2-f0cef5e782b1,Elite Training Center Madurai 773,elite-training-center-madurai-773,9.927953,78.111061,Professional Cricket coaching academy offering structured training programs.,Cricket,"Plot 561, Sports Hub, Madurai",Madurai,Tamil Nadu,+919474484347,"https://maps.google.com/?q=9.927953,78.111061",https://picsum.photos/seed/elite-training-center-madurai-773/800/600,Aman Singh,Cricket,13 Years,Elite Training Center Madurai 773,₹7371/month,"Bowling Machine, Turf Nets, Practice Pitch, Gym",6:00 PM - 8:00 PM,10-15,Boys,96,"BCCI Level 1, BCCI Level 2",4.0,76,False,"{""instagram"": ""https://instagram.com/elite-training-center-madurai-773"", ""facebook"": ""https://facebook.com/elite-training-center-madurai-773"", ""youtube"": ""https://youtube.com/@elite-training-center-madurai-773""}"
96e1ac8f-14b6-44e5-9f23-adc6236dc0e3,Royal Training Center Coimbatore 774,royal-training-center-coimbatore-774,11.010996,76.994816,Professional Football coaching academy offering structured training programs.,Football,"Plot 528, Champions Street, Coimbatore",Coimbatore,Tamil Nadu,+919161701544,"https://maps.google.com/?q=11.010996,76.994816",https://picsum.photos/seed/royal-training-center-coimbatore-774/800/600,Suresh Choudhary,Football,5 Years,Royal Training Center Coimbatore 774,₹5644/month,"Fitness Center, Training Cones, Locker Rooms, Flood Lights",6:00 AM - 8:00 AM,15-18,Boys,23,"AIFF D License, AIFF C License",4.8,234,False,"{""instagram"": ""https://instagram.com/royal-training-center-coimbatore-774"", ""facebook"": ""https://facebook.com/royal-training-center-coimbatore-774"", ""youtube"": ""https://youtube.com/@royal-training-center-coimbatore-774""}"
18c2828f-e7fe-458a-b6c2-2748f7c341ec,Royal Sports Institute Madurai 775,royal-sports-institute-madurai-775,9.894778,78.15435,Professional Badminton coaching academy offering structured training programs.,Badminton,"Plot 299, Ring Road, Madurai",Madurai,Tamil Nadu,+917720338747,"https://maps.google.com/?q=9.894778,78.15435",https://picsum.photos/seed/royal-sports-institute-madurai-775/800/600,Mahesh Yadav,Badminton,17 Years,Royal Sports Institute Madurai 775,₹5919/month,"Shuttle Supply, Indoor Courts, Fitness Center, Wooden Courts",5:30 AM - 7:30 AM,10-15,Mixed,24,BAI Certified Coach,3.7,251,False,"{""instagram"": ""https://instagram.com/royal-sports-institute-madurai-775"", ""facebook"": ""https://facebook.com/royal-sports-institute-madurai-775"", ""youtube"": ""https://youtube.com/@royal-sports-institute-madurai-775""}"
f4d977c8-7b70-4630-abf1-37af5696aa46,Victory Performance Academy Tiruchirappalli 776,victory-performance-academy-tiruchirappalli-776,10.78984,78.687117,Professional Football coaching academy offering structured training programs.,Football,"Plot 8, Sports Nagar, Tiruchirappalli",Tiruchirappalli,Tamil Nadu,+917783032935,"https://maps.google.com/?q=10.78984,78.687117",https://picsum.photos/seed/victory-performance-academy-tiruchirappalli-776/800/600,Aman Verma,Football,25 Years,Victory Performance Academy Tiruchirappalli 776,₹7201/month,"Natural Grass Ground, Locker Rooms, Flood Lights, Fitness Center",4:00 PM - 6:00 PM,5-10,Mixed,68,"AIFF D License, AIFF C License",4.7,188,False,"{""instagram"": ""https://instagram.com/victory-performance-academy-tiruchirappalli-776"", ""facebook"": ""https://facebook.com/victory-performance-academy-tiruchirappalli-776"", ""youtube"": ""https://youtube.com/@victory-performance-academy-tiruchirappalli-776""}"
31148d56-985b-4197-8ba5-a92ef8258c0f,Future Sports Institute Tiruchirappalli 777,future-sports-institute-tiruchirappalli-777,10.779805,78.694026,Professional Athletics coaching academy offering structured training programs.,Athletics,"Plot 197, Central Park, Tiruchirappalli",Tiruchirappalli,Tamil Nadu,+917930743005,"https://maps.google.com/?q=10.779805,78.694026",https://picsum.photos/seed/future-sports-institute-tiruchirappalli-777/800/600,Ravi Sharma,Athletics,2 Years,Future Sports Institute Tiruchirappalli 777,₹3563/month,"Running Track, Fitness Center, Recovery Zone, Gym",6:00 PM - 8:00 PM,10-15,Girls,20,Athletics Federation Certified,4.7,58,False,"{""instagram"": ""https://instagram.com/future-sports-institute-tiruchirappalli-777"", ""facebook"": ""https://facebook.com/future-sports-institute-tiruchirappalli-777"", ""youtube"": ""https://youtube.com/@future-sports-institute-tiruchirappalli-777""}"
4675e9bb-86ed-488d-9b75-85daebf8acb0,Master Performance Academy Tiruchirappalli 778,master-performance-academy-tiruchirappalli-778,10.775744,78.700277,Professional Badminton coaching academy offering structured training programs.,Badminton,"Plot 743, Stadium Road, Tiruchirappalli",Tiruchirappalli,Tamil Nadu,+917420072920,"https://maps.google.com/?q=10.775744,78.700277",https://picsum.photos/seed/master-performance-academy-tiruchirappalli-778/800/600,Vikram Yadav,Badminton,12 Years,Master Performance Academy Tiruchirappalli 778,₹3016/month,"Indoor Courts, Shuttle Supply, Wooden Courts, Fitness Center",5:00 PM - 7:00 PM,18+,Girls,57,BAI Certified Coach,3.6,425,False,"{""instagram"": ""https://instagram.com/master-performance-academy-tiruchirappalli-778"", ""facebook"": ""https://facebook.com/master-performance-academy-tiruchirappalli-778"", ""youtube"": ""https://youtube.com/@master-performance-academy-tiruchirappalli-778""}"
a99cf1bb-4d6a-4a70-8c1b-429885a10c49,Legend Athletic Center Chennai 779,legend-athletic-center-chennai-779,13.083246,80.301817,Professional Athletics coaching academy offering structured training programs.,Athletics,"Plot 481, Ring Road, Chennai",Chennai,Tamil Nadu,+919801894528,"https://maps.google.com/?q=13.083246,80.301817",https://picsum.photos/seed/legend-athletic-center-chennai-779/800/600,Ajay Rao,Athletics,20 Years,Legend Athletic Center Chennai 779,₹3954/month,"Recovery Zone, Running Track, Gym, Fitness Center",6:00 AM - 8:00 AM,15-18,Boys,95,Athletics Federation Certified,3.8,321,False,"{""instagram"": ""https://instagram.com/legend-athletic-center-chennai-779"", ""facebook"": ""https://facebook.com/legend-athletic-center-chennai-779"", ""youtube"": ""https://youtube.com/@legend-athletic-center-chennai-779""}"
c8b76225-b9f8-4578-b756-b0b3ebd7bdce,Dynamic Sports Institute Coimbatore 780,dynamic-sports-institute-coimbatore-780,10.982194,76.933168,Professional Tennis coaching academy offering structured training programs.,Tennis,"Plot 106, Central Park, Coimbatore",Coimbatore,Tamil Nadu,+919944699014,"https://maps.google.com/?q=10.982194,76.933168",https://picsum.photos/seed/dynamic-sports-institute-coimbatore-780/800/600,Prakash Yadav,Tennis,25 Years,Dynamic Sports Institute Coimbatore 780,₹4304/month,"Clay Court, Fitness Center, Hard Court, Ball Machine",6:00 PM - 8:00 PM,18+,Boys,59,AITA Certified Coach,3.7,483,False,"{""instagram"": ""https://instagram.com/dynamic-sports-institute-coimbatore-780"", ""facebook"": ""https://facebook.com/dynamic-sports-institute-coimbatore-780"", ""youtube"": ""https://youtube.com/@dynamic-sports-institute-coimbatore-780""}"
788d5f42-6d9a-4123-a05c-690f2aff67c5,Future Training Center Coimbatore 781,future-training-center-coimbatore-781,10.995517,76.937953,Professional Badminton coaching academy offering structured training programs.,Badminton,"Plot 33, Sports Nagar, Coimbatore",Coimbatore,Tamil Nadu,+916950701946,"https://maps.google.com/?q=10.995517,76.937953",https://picsum.photos/seed/future-training-center-coimbatore-781/800/600,Kiran Sharma,Badminton,11 Years,Future Training Center Coimbatore 781,₹3457/month,"Fitness Center, Shuttle Supply, Wooden Courts, Indoor Courts",6:00 AM - 8:00 AM,15-18,Girls,36,BAI Certified Coach,3.5,452,True,"{""instagram"": ""https://instagram.com/future-training-center-coimbatore-781"", ""facebook"": ""https://facebook.com/future-training-center-coimbatore-781"", ""youtube"": ""https://youtube.com/@future-training-center-coimbatore-781""}"
c8aec446-2b69-4e0a-bf89-5d6d7c26d993,Royal Sports Club Tiruchirappalli 782,royal-sports-club-tiruchirappalli-782,10.830724,78.684198,Professional Football coaching academy offering structured training programs.,Football,"Plot 32, Ring Road, Tiruchirappalli",Tiruchirappalli,Tamil Nadu,+919157089478,"https://maps.google.com/?q=10.830724,78.684198",https://picsum.photos/seed/royal-sports-club-tiruchirappalli-782/800/600,Suresh Reddy,Football,9 Years,Royal Sports Club Tiruchirappalli 782,₹5871/month,"Training Cones, Flood Lights, Locker Rooms, Fitness Center",5:00 PM - 7:00 PM,15-18,Girls,49,"AIFF D License, AIFF C License",4.0,248,False,"{""instagram"": ""https://instagram.com/royal-sports-club-tiruchirappalli-782"", ""facebook"": ""https://facebook.com/royal-sports-club-tiruchirappalli-782"", ""youtube"": ""https://youtube.com/@royal-sports-club-tiruchirappalli-782""}"
aeab6040-3ef1-4442-891f-0f155c2912ed,Dynamic Sports Club Coimbatore 783,dynamic-sports-club-coimbatore-783,10.995781,76.975867,Professional Athletics coaching academy offering structured training programs.,Athletics,"Plot 573, Main Road, Coimbatore",Coimbatore,Tamil Nadu,+917146126716,"https://maps.google.com/?q=10.995781,76.975867",https://picsum.photos/seed/dynamic-sports-club-coimbatore-783/800/600,Lokesh Gupta,Athletics,21 Years,Dynamic Sports Club Coimbatore 783,₹2534/month,"Gym, Running Track, Fitness Center, Recovery Zone",5:00 PM - 7:00 PM,18+,Girls,72,Athletics Federation Certified,4.7,274,True,"{""instagram"": ""https://instagram.com/dynamic-sports-club-coimbatore-783"", ""facebook"": ""https://facebook.com/dynamic-sports-club-coimbatore-783"", ""youtube"": ""https://youtube.com/@dynamic-sports-club-coimbatore-783""}"
33f9f604-ec48-458a-820b-4bc5d8861c55,Master Performance Academy Tiruchirappalli 784,master-performance-academy-tiruchirappalli-784,10.764883,78.717727,Professional Cricket coaching academy offering structured training programs.,Cricket,"Plot 417, Central Park, Tiruchirappalli",Tiruchirappalli,Tamil Nadu,+916097107786,"https://maps.google.com/?q=10.764883,78.717727",https://picsum.photos/seed/master-performance-academy-tiruchirappalli-784/800/600,Arjun Pillai,Cricket,3 Years,Master Performance Academy Tiruchirappalli 784,₹6676/month,"Practice Pitch, Bowling Machine, Gym, Turf Nets",4:00 PM - 6:00 PM,18+,Mixed,51,"BCCI Level 1, BCCI Level 2",4.5,336,False,"{""instagram"": ""https://instagram.com/master-performance-academy-tiruchirappalli-784"", ""facebook"": ""https://facebook.com/master-performance-academy-tiruchirappalli-784"", ""youtube"": ""https://youtube.com/@master-performance-academy-tiruchirappalli-784""}"
8ef59e02-ccb5-44b8-b2eb-580c13a51c2e,Royal Sports Academy Tiruchirappalli 785,royal-sports-academy-tiruchirappalli-785,10.765399,78.675147,Professional Tennis coaching academy offering structured training programs.,Tennis,"Plot 902, Athletic Colony, Tiruchirappalli",Tiruchirappalli,Tamil Nadu,+919195853419,"https://maps.google.com/?q=10.765399,78.675147",https://picsum.photos/seed/royal-sports-academy-tiruchirappalli-785/800/600,Suresh Patel,Tennis,25 Years,Royal Sports Academy Tiruchirappalli 785,₹4689/month,"Hard Court, Clay Court, Ball Machine, Fitness Center",4:00 PM - 6:00 PM,All Ages,Boys,95,AITA Certified Coach,4.9,477,True,"{""instagram"": ""https://instagram.com/royal-sports-academy-tiruchirappalli-785"", ""facebook"": ""https://facebook.com/royal-sports-academy-tiruchirappalli-785"", ""youtube"": ""https://youtube.com/@royal-sports-academy-tiruchirappalli-785""}"
a60e075f-9dfd-4483-9314-b817cc8b4a19,Champion Training Center Chennai 786,champion-training-center-chennai-786,13.129177,80.226665,Professional Cricket coaching academy offering structured training programs.,Cricket,"Plot 547, Sports Hub, Chennai",Chennai,Tamil Nadu,+918264111373,"https://maps.google.com/?q=13.129177,80.226665",https://picsum.photos/seed/champion-training-center-chennai-786/800/600,Harish Patel,Cricket,2 Years,Champion Training Center Chennai 786,₹4147/month,"Bowling Machine, Practice Pitch, Gym, Turf Nets",4:00 PM - 6:00 PM,15-18,Boys,46,"BCCI Level 1, BCCI Level 2",4.7,281,True,"{""instagram"": ""https://instagram.com/champion-training-center-chennai-786"", ""facebook"": ""https://facebook.com/champion-training-center-chennai-786"", ""youtube"": ""https://youtube.com/@champion-training-center-chennai-786""}"
2f4e7768-5848-4bb0-be5b-70f34572863e,Future Sports Institute Coimbatore 787,future-sports-institute-coimbatore-787,10.996037,76.970477,Professional Cricket coaching academy offering structured training programs.,Cricket,"Plot 371, Sports Complex, Coimbatore",Coimbatore,Tamil Nadu,+918508782168,"https://maps.google.com/?q=10.996037,76.970477",https://picsum.photos/seed/future-sports-institute-coimbatore-787/800/600,Deepak Reddy,Cricket,12 Years,Future Sports Institute Coimbatore 787,₹7150/month,"Video Analysis, Practice Pitch, Gym, Turf Nets",6:00 PM - 8:00 PM,15-18,Mixed,76,"BCCI Level 1, BCCI Level 2",4.2,221,False,"{""instagram"": ""https://instagram.com/future-sports-institute-coimbatore-787"", ""facebook"": ""https://facebook.com/future-sports-institute-coimbatore-787"", ""youtube"": ""https://youtube.com/@future-sports-institute-coimbatore-787""}"
e05a525c-2ed9-46e0-a56a-d36b1df7bb0b,Star Sports Club Madurai 788,star-sports-club-madurai-788,9.909538,78.161134,Professional Football coaching academy offering structured training programs.,Football,"Plot 583, Ring Road, Madurai",Madurai,Tamil Nadu,+919731159474,"https://maps.google.com/?q=9.909538,78.161134",https://picsum.photos/seed/star-sports-club-madurai-788/800/600,Aman Choudhary,Football,12 Years,Star Sports Club Madurai 788,₹7444/month,"Fitness Center, Locker Rooms, Training Cones, Flood Lights",5:30 AM - 7:30 AM,10-15,Boys,74,"AIFF D License, AIFF C License",4.5,495,True,"{""instagram"": ""https://instagram.com/star-sports-club-madurai-788"", ""facebook"": ""https://facebook.com/star-sports-club-madurai-788"", ""youtube"": ""https://youtube.com/@star-sports-club-madurai-788""}"
b7c25e31-8de9-43a7-b856-f897218ab1b6,Master Athletic Center Tiruchirappalli 789,master-athletic-center-tiruchirappalli-789,10.751774,78.70479,Professional Tennis coaching academy offering structured training programs.,Tennis,"Plot 341, Victory Avenue, Tiruchirappalli",Tiruchirappalli,Tamil Nadu,+916414800765,"https://maps.google.com/?q=10.751774,78.70479",https://picsum.photos/seed/master-athletic-center-tiruchirappalli-789/800/600,Kiran Pillai,Tennis,20 Years,Master Athletic Center Tiruchirappalli 789,₹10104/month,"Hard Court, Fitness Center, Clay Court, Ball Machine",5:30 AM - 7:30 AM,All Ages,Mixed,61,AITA Certified Coach,4.4,272,True,"{""instagram"": ""https://instagram.com/master-athletic-center-tiruchirappalli-789"", ""facebook"": ""https://facebook.com/master-athletic-center-tiruchirappalli-789"", ""youtube"": ""https://youtube.com/@master-athletic-center-tiruchirappalli-789""}"
5d63b294-d928-4202-9bf2-907a8d8a2fba,Master Sports Institute Tiruchirappalli 790,master-sports-institute-tiruchirappalli-790,10.820778,78.702766,Professional Volleyball coaching academy offering structured training programs.,Volleyball,"Plot 2, Sports Nagar, Tiruchirappalli",Tiruchirappalli,Tamil Nadu,+919761243221,"https://maps.google.com/?q=10.820778,78.702766",https://picsum.photos/seed/master-sports-institute-tiruchirappalli-790/800/600,Suresh Nair,Volleyball,21 Years,Master Sports Institute Tiruchirappalli 790,₹5060/month,"Flood Lights, Fitness Center, Indoor Court, Sand Court",4:00 PM - 6:00 PM,15-18,Boys,49,Volleyball Federation Certified,3.6,219,True,"{""instagram"": ""https://instagram.com/master-sports-institute-tiruchirappalli-790"", ""facebook"": ""https://facebook.com/master-sports-institute-tiruchirappalli-790"", ""youtube"": ""https://youtube.com/@master-sports-institute-tiruchirappalli-790""}"
0b1bcba0-9b6a-4bc6-9c28-336d00e8b8f3,Future Athletic Center Coimbatore 791,future-athletic-center-coimbatore-791,11.049138,76.924879,Professional Volleyball coaching academy offering structured training programs.,Volleyball,"Plot 305, Stadium Road, Coimbatore",Coimbatore,Tamil Nadu,+919793806364,"https://maps.google.com/?q=11.049138,76.924879",https://picsum.photos/seed/future-athletic-center-coimbatore-791/800/600,Prakash Nair,Volleyball,20 Years,Future Athletic Center Coimbatore 791,₹4132/month,"Fitness Center, Sand Court, Flood Lights, Indoor Court",4:00 PM - 6:00 PM,All Ages,Girls,44,Volleyball Federation Certified,4.0,427,False,"{""instagram"": ""https://instagram.com/future-athletic-center-coimbatore-791"", ""facebook"": ""https://facebook.com/future-athletic-center-coimbatore-791"", ""youtube"": ""https://youtube.com/@future-athletic-center-coimbatore-791""}"
e71f2614-9a2f-4cfc-9e2a-8f2b2fb9d3cc,Dynamic Sports Club Madurai 792,dynamic-sports-club-madurai-792,9.962849,78.137208,Professional Cricket coaching academy offering structured training programs.,Cricket,"Plot 939, Athletic Colony, Madurai",Madurai,Tamil Nadu,+917874627904,"https://maps.google.com/?q=9.962849,78.137208",https://picsum.photos/seed/dynamic-sports-club-madurai-792/800/600,Kiran Verma,Cricket,21 Years,Dynamic Sports Club Madurai 792,₹8918/month,"Bowling Machine, Video Analysis, Practice Pitch, Gym",4:00 PM - 6:00 PM,5-10,Girls,62,"BCCI Level 1, BCCI Level 2",4.8,135,False,"{""instagram"": ""https://instagram.com/dynamic-sports-club-madurai-792"", ""facebook"": ""https://facebook.com/dynamic-sports-club-madurai-792"", ""youtube"": ""https://youtube.com/@dynamic-sports-club-madurai-792""}"
1eb54775-e3c6-49b4-a0aa-764b353957c4,Dynamic Athletic Center Tiruchirappalli 793,dynamic-athletic-center-tiruchirappalli-793,10.763671,78.722553,Professional Badminton coaching academy offering structured training programs.,Badminton,"Plot 375, Champions Street, Tiruchirappalli",Tiruchirappalli,Tamil Nadu,+917258431269,"https://maps.google.com/?q=10.763671,78.722553",https://picsum.photos/seed/dynamic-athletic-center-tiruchirappalli-793/800/600,Prakash Verma,Badminton,12 Years,Dynamic Athletic Center Tiruchirappalli 793,₹6302/month,"Shuttle Supply, Indoor Courts, Fitness Center, Wooden Courts",6:00 PM - 8:00 PM,18+,Mixed,78,BAI Certified Coach,4.0,443,True,"{""instagram"": ""https://instagram.com/dynamic-athletic-center-tiruchirappalli-793"", ""facebook"": ""https://facebook.com/dynamic-athletic-center-tiruchirappalli-793"", ""youtube"": ""https://youtube.com/@dynamic-athletic-center-tiruchirappalli-793""}"
f27a5ede-92bd-43eb-a824-6577d45e6e46,Victory Sports Club Chennai 794,victory-sports-club-chennai-794,13.079853,80.290293,Professional Cricket coaching academy offering structured training programs.,Cricket,"Plot 283, Main Road, Chennai",Chennai,Tamil Nadu,+919603599906,"https://maps.google.com/?q=13.079853,80.290293",https://picsum.photos/seed/victory-sports-club-chennai-794/800/600,Harish Mishra,Cricket,19 Years,Victory Sports Club Chennai 794,₹6202/month,"Gym, Video Analysis, Bowling Machine, Turf Nets",5:00 PM - 7:00 PM,All Ages,Mixed,88,"BCCI Level 1, BCCI Level 2",4.8,495,False,"{""instagram"": ""https://instagram.com/victory-sports-club-chennai-794"", ""facebook"": ""https://facebook.com/victory-sports-club-chennai-794"", ""youtube"": ""https://youtube.com/@victory-sports-club-chennai-794""}"
67082eb9-2f97-4031-8a16-c04f4a69b50d,Royal Sports Club Madurai 795,royal-sports-club-madurai-795,9.877316,78.102007,Professional Volleyball coaching academy offering structured training programs.,Volleyball,"Plot 974, Stadium Road, Madurai",Madurai,Tamil Nadu,+916944864955,"https://maps.google.com/?q=9.877316,78.102007",https://picsum.photos/seed/royal-sports-club-madurai-795/800/600,Suresh Nair,Volleyball,14 Years,Royal Sports Club Madurai 795,₹2241/month,"Flood Lights, Fitness Center, Sand Court, Indoor Court",6:00 PM - 8:00 PM,5-10,Girls,58,Volleyball Federation Certified,4.0,224,False,"{""instagram"": ""https://instagram.com/royal-sports-club-madurai-795"", ""facebook"": ""https://facebook.com/royal-sports-club-madurai-795"", ""youtube"": ""https://youtube.com/@royal-sports-club-madurai-795""}"
7f949aa2-45b3-4c70-abda-6984277e75a5,Royal Performance Academy Coimbatore 796,royal-performance-academy-coimbatore-796,11.046007,76.997037,Professional Swimming coaching academy offering structured training programs.,Swimming,"Plot 503, Sports Nagar, Coimbatore",Coimbatore,Tamil Nadu,+917415643506,"https://maps.google.com/?q=11.046007,76.997037",https://picsum.photos/seed/royal-performance-academy-coimbatore-796/800/600,Arjun Rao,Swimming,18 Years,Royal Performance Academy Coimbatore 796,₹7915/month,"Changing Rooms, Olympic Pool, Lifeguard Support, Kids Pool",6:00 PM - 8:00 PM,18+,Girls,84,Swimming Federation Certified,4.6,353,False,"{""instagram"": ""https://instagram.com/royal-performance-academy-coimbatore-796"", ""facebook"": ""https://facebook.com/royal-performance-academy-coimbatore-796"", ""youtube"": ""https://youtube.com/@royal-performance-academy-coimbatore-796""}"
e922c45f-69e7-4b3b-9cdf-cfe32796243e,Dynamic Training Center Chennai 797,dynamic-training-center-chennai-797,13.104386,80.23252,Professional Tennis coaching academy offering structured training programs.,Tennis,"Plot 342, Champions Street, Chennai",Chennai,Tamil Nadu,+918754699312,"https://maps.google.com/?q=13.104386,80.23252",https://picsum.photos/seed/dynamic-training-center-chennai-797/800/600,Mahesh Patel,Tennis,7 Years,Dynamic Training Center Chennai 797,₹4466/month,"Ball Machine, Clay Court, Hard Court, Fitness Center",4:00 PM - 6:00 PM,10-15,Girls,54,AITA Certified Coach,4.4,278,False,"{""instagram"": ""https://instagram.com/dynamic-training-center-chennai-797"", ""facebook"": ""https://facebook.com/dynamic-training-center-chennai-797"", ""youtube"": ""https://youtube.com/@dynamic-training-center-chennai-797""}"
ef72b2f6-2536-4e54-9ff9-069ed6def604,Star Sports Academy Tiruchirappalli 798,star-sports-academy-tiruchirappalli-798,10.802622,78.664308,Professional Badminton coaching academy offering structured training programs.,Badminton,"Plot 154, Athletic Colony, Tiruchirappalli",Tiruchirappalli,Tamil Nadu,+916518930154,"https://maps.google.com/?q=10.802622,78.664308",https://picsum.photos/seed/star-sports-academy-tiruchirappalli-798/800/600,Rahul Sharma,Badminton,10 Years,Star Sports Academy Tiruchirappalli 798,₹5759/month,"Indoor Courts, Wooden Courts, Shuttle Supply, Fitness Center",5:30 AM - 7:30 AM,All Ages,Girls,50,BAI Certified Coach,3.7,301,True,"{""instagram"": ""https://instagram.com/star-sports-academy-tiruchirappalli-798"", ""facebook"": ""https://facebook.com/star-sports-academy-tiruchirappalli-798"", ""youtube"": ""https://youtube.com/@star-sports-academy-tiruchirappalli-798""}"
4bb67fa8-fc81-42bd-a769-dfd2cd220408,National Training Center Madurai 799,national-training-center-madurai-799,9.918964,78.08648,Professional Swimming coaching academy offering structured training programs.,Swimming,"Plot 63, Athletic Colony, Madurai",Madurai,Tamil Nadu,+919922130447,"https://maps.google.com/?q=9.918964,78.08648",https://picsum.photos/seed/national-training-center-madurai-799/800/600,Rahul Nair,Swimming,8 Years,National Training Center Madurai 799,₹3533/month,"Olympic Pool, Changing Rooms, Kids Pool, Lifeguard Support",5:00 PM - 7:00 PM,All Ages,Boys,50,Swimming Federation Certified,3.7,148,False,"{""instagram"": ""https://instagram.com/national-training-center-madurai-799"", ""facebook"": ""https://facebook.com/national-training-center-madurai-799"", ""youtube"": ""https://youtube.com/@national-training-center-madurai-799""}"
b13a09fd-c1a6-484e-8fe5-34ee08c2a0bd,Champion Sports Club Tiruchirappalli 800,champion-sports-club-tiruchirappalli-800,10.795691,78.745646,Professional Athletics coaching academy offering structured training programs.,Athletics,"Plot 351, Ring Road, Tiruchirappalli",Tiruchirappalli,Tamil Nadu,+916339735505,"https://maps.google.com/?q=10.795691,78.745646",https://picsum.photos/seed/champion-sports-club-tiruchirappalli-800/800/600,Kiran Singh,Athletics,6 Years,Champion Sports Club Tiruchirappalli 800,₹4369/month,"Gym, Running Track, Recovery Zone, Fitness Center",6:00 AM - 8:00 AM,5-10,Girls,24,Athletics Federation Certified,4.6,459,True,"{""instagram"": ""https://instagram.com/champion-sports-club-tiruchirappalli-800"", ""facebook"": ""https://facebook.com/champion-sports-club-tiruchirappalli-800"", ""youtube"": ""https://youtube.com/@champion-sports-club-tiruchirappalli-800""}"
1a5417fe-ee50-4222-b380-2f8e10fd6b18,Legend Sports Institute Madurai 801,legend-sports-institute-madurai-801,9.961937,78.164896,Professional Tennis coaching academy offering structured training programs.,Tennis,"Plot 618, Main Road, Madurai",Madurai,Tamil Nadu,+916307918667,"https://maps.google.com/?q=9.961937,78.164896",https://picsum.photos/seed/legend-sports-institute-madurai-801/800/600,Prakash Joshi,Tennis,6 Years,Legend Sports Institute Madurai 801,₹5753/month,"Clay Court, Hard Court, Ball Machine, Fitness Center",5:00 PM - 7:00 PM,15-18,Girls,80,AITA Certified Coach,3.8,369,False,"{""instagram"": ""https://instagram.com/legend-sports-institute-madurai-801"", ""facebook"": ""https://facebook.com/legend-sports-institute-madurai-801"", ""youtube"": ""https://youtube.com/@legend-sports-institute-madurai-801""}"
174765b0-6c42-4e67-8b8d-17527ae7a63e,Champion Sports Academy Tiruchirappalli 802,champion-sports-academy-tiruchirappalli-802,10.814654,78.731372,Professional Badminton coaching academy offering structured training programs.,Badminton,"Plot 936, Sports Hub, Tiruchirappalli",Tiruchirappalli,Tamil Nadu,+919213165144,"https://maps.google.com/?q=10.814654,78.731372",https://picsum.photos/seed/champion-sports-academy-tiruchirappalli-802/800/600,Mahesh Choudhary,Badminton,20 Years,Champion Sports Academy Tiruchirappalli 802,₹2640/month,"Fitness Center, Indoor Courts, Shuttle Supply, Wooden Courts",6:00 PM - 8:00 PM,5-10,Mixed,62,BAI Certified Coach,4.3,347,False,"{""instagram"": ""https://instagram.com/champion-sports-academy-tiruchirappalli-802"", ""facebook"": ""https://facebook.com/champion-sports-academy-tiruchirappalli-802"", ""youtube"": ""https://youtube.com/@champion-sports-academy-tiruchirappalli-802""}"
43fb7226-1785-48d9-a7d5-006c45374763,Dynamic Training Center Madurai 803,dynamic-training-center-madurai-803,9.914142,78.094777,Professional Basketball coaching academy offering structured training programs.,Basketball,"Plot 538, Central Park, Madurai",Madurai,Tamil Nadu,+919505992067,"https://maps.google.com/?q=9.914142,78.094777",https://picsum.photos/seed/dynamic-training-center-madurai-803/800/600,Vikram Choudhary,Basketball,4 Years,Dynamic Training Center Madurai 803,₹4778/month,"Fitness Center, Locker Rooms, Indoor Court, Outdoor Court",4:00 PM - 6:00 PM,10-15,Mixed,41,Basketball Federation Certified,4.5,192,False,"{""instagram"": ""https://instagram.com/dynamic-training-center-madurai-803"", ""facebook"": ""https://facebook.com/dynamic-training-center-madurai-803"", ""youtube"": ""https://youtube.com/@dynamic-training-center-madurai-803""}"
c0482521-439f-41be-9c5d-dcdc031404a1,Champion Sports Institute Tiruchirappalli 804,champion-sports-institute-tiruchirappalli-804,10.820612,78.702825,Professional Basketball coaching academy offering structured training programs.,Basketball,"Plot 213, Athletic Colony, Tiruchirappalli",Tiruchirappalli,Tamil Nadu,+919441767115,"https://maps.google.com/?q=10.820612,78.702825",https://picsum.photos/seed/champion-sports-institute-tiruchirappalli-804/800/600,Kiran Gupta,Basketball,12 Years,Champion Sports Institute Tiruchirappalli 804,₹2580/month,"Fitness Center, Outdoor Court, Indoor Court, Locker Rooms",6:00 PM - 8:00 PM,10-15,Girls,55,Basketball Federation Certified,4.3,395,True,"{""instagram"": ""https://instagram.com/champion-sports-institute-tiruchirappalli-804"", ""facebook"": ""https://facebook.com/champion-sports-institute-tiruchirappalli-804"", ""youtube"": ""https://youtube.com/@champion-sports-institute-tiruchirappalli-804""}"
40aafa6b-3695-4fdf-9f3a-21ab23ef8d07,Pro Sports Academy Tiruchirappalli 805,pro-sports-academy-tiruchirappalli-805,10.817992,78.752225,Professional Tennis coaching academy offering structured training programs.,Tennis,"Plot 774, Victory Avenue, Tiruchirappalli",Tiruchirappalli,Tamil Nadu,+916528967751,"https://maps.google.com/?q=10.817992,78.752225",https://picsum.photos/seed/pro-sports-academy-tiruchirappalli-805/800/600,Ravi Yadav,Tennis,25 Years,Pro Sports Academy Tiruchirappalli 805,₹10612/month,"Hard Court, Fitness Center, Ball Machine, Clay Court",5:30 AM - 7:30 AM,10-15,Mixed,67,AITA Certified Coach,3.9,347,False,"{""instagram"": ""https://instagram.com/pro-sports-academy-tiruchirappalli-805"", ""facebook"": ""https://facebook.com/pro-sports-academy-tiruchirappalli-805"", ""youtube"": ""https://youtube.com/@pro-sports-academy-tiruchirappalli-805""}"
b655201b-89eb-4008-9a40-a2af3698ddbc,Elite Sports Institute Karimnagar 806,elite-sports-institute-karimnagar-806,18.391589,79.095963,Professional Basketball coaching academy offering structured training programs.,Basketball,"Plot 771, Ring Road, Karimnagar",Karimnagar,Telangana,+918879137675,"https://maps.google.com/?q=18.391589,79.095963",https://picsum.photos/seed/elite-sports-institute-karimnagar-806/800/600,Prakash Kumar,Basketball,22 Years,Elite Sports Institute Karimnagar 806,₹3884/month,"Locker Rooms, Fitness Center, Indoor Court, Outdoor Court",5:30 AM - 7:30 AM,10-15,Girls,33,Basketball Federation Certified,3.8,184,True,"{""instagram"": ""https://instagram.com/elite-sports-institute-karimnagar-806"", ""facebook"": ""https://facebook.com/elite-sports-institute-karimnagar-806"", ""youtube"": ""https://youtube.com/@elite-sports-institute-karimnagar-806""}"
6455d507-605d-4858-8f85-081e682e252f,Victory Sports Academy Karimnagar 807,victory-sports-academy-karimnagar-807,18.41907,79.115689,Professional Basketball coaching academy offering structured training programs.,Basketball,"Plot 165, Ring Road, Karimnagar",Karimnagar,Telangana,+917196962288,"https://maps.google.com/?q=18.41907,79.115689",https://picsum.photos/seed/victory-sports-academy-karimnagar-807/800/600,Aman Pillai,Basketball,13 Years,Victory Sports Academy Karimnagar 807,₹4388/month,"Fitness Center, Indoor Court, Locker Rooms, Outdoor Court",4:00 PM - 6:00 PM,18+,Boys,66,Basketball Federation Certified,4.9,142,True,"{""instagram"": ""https://instagram.com/victory-sports-academy-karimnagar-807"", ""facebook"": ""https://facebook.com/victory-sports-academy-karimnagar-807"", ""youtube"": ""https://youtube.com/@victory-sports-academy-karimnagar-807""}"
6de4e19d-fc19-4495-8819-fb9fe7d85a91,National Sports Club Warangal 808,national-sports-club-warangal-808,17.956988,79.597734,Professional Tennis coaching academy offering structured training programs.,Tennis,"Plot 38, Stadium Road, Warangal",Warangal,Telangana,+919869918556,"https://maps.google.com/?q=17.956988,79.597734",https://picsum.photos/seed/national-sports-club-warangal-808/800/600,Vikram Verma,Tennis,7 Years,National Sports Club Warangal 808,₹5524/month,"Fitness Center, Hard Court, Clay Court, Ball Machine",5:00 PM - 7:00 PM,18+,Girls,62,AITA Certified Coach,3.9,246,True,"{""instagram"": ""https://instagram.com/national-sports-club-warangal-808"", ""facebook"": ""https://facebook.com/national-sports-club-warangal-808"", ""youtube"": ""https://youtube.com/@national-sports-club-warangal-808""}"
80247b05-b14c-48a9-a90f-29e3c51ad853,Dynamic Sports Institute Hyderabad 809,dynamic-sports-institute-hyderabad-809,17.337917,78.506241,Professional Basketball coaching academy offering structured training programs.,Basketball,"Plot 885, Main Road, Hyderabad",Hyderabad,Telangana,+919380379150,"https://maps.google.com/?q=17.337917,78.506241",https://picsum.photos/seed/dynamic-sports-institute-hyderabad-809/800/600,Mahesh Reddy,Basketball,16 Years,Dynamic Sports Institute Hyderabad 809,₹4684/month,"Outdoor Court, Fitness Center, Indoor Court, Locker Rooms",4:00 PM - 6:00 PM,15-18,Girls,30,Basketball Federation Certified,3.6,14,False,"{""instagram"": ""https://instagram.com/dynamic-sports-institute-hyderabad-809"", ""facebook"": ""https://facebook.com/dynamic-sports-institute-hyderabad-809"", ""youtube"": ""https://youtube.com/@dynamic-sports-institute-hyderabad-809""}"
5a49b53c-390f-4499-8e41-24a01fccb642,Pro Athletic Center Karimnagar 810,pro-athletic-center-karimnagar-810,18.448326,79.08746,Professional Cricket coaching academy offering structured training programs.,Cricket,"Plot 282, Victory Avenue, Karimnagar",Karimnagar,Telangana,+917849866158,"https://maps.google.com/?q=18.448326,79.08746",https://picsum.photos/seed/pro-athletic-center-karimnagar-810/800/600,Suresh Mishra,Cricket,5 Years,Pro Athletic Center Karimnagar 810,₹7841/month,"Video Analysis, Turf Nets, Gym, Bowling Machine",5:30 AM - 7:30 AM,18+,Girls,50,"BCCI Level 1, BCCI Level 2",4.2,202,False,"{""instagram"": ""https://instagram.com/pro-athletic-center-karimnagar-810"", ""facebook"": ""https://facebook.com/pro-athletic-center-karimnagar-810"", ""youtube"": ""https://youtube.com/@pro-athletic-center-karimnagar-810""}"
b373e595-df0b-4b8c-b323-3a7889b62c70,Pro Performance Academy Hyderabad 811,pro-performance-academy-hyderabad-811,17.391325,78.523379,Professional Tennis coaching academy offering structured training programs.,Tennis,"Plot 747, Champions Street, Hyderabad",Hyderabad,Telangana,+918328628830,"https://maps.google.com/?q=17.391325,78.523379",https://picsum.photos/seed/pro-performance-academy-hyderabad-811/800/600,Arjun Verma,Tennis,16 Years,Pro Performance Academy Hyderabad 811,₹5086/month,"Hard Court, Ball Machine, Clay Court, Fitness Center",5:30 AM - 7:30 AM,All Ages,Mixed,34,AITA Certified Coach,3.9,306,True,"{""instagram"": ""https://instagram.com/pro-performance-academy-hyderabad-811"", ""facebook"": ""https://facebook.com/pro-performance-academy-hyderabad-811"", ""youtube"": ""https://youtube.com/@pro-performance-academy-hyderabad-811""}"
25185b3c-377b-4ddf-991e-9ea029606623,Dynamic Sports Academy Hyderabad 812,dynamic-sports-academy-hyderabad-812,17.383431,78.52595,Professional Tennis coaching academy offering structured training programs.,Tennis,"Plot 830, Sports Nagar, Hyderabad",Hyderabad,Telangana,+916370525888,"https://maps.google.com/?q=17.383431,78.52595",https://picsum.photos/seed/dynamic-sports-academy-hyderabad-812/800/600,Suresh Joshi,Tennis,20 Years,Dynamic Sports Academy Hyderabad 812,₹5497/month,"Fitness Center, Ball Machine, Clay Court, Hard Court",6:00 PM - 8:00 PM,All Ages,Girls,25,AITA Certified Coach,4.3,262,False,"{""instagram"": ""https://instagram.com/dynamic-sports-academy-hyderabad-812"", ""facebook"": ""https://facebook.com/dynamic-sports-academy-hyderabad-812"", ""youtube"": ""https://youtube.com/@dynamic-sports-academy-hyderabad-812""}"
2b7bcfca-7ad7-4427-92ac-d708b40f3b85,Star Sports Institute Warangal 813,star-sports-institute-warangal-813,17.953564,79.595447,Professional Badminton coaching academy offering structured training programs.,Badminton,"Plot 465, Champions Street, Warangal",Warangal,Telangana,+919048442115,"https://maps.google.com/?q=17.953564,79.595447",https://picsum.photos/seed/star-sports-institute-warangal-813/800/600,Deepak Patel,Badminton,6 Years,Star Sports Institute Warangal 813,₹3460/month,"Fitness Center, Wooden Courts, Shuttle Supply, Indoor Courts",5:30 AM - 7:30 AM,10-15,Girls,61,BAI Certified Coach,3.7,256,True,"{""instagram"": ""https://instagram.com/star-sports-institute-warangal-813"", ""facebook"": ""https://facebook.com/star-sports-institute-warangal-813"", ""youtube"": ""https://youtube.com/@star-sports-institute-warangal-813""}"
cfc5a05f-0bbd-4c32-bd9d-d8af337e6c18,Royal Sports Club Hyderabad 814,royal-sports-club-hyderabad-814,17.386333,78.510192,Professional Athletics coaching academy offering structured training programs.,Athletics,"Plot 532, Sports Complex, Hyderabad",Hyderabad,Telangana,+916999681564,"https://maps.google.com/?q=17.386333,78.510192",https://picsum.photos/seed/royal-sports-club-hyderabad-814/800/600,Rahul Choudhary,Athletics,20 Years,Royal Sports Club Hyderabad 814,₹3422/month,"Gym, Running Track, Fitness Center, Recovery Zone",6:00 PM - 8:00 PM,All Ages,Girls,59,Athletics Federation Certified,4.8,136,True,"{""instagram"": ""https://instagram.com/royal-sports-club-hyderabad-814"", ""facebook"": ""https://facebook.com/royal-sports-club-hyderabad-814"", ""youtube"": ""https://youtube.com/@royal-sports-club-hyderabad-814""}"
1d405c9e-bfa1-4af0-b541-b77decb1a6be,Master Sports Institute Karimnagar 815,master-sports-institute-karimnagar-815,18.418863,79.168792,Professional Badminton coaching academy offering structured training programs.,Badminton,"Plot 199, Sports Hub, Karimnagar",Karimnagar,Telangana,+917400574604,"https://maps.google.com/?q=18.418863,79.168792",https://picsum.photos/seed/master-sports-institute-karimnagar-815/800/600,Aman Mishra,Badminton,14 Years,Master Sports Institute Karimnagar 815,₹3856/month,"Wooden Courts, Shuttle Supply, Indoor Courts, Fitness Center",5:00 PM - 7:00 PM,10-15,Girls,26,BAI Certified Coach,4.4,456,True,"{""instagram"": ""https://instagram.com/master-sports-institute-karimnagar-815"", ""facebook"": ""https://facebook.com/master-sports-institute-karimnagar-815"", ""youtube"": ""https://youtube.com/@master-sports-institute-karimnagar-815""}"
741b0cf9-10e3-4b05-afb3-3c10e1efb0f9,Victory Sports Institute Warangal 816,victory-sports-institute-warangal-816,17.948483,79.565847,Professional Cricket coaching academy offering structured training programs.,Cricket,"Plot 677, Stadium Road, Warangal",Warangal,Telangana,+916191308569,"https://maps.google.com/?q=17.948483,79.565847",https://picsum.photos/seed/victory-sports-institute-warangal-816/800/600,Arjun Mishra,Cricket,22 Years,Victory Sports Institute Warangal 816,₹7132/month,"Gym, Bowling Machine, Turf Nets, Practice Pitch",5:30 AM - 7:30 AM,15-18,Girls,43,"BCCI Level 1, BCCI Level 2",4.3,309,False,"{""instagram"": ""https://instagram.com/victory-sports-institute-warangal-816"", ""facebook"": ""https://facebook.com/victory-sports-institute-warangal-816"", ""youtube"": ""https://youtube.com/@victory-sports-institute-warangal-816""}"
f2e64260-f5e6-43b5-ac85-ec221ae2c508,Pro Training Center Hyderabad 817,pro-training-center-hyderabad-817,17.413785,78.467319,Professional Swimming coaching academy offering structured training programs.,Swimming,"Plot 65, Stadium Road, Hyderabad",Hyderabad,Telangana,+919723271947,"https://maps.google.com/?q=17.413785,78.467319",https://picsum.photos/seed/pro-training-center-hyderabad-817/800/600,Arjun Gupta,Swimming,21 Years,Pro Training Center Hyderabad 817,₹6733/month,"Changing Rooms, Olympic Pool, Lifeguard Support, Kids Pool",4:00 PM - 6:00 PM,18+,Mixed,81,Swimming Federation Certified,4.6,467,False,"{""instagram"": ""https://instagram.com/pro-training-center-hyderabad-817"", ""facebook"": ""https://facebook.com/pro-training-center-hyderabad-817"", ""youtube"": ""https://youtube.com/@pro-training-center-hyderabad-817""}"
fa22de21-fae5-4f3b-959d-6c7c770b7a26,Star Sports Club Warangal 818,star-sports-club-warangal-818,18.018858,79.633668,Professional Swimming coaching academy offering structured training programs.,Swimming,"Plot 891, Main Road, Warangal",Warangal,Telangana,+917101949090,"https://maps.google.com/?q=18.018858,79.633668",https://picsum.photos/seed/star-sports-club-warangal-818/800/600,Ravi Verma,Swimming,24 Years,Star Sports Club Warangal 818,₹4438/month,"Changing Rooms, Olympic Pool, Kids Pool, Lifeguard Support",5:30 AM - 7:30 AM,18+,Boys,65,Swimming Federation Certified,4.5,196,False,"{""instagram"": ""https://instagram.com/star-sports-club-warangal-818"", ""facebook"": ""https://facebook.com/star-sports-club-warangal-818"", ""youtube"": ""https://youtube.com/@star-sports-club-warangal-818""}"
d7758b55-4e8e-49ff-b879-7acc452e4a3a,Master Sports Club Warangal 819,master-sports-club-warangal-819,17.97224,79.631758,Professional Tennis coaching academy offering structured training programs.,Tennis,"Plot 183, Champions Street, Warangal",Warangal,Telangana,+917749459929,"https://maps.google.com/?q=17.97224,79.631758",https://picsum.photos/seed/master-sports-club-warangal-819/800/600,Arjun Yadav,Tennis,23 Years,Master Sports Club Warangal 819,₹9311/month,"Hard Court, Ball Machine, Clay Court, Fitness Center",6:00 AM - 8:00 AM,All Ages,Mixed,59,AITA Certified Coach,4.3,154,False,"{""instagram"": ""https://instagram.com/master-sports-club-warangal-819"", ""facebook"": ""https://facebook.com/master-sports-club-warangal-819"", ""youtube"": ""https://youtube.com/@master-sports-club-warangal-819""}"
a2222dec-940c-4f2f-8962-fbf6a94b1aa8,Champion Training Center Karimnagar 820,champion-training-center-karimnagar-820,18.395984,79.083693,Professional Basketball coaching academy offering structured training programs.,Basketball,"Plot 753, Victory Avenue, Karimnagar",Karimnagar,Telangana,+919517474701,"https://maps.google.com/?q=18.395984,79.083693",https://picsum.photos/seed/champion-training-center-karimnagar-820/800/600,Rohit Singh,Basketball,18 Years,Champion Training Center Karimnagar 820,₹6980/month,"Fitness Center, Locker Rooms, Indoor Court, Outdoor Court",5:00 PM - 7:00 PM,15-18,Girls,71,Basketball Federation Certified,4.5,376,False,"{""instagram"": ""https://instagram.com/champion-training-center-karimnagar-820"", ""facebook"": ""https://facebook.com/champion-training-center-karimnagar-820"", ""youtube"": ""https://youtube.com/@champion-training-center-karimnagar-820""}"
497b115b-031c-4539-aaf7-e768df06b237,Legend Sports Academy Warangal 821,legend-sports-academy-warangal-821,17.925359,79.601661,Professional Basketball coaching academy offering structured training programs.,Basketball,"Plot 311, Sports Complex, Warangal",Warangal,Telangana,+917744527073,"https://maps.google.com/?q=17.925359,79.601661",https://picsum.photos/seed/legend-sports-academy-warangal-821/800/600,Lokesh Yadav,Basketball,14 Years,Legend Sports Academy Warangal 821,₹5573/month,"Locker Rooms, Indoor Court, Fitness Center, Outdoor Court",5:30 AM - 7:30 AM,10-15,Boys,88,Basketball Federation Certified,4.8,72,False,"{""instagram"": ""https://instagram.com/legend-sports-academy-warangal-821"", ""facebook"": ""https://facebook.com/legend-sports-academy-warangal-821"", ""youtube"": ""https://youtube.com/@legend-sports-academy-warangal-821""}"
22970b60-8bc4-4fe8-84ca-e1afa581f6eb,Master Sports Club Karimnagar 822,master-sports-club-karimnagar-822,18.405474,79.100746,Professional Swimming coaching academy offering structured training programs.,Swimming,"Plot 661, Main Road, Karimnagar",Karimnagar,Telangana,+919890208792,"https://maps.google.com/?q=18.405474,79.100746",https://picsum.photos/seed/master-sports-club-karimnagar-822/800/600,Mahesh Singh,Swimming,7 Years,Master Sports Club Karimnagar 822,₹5720/month,"Lifeguard Support, Changing Rooms, Olympic Pool, Kids Pool",4:00 PM - 6:00 PM,10-15,Boys,45,Swimming Federation Certified,4.2,15,False,"{""instagram"": ""https://instagram.com/master-sports-club-karimnagar-822"", ""facebook"": ""https://facebook.com/master-sports-club-karimnagar-822"", ""youtube"": ""https://youtube.com/@master-sports-club-karimnagar-822""}"
34a9baac-41f1-4ef2-94c7-5f7cb4052a7c,Prime Sports Academy Karimnagar 823,prime-sports-academy-karimnagar-823,18.427729,79.178339,Professional Athletics coaching academy offering structured training programs.,Athletics,"Plot 634, Sports Nagar, Karimnagar",Karimnagar,Telangana,+918968794500,"https://maps.google.com/?q=18.427729,79.178339",https://picsum.photos/seed/prime-sports-academy-karimnagar-823/800/600,Ravi Nair,Athletics,18 Years,Prime Sports Academy Karimnagar 823,₹3085/month,"Recovery Zone, Fitness Center, Running Track, Gym",6:00 AM - 8:00 AM,All Ages,Boys,28,Athletics Federation Certified,3.6,413,True,"{""instagram"": ""https://instagram.com/prime-sports-academy-karimnagar-823"", ""facebook"": ""https://facebook.com/prime-sports-academy-karimnagar-823"", ""youtube"": ""https://youtube.com/@prime-sports-academy-karimnagar-823""}"
aae647ca-f097-4bdb-8e1f-a2f0bd623890,Champion Sports Academy Hyderabad 824,champion-sports-academy-hyderabad-824,17.41401,78.532601,Professional Cricket coaching academy offering structured training programs.,Cricket,"Plot 977, Main Road, Hyderabad",Hyderabad,Telangana,+919833565762,"https://maps.google.com/?q=17.41401,78.532601",https://picsum.photos/seed/champion-sports-academy-hyderabad-824/800/600,Prakash Verma,Cricket,15 Years,Champion Sports Academy Hyderabad 824,₹7664/month,"Bowling Machine, Gym, Turf Nets, Video Analysis",5:00 PM - 7:00 PM,18+,Girls,55,"BCCI Level 1, BCCI Level 2",4.9,184,False,"{""instagram"": ""https://instagram.com/champion-sports-academy-hyderabad-824"", ""facebook"": ""https://facebook.com/champion-sports-academy-hyderabad-824"", ""youtube"": ""https://youtube.com/@champion-sports-academy-hyderabad-824""}"
9be71412-4b4d-488b-a002-7a62ae6f4cfd,Victory Athletic Center Hyderabad 825,victory-athletic-center-hyderabad-825,17.37021,78.483558,Professional Athletics coaching academy offering structured training programs.,Athletics,"Plot 276, Ring Road, Hyderabad",Hyderabad,Telangana,+917728119375,"https://maps.google.com/?q=17.37021,78.483558",https://picsum.photos/seed/victory-athletic-center-hyderabad-825/800/600,Suresh Gupta,Athletics,6 Years,Victory Athletic Center Hyderabad 825,₹2244/month,"Fitness Center, Recovery Zone, Running Track, Gym",5:30 AM - 7:30 AM,15-18,Mixed,66,Athletics Federation Certified,4.9,448,True,"{""instagram"": ""https://instagram.com/victory-athletic-center-hyderabad-825"", ""facebook"": ""https://facebook.com/victory-athletic-center-hyderabad-825"", ""youtube"": ""https://youtube.com/@victory-athletic-center-hyderabad-825""}"
c13650c4-8bcb-409f-9cb8-6ef072956d51,Future Performance Academy Hyderabad 826,future-performance-academy-hyderabad-826,17.367026,78.482511,Professional Football coaching academy offering structured training programs.,Football,"Plot 92, Central Park, Hyderabad",Hyderabad,Telangana,+917053440399,"https://maps.google.com/?q=17.367026,78.482511",https://picsum.photos/seed/future-performance-academy-hyderabad-826/800/600,Naveen Singh,Football,4 Years,Future Performance Academy Hyderabad 826,₹4600/month,"Natural Grass Ground, Flood Lights, Locker Rooms, Training Cones",4:00 PM - 6:00 PM,10-15,Girls,63,"AIFF D License, AIFF C License",3.7,432,False,"{""instagram"": ""https://instagram.com/future-performance-academy-hyderabad-826"", ""facebook"": ""https://facebook.com/future-performance-academy-hyderabad-826"", ""youtube"": ""https://youtube.com/@future-performance-academy-hyderabad-826""}"
3591054b-4f40-40a4-b376-c81a27233a5e,Master Sports Club Karimnagar 827,master-sports-club-karimnagar-827,18.434099,79.154555,Professional Football coaching academy offering structured training programs.,Football,"Plot 998, Athletic Colony, Karimnagar",Karimnagar,Telangana,+916946022936,"https://maps.google.com/?q=18.434099,79.154555",https://picsum.photos/seed/master-sports-club-karimnagar-827/800/600,Arjun Reddy,Football,8 Years,Master Sports Club Karimnagar 827,₹7323/month,"Locker Rooms, Training Cones, Flood Lights, Natural Grass Ground",6:00 PM - 8:00 PM,18+,Boys,55,"AIFF D License, AIFF C License",4.9,164,True,"{""instagram"": ""https://instagram.com/master-sports-club-karimnagar-827"", ""facebook"": ""https://facebook.com/master-sports-club-karimnagar-827"", ""youtube"": ""https://youtube.com/@master-sports-club-karimnagar-827""}"
9f6c7c1e-0c8a-4150-9f1c-c5332d619dd0,Victory Athletic Center Hyderabad 828,victory-athletic-center-hyderabad-828,17.428864,78.513792,Professional Badminton coaching academy offering structured training programs.,Badminton,"Plot 1, Champions Street, Hyderabad",Hyderabad,Telangana,+917904668209,"https://maps.google.com/?q=17.428864,78.513792",https://picsum.photos/seed/victory-athletic-center-hyderabad-828/800/600,Kiran Reddy,Badminton,8 Years,Victory Athletic Center Hyderabad 828,₹6476/month,"Indoor Courts, Fitness Center, Wooden Courts, Shuttle Supply",5:00 PM - 7:00 PM,15-18,Mixed,87,BAI Certified Coach,3.7,204,False,"{""instagram"": ""https://instagram.com/victory-athletic-center-hyderabad-828"", ""facebook"": ""https://facebook.com/victory-athletic-center-hyderabad-828"", ""youtube"": ""https://youtube.com/@victory-athletic-center-hyderabad-828""}"
10d1ecab-bf63-4811-b540-a14f1e1cde3f,Pro Sports Club Warangal 829,pro-sports-club-warangal-829,17.939063,79.632364,Professional Cricket coaching academy offering structured training programs.,Cricket,"Plot 764, Sports Complex, Warangal",Warangal,Telangana,+919995014269,"https://maps.google.com/?q=17.939063,79.632364",https://picsum.photos/seed/pro-sports-club-warangal-829/800/600,Prakash Nair,Cricket,2 Years,Pro Sports Club Warangal 829,₹4064/month,"Bowling Machine, Turf Nets, Gym, Video Analysis",5:00 PM - 7:00 PM,10-15,Mixed,68,"BCCI Level 1, BCCI Level 2",4.7,84,False,"{""instagram"": ""https://instagram.com/pro-sports-club-warangal-829"", ""facebook"": ""https://facebook.com/pro-sports-club-warangal-829"", ""youtube"": ""https://youtube.com/@pro-sports-club-warangal-829""}"
1ee5536a-7bb4-47e4-95b8-282f22ae0732,Royal Training Center Hyderabad 830,royal-training-center-hyderabad-830,17.35233,78.532468,Professional Volleyball coaching academy offering structured training programs.,Volleyball,"Plot 873, Sports Hub, Hyderabad",Hyderabad,Telangana,+917410529033,"https://maps.google.com/?q=17.35233,78.532468",https://picsum.photos/seed/royal-training-center-hyderabad-830/800/600,Arjun Pillai,Volleyball,10 Years,Royal Training Center Hyderabad 830,₹5364/month,"Fitness Center, Flood Lights, Indoor Court, Sand Court",6:00 PM - 8:00 PM,5-10,Girls,36,Volleyball Federation Certified,4.6,455,False,"{""instagram"": ""https://instagram.com/royal-training-center-hyderabad-830"", ""facebook"": ""https://facebook.com/royal-training-center-hyderabad-830"", ""youtube"": ""https://youtube.com/@royal-training-center-hyderabad-830""}"
6cbff71d-494c-45ee-bd6a-beb3c1bfb5c3,National Sports Club Hyderabad 831,national-sports-club-hyderabad-831,17.385809,78.530792,Professional Swimming coaching academy offering structured training programs.,Swimming,"Plot 500, Central Park, Hyderabad",Hyderabad,Telangana,+918674070070,"https://maps.google.com/?q=17.385809,78.530792",https://picsum.photos/seed/national-sports-club-hyderabad-831/800/600,Lokesh Verma,Swimming,16 Years,National Sports Club Hyderabad 831,₹6466/month,"Changing Rooms, Kids Pool, Olympic Pool, Lifeguard Support",5:30 AM - 7:30 AM,18+,Mixed,79,Swimming Federation Certified,3.7,259,True,"{""instagram"": ""https://instagram.com/national-sports-club-hyderabad-831"", ""facebook"": ""https://facebook.com/national-sports-club-hyderabad-831"", ""youtube"": ""https://youtube.com/@national-sports-club-hyderabad-831""}"
3a3d0fa6-2b06-4b9e-8aca-64277f1ce5a8,Legend Sports Club Karimnagar 832,legend-sports-club-karimnagar-832,18.391923,79.101589,Professional Cricket coaching academy offering structured training programs.,Cricket,"Plot 737, Sports Nagar, Karimnagar",Karimnagar,Telangana,+918883903931,"https://maps.google.com/?q=18.391923,79.101589",https://picsum.photos/seed/legend-sports-club-karimnagar-832/800/600,Rohit Patel,Cricket,8 Years,Legend Sports Club Karimnagar 832,₹6886/month,"Turf Nets, Bowling Machine, Gym, Video Analysis",5:30 AM - 7:30 AM,18+,Mixed,27,"BCCI Level 1, BCCI Level 2",4.7,154,False,"{""instagram"": ""https://instagram.com/legend-sports-club-karimnagar-832"", ""facebook"": ""https://facebook.com/legend-sports-club-karimnagar-832"", ""youtube"": ""https://youtube.com/@legend-sports-club-karimnagar-832""}"
cba3e213-d484-453c-8604-fb883d808da0,Prime Athletic Center Warangal 833,prime-athletic-center-warangal-833,18.005351,79.62277,Professional Badminton coaching academy offering structured training programs.,Badminton,"Plot 674, Sports Complex, Warangal",Warangal,Telangana,+919984661592,"https://maps.google.com/?q=18.005351,79.62277",https://picsum.photos/seed/prime-athletic-center-warangal-833/800/600,Kiran Reddy,Badminton,19 Years,Prime Athletic Center Warangal 833,₹5454/month,"Shuttle Supply, Indoor Courts, Wooden Courts, Fitness Center",5:30 AM - 7:30 AM,5-10,Girls,25,BAI Certified Coach,4.0,447,True,"{""instagram"": ""https://instagram.com/prime-athletic-center-warangal-833"", ""facebook"": ""https://facebook.com/prime-athletic-center-warangal-833"", ""youtube"": ""https://youtube.com/@prime-athletic-center-warangal-833""}"
602220d7-dd69-41b5-ad8a-eb51c60c61fc,Champion Training Center Hyderabad 834,champion-training-center-hyderabad-834,17.417059,78.467553,Professional Tennis coaching academy offering structured training programs.,Tennis,"Plot 322, Sports Hub, Hyderabad",Hyderabad,Telangana,+916798145546,"https://maps.google.com/?q=17.417059,78.467553",https://picsum.photos/seed/champion-training-center-hyderabad-834/800/600,Sanjay Rao,Tennis,22 Years,Champion Training Center Hyderabad 834,₹6713/month,"Hard Court, Clay Court, Fitness Center, Ball Machine",6:00 PM - 8:00 PM,18+,Mixed,26,AITA Certified Coach,4.7,52,True,"{""instagram"": ""https://instagram.com/champion-training-center-hyderabad-834"", ""facebook"": ""https://facebook.com/champion-training-center-hyderabad-834"", ""youtube"": ""https://youtube.com/@champion-training-center-hyderabad-834""}"
feda9ea7-9a99-4fc7-8880-36eabf4e43d8,Dynamic Sports Club Karimnagar 835,dynamic-sports-club-karimnagar-835,18.44307,79.098874,Professional Volleyball coaching academy offering structured training programs.,Volleyball,"Plot 683, Athletic Colony, Karimnagar",Karimnagar,Telangana,+918923033654,"https://maps.google.com/?q=18.44307,79.098874",https://picsum.photos/seed/dynamic-sports-club-karimnagar-835/800/600,Ravi Gupta,Volleyball,3 Years,Dynamic Sports Club Karimnagar 835,₹4627/month,"Fitness Center, Flood Lights, Indoor Court, Sand Court",6:00 PM - 8:00 PM,18+,Boys,74,Volleyball Federation Certified,3.7,457,False,"{""instagram"": ""https://instagram.com/dynamic-sports-club-karimnagar-835"", ""facebook"": ""https://facebook.com/dynamic-sports-club-karimnagar-835"", ""youtube"": ""https://youtube.com/@dynamic-sports-club-karimnagar-835""}"
474b3908-fc6a-41d5-a3c8-56cf70e40fbe,Prime Training Center Hyderabad 836,prime-training-center-hyderabad-836,17.42476,78.445949,Professional Basketball coaching academy offering structured training programs.,Basketball,"Plot 232, Ring Road, Hyderabad",Hyderabad,Telangana,+917790038080,"https://maps.google.com/?q=17.42476,78.445949",https://picsum.photos/seed/prime-training-center-hyderabad-836/800/600,Suresh Kumar,Basketball,15 Years,Prime Training Center Hyderabad 836,₹6762/month,"Indoor Court, Outdoor Court, Fitness Center, Locker Rooms",5:30 AM - 7:30 AM,18+,Mixed,28,Basketball Federation Certified,4.2,270,True,"{""instagram"": ""https://instagram.com/prime-training-center-hyderabad-836"", ""facebook"": ""https://facebook.com/prime-training-center-hyderabad-836"", ""youtube"": ""https://youtube.com/@prime-training-center-hyderabad-836""}"
4dd73f19-4582-4eee-82ca-db44ff5851e5,Master Sports Academy Karimnagar 837,master-sports-academy-karimnagar-837,18.448504,79.151881,Professional Tennis coaching academy offering structured training programs.,Tennis,"Plot 612, Athletic Colony, Karimnagar",Karimnagar,Telangana,+917378716558,"https://maps.google.com/?q=18.448504,79.151881",https://picsum.photos/seed/master-sports-academy-karimnagar-837/800/600,Naveen Gupta,Tennis,10 Years,Master Sports Academy Karimnagar 837,₹4619/month,"Hard Court, Clay Court, Ball Machine, Fitness Center",5:00 PM - 7:00 PM,All Ages,Mixed,48,AITA Certified Coach,3.9,409,True,"{""instagram"": ""https://instagram.com/master-sports-academy-karimnagar-837"", ""facebook"": ""https://facebook.com/master-sports-academy-karimnagar-837"", ""youtube"": ""https://youtube.com/@master-sports-academy-karimnagar-837""}"
639c92c1-ddbd-4009-94bb-2e30cb4b0e86,Future Sports Academy Hyderabad 838,future-sports-academy-hyderabad-838,17.387469,78.514115,Professional Volleyball coaching academy offering structured training programs.,Volleyball,"Plot 519, Athletic Colony, Hyderabad",Hyderabad,Telangana,+916607049333,"https://maps.google.com/?q=17.387469,78.514115",https://picsum.photos/seed/future-sports-academy-hyderabad-838/800/600,Aman Verma,Volleyball,24 Years,Future Sports Academy Hyderabad 838,₹4748/month,"Fitness Center, Sand Court, Flood Lights, Indoor Court",5:30 AM - 7:30 AM,All Ages,Mixed,72,Volleyball Federation Certified,4.9,95,False,"{""instagram"": ""https://instagram.com/future-sports-academy-hyderabad-838"", ""facebook"": ""https://facebook.com/future-sports-academy-hyderabad-838"", ""youtube"": ""https://youtube.com/@future-sports-academy-hyderabad-838""}"
3d022ec5-5c6a-41f9-913c-98d0dd18eff3,Victory Sports Academy Warangal 839,victory-sports-academy-warangal-839,17.932252,79.546884,Professional Cricket coaching academy offering structured training programs.,Cricket,"Plot 895, Sports Complex, Warangal",Warangal,Telangana,+916409986858,"https://maps.google.com/?q=17.932252,79.546884",https://picsum.photos/seed/victory-sports-academy-warangal-839/800/600,Ravi Verma,Cricket,8 Years,Victory Sports Academy Warangal 839,₹6254/month,"Practice Pitch, Video Analysis, Turf Nets, Gym",5:00 PM - 7:00 PM,15-18,Girls,64,"BCCI Level 1, BCCI Level 2",4.6,72,True,"{""instagram"": ""https://instagram.com/victory-sports-academy-warangal-839"", ""facebook"": ""https://facebook.com/victory-sports-academy-warangal-839"", ""youtube"": ""https://youtube.com/@victory-sports-academy-warangal-839""}"
55c25935-9b06-4ff3-b0f4-d5155e038d69,Royal Sports Club Warangal 840,royal-sports-club-warangal-840,17.921677,79.570688,Professional Swimming coaching academy offering structured training programs.,Swimming,"Plot 968, Sports Nagar, Warangal",Warangal,Telangana,+919340314616,"https://maps.google.com/?q=17.921677,79.570688",https://picsum.photos/seed/royal-sports-club-warangal-840/800/600,Rahul Kumar,Swimming,25 Years,Royal Sports Club Warangal 840,₹8414/month,"Olympic Pool, Changing Rooms, Kids Pool, Lifeguard Support",6:00 PM - 8:00 PM,15-18,Mixed,72,Swimming Federation Certified,3.9,269,False,"{""instagram"": ""https://instagram.com/royal-sports-club-warangal-840"", ""facebook"": ""https://facebook.com/royal-sports-club-warangal-840"", ""youtube"": ""https://youtube.com/@royal-sports-club-warangal-840""}"
7a626e40-2275-4e45-815e-64d4aaee4216,Master Sports Academy Agartala 841,master-sports-academy-agartala-841,23.824578,91.254239,Professional Football coaching academy offering structured training programs.,Football,"Plot 326, Sports Hub, Agartala",Agartala,Tripura,+917180508801,"https://maps.google.com/?q=23.824578,91.254239",https://picsum.photos/seed/master-sports-academy-agartala-841/800/600,Ravi Choudhary,Football,20 Years,Master Sports Academy Agartala 841,₹7293/month,"Natural Grass Ground, Locker Rooms, Training Cones, Fitness Center",5:30 AM - 7:30 AM,10-15,Mixed,57,"AIFF D License, AIFF C License",4.3,345,False,"{""instagram"": ""https://instagram.com/master-sports-academy-agartala-841"", ""facebook"": ""https://facebook.com/master-sports-academy-agartala-841"", ""youtube"": ""https://youtube.com/@master-sports-academy-agartala-841""}"
be24f74c-b71e-464e-94ec-aca893e235cc,National Performance Academy Agartala 842,national-performance-academy-agartala-842,23.796584,91.324619,Professional Athletics coaching academy offering structured training programs.,Athletics,"Plot 976, Athletic Colony, Agartala",Agartala,Tripura,+917959121019,"https://maps.google.com/?q=23.796584,91.324619",https://picsum.photos/seed/national-performance-academy-agartala-842/800/600,Naveen Choudhary,Athletics,18 Years,National Performance Academy Agartala 842,₹4192/month,"Fitness Center, Gym, Recovery Zone, Running Track",6:00 PM - 8:00 PM,18+,Boys,50,Athletics Federation Certified,4.1,244,False,"{""instagram"": ""https://instagram.com/national-performance-academy-agartala-842"", ""facebook"": ""https://facebook.com/national-performance-academy-agartala-842"", ""youtube"": ""https://youtube.com/@national-performance-academy-agartala-842""}"
829a063d-97e0-4eab-9212-0468b6ce5fef,Royal Performance Academy Agartala 843,royal-performance-academy-agartala-843,23.820122,91.302522,Professional Swimming coaching academy offering structured training programs.,Swimming,"Plot 661, Central Park, Agartala",Agartala,Tripura,+919082191480,"https://maps.google.com/?q=23.820122,91.302522",https://picsum.photos/seed/royal-performance-academy-agartala-843/800/600,Rohit Sharma,Swimming,20 Years,Royal Performance Academy Agartala 843,₹7050/month,"Lifeguard Support, Olympic Pool, Changing Rooms, Kids Pool",5:00 PM - 7:00 PM,15-18,Mixed,27,Swimming Federation Certified,3.7,237,False,"{""instagram"": ""https://instagram.com/royal-performance-academy-agartala-843"", ""facebook"": ""https://facebook.com/royal-performance-academy-agartala-843"", ""youtube"": ""https://youtube.com/@royal-performance-academy-agartala-843""}"
f0952296-6c2d-484d-b776-347f777812b8,Royal Sports Club Agartala 844,royal-sports-club-agartala-844,23.855615,91.299267,Professional Volleyball coaching academy offering structured training programs.,Volleyball,"Plot 902, Sports Hub, Agartala",Agartala,Tripura,+917432544520,"https://maps.google.com/?q=23.855615,91.299267",https://picsum.photos/seed/royal-sports-club-agartala-844/800/600,Arjun Mishra,Volleyball,12 Years,Royal Sports Club Agartala 844,₹5554/month,"Indoor Court, Sand Court, Flood Lights, Fitness Center",4:00 PM - 6:00 PM,All Ages,Mixed,47,Volleyball Federation Certified,3.6,11,True,"{""instagram"": ""https://instagram.com/royal-sports-club-agartala-844"", ""facebook"": ""https://facebook.com/royal-sports-club-agartala-844"", ""youtube"": ""https://youtube.com/@royal-sports-club-agartala-844""}"
6abe0895-7140-4eb1-a79c-025cdaaec8e2,National Athletic Center Agartala 845,national-athletic-center-agartala-845,23.852255,91.24766,Professional Badminton coaching academy offering structured training programs.,Badminton,"Plot 262, Stadium Road, Agartala",Agartala,Tripura,+917027823850,"https://maps.google.com/?q=23.852255,91.24766",https://picsum.photos/seed/national-athletic-center-agartala-845/800/600,Mahesh Pillai,Badminton,12 Years,National Athletic Center Agartala 845,₹6271/month,"Shuttle Supply, Indoor Courts, Fitness Center, Wooden Courts",6:00 AM - 8:00 AM,10-15,Girls,57,BAI Certified Coach,4.8,37,True,"{""instagram"": ""https://instagram.com/national-athletic-center-agartala-845"", ""facebook"": ""https://facebook.com/national-athletic-center-agartala-845"", ""youtube"": ""https://youtube.com/@national-athletic-center-agartala-845""}"
46d8ff2c-6a0f-45b3-806f-d3b4b257e834,National Performance Academy Agartala 846,national-performance-academy-agartala-846,23.799953,91.271709,Professional Athletics coaching academy offering structured training programs.,Athletics,"Plot 870, Central Park, Agartala",Agartala,Tripura,+916841697224,"https://maps.google.com/?q=23.799953,91.271709",https://picsum.photos/seed/national-performance-academy-agartala-846/800/600,Prakash Kumar,Athletics,15 Years,National Performance Academy Agartala 846,₹1573/month,"Gym, Fitness Center, Running Track, Recovery Zone",4:00 PM - 6:00 PM,18+,Mixed,81,Athletics Federation Certified,3.8,152,True,"{""instagram"": ""https://instagram.com/national-performance-academy-agartala-846"", ""facebook"": ""https://facebook.com/national-performance-academy-agartala-846"", ""youtube"": ""https://youtube.com/@national-performance-academy-agartala-846""}"
a967f513-f077-476f-8a93-e808ed77f5b9,Pro Sports Institute Agartala 847,pro-sports-institute-agartala-847,23.829533,91.277612,Professional Badminton coaching academy offering structured training programs.,Badminton,"Plot 861, Sports Hub, Agartala",Agartala,Tripura,+917766719014,"https://maps.google.com/?q=23.829533,91.277612",https://picsum.photos/seed/pro-sports-institute-agartala-847/800/600,Mahesh Mishra,Badminton,22 Years,Pro Sports Institute Agartala 847,₹4116/month,"Indoor Courts, Fitness Center, Wooden Courts, Shuttle Supply",5:30 AM - 7:30 AM,10-15,Mixed,52,BAI Certified Coach,4.5,15,True,"{""instagram"": ""https://instagram.com/pro-sports-institute-agartala-847"", ""facebook"": ""https://facebook.com/pro-sports-institute-agartala-847"", ""youtube"": ""https://youtube.com/@pro-sports-institute-agartala-847""}"
1b213499-d7da-4c51-b555-292061f15a81,Royal Training Center Agartala 848,royal-training-center-agartala-848,23.85922,91.240373,Professional Football coaching academy offering structured training programs.,Football,"Plot 448, Ring Road, Agartala",Agartala,Tripura,+916371644760,"https://maps.google.com/?q=23.85922,91.240373",https://picsum.photos/seed/royal-training-center-agartala-848/800/600,Vikram Rao,Football,3 Years,Royal Training Center Agartala 848,₹3145/month,"Fitness Center, Natural Grass Ground, Locker Rooms, Flood Lights",4:00 PM - 6:00 PM,18+,Girls,53,"AIFF D License, AIFF C License",4.0,175,True,"{""instagram"": ""https://instagram.com/royal-training-center-agartala-848"", ""facebook"": ""https://facebook.com/royal-training-center-agartala-848"", ""youtube"": ""https://youtube.com/@royal-training-center-agartala-848""}"
ca4db0e1-1a48-4b7d-b168-46c8d03ccf86,National Athletic Center Agartala 849,national-athletic-center-agartala-849,23.783985,91.287362,Professional Basketball coaching academy offering structured training programs.,Basketball,"Plot 69, Athletic Colony, Agartala",Agartala,Tripura,+919618781462,"https://maps.google.com/?q=23.783985,91.287362",https://picsum.photos/seed/national-athletic-center-agartala-849/800/600,Aman Choudhary,Basketball,20 Years,National Athletic Center Agartala 849,₹4726/month,"Outdoor Court, Fitness Center, Indoor Court, Locker Rooms",4:00 PM - 6:00 PM,All Ages,Boys,49,Basketball Federation Certified,3.7,124,True,"{""instagram"": ""https://instagram.com/national-athletic-center-agartala-849"", ""facebook"": ""https://facebook.com/national-athletic-center-agartala-849"", ""youtube"": ""https://youtube.com/@national-athletic-center-agartala-849""}"
df2c7d1a-5d7b-4cb6-99d7-6de17a2bd612,Pro Sports Academy Agartala 850,pro-sports-academy-agartala-850,23.788986,91.321467,Professional Volleyball coaching academy offering structured training programs.,Volleyball,"Plot 18, Victory Avenue, Agartala",Agartala,Tripura,+919244673900,"https://maps.google.com/?q=23.788986,91.321467",https://picsum.photos/seed/pro-sports-academy-agartala-850/800/600,Arjun Reddy,Volleyball,11 Years,Pro Sports Academy Agartala 850,₹3598/month,"Fitness Center, Indoor Court, Sand Court, Flood Lights",4:00 PM - 6:00 PM,All Ages,Mixed,63,Volleyball Federation Certified,4.1,112,False,"{""instagram"": ""https://instagram.com/pro-sports-academy-agartala-850"", ""facebook"": ""https://facebook.com/pro-sports-academy-agartala-850"", ""youtube"": ""https://youtube.com/@pro-sports-academy-agartala-850""}"
28885c2a-eace-42e0-aed6-731d33983761,Pro Training Center Agartala 851,pro-training-center-agartala-851,23.824176,91.238991,Professional Tennis coaching academy offering structured training programs.,Tennis,"Plot 422, Athletic Colony, Agartala",Agartala,Tripura,+917382288252,"https://maps.google.com/?q=23.824176,91.238991",https://picsum.photos/seed/pro-training-center-agartala-851/800/600,Naveen Rao,Tennis,16 Years,Pro Training Center Agartala 851,₹4322/month,"Hard Court, Fitness Center, Clay Court, Ball Machine",5:30 AM - 7:30 AM,15-18,Girls,28,AITA Certified Coach,4.4,108,True,"{""instagram"": ""https://instagram.com/pro-training-center-agartala-851"", ""facebook"": ""https://facebook.com/pro-training-center-agartala-851"", ""youtube"": ""https://youtube.com/@pro-training-center-agartala-851""}"
31bef115-085e-457a-bd11-3bee588615b2,Legend Sports Institute Agartala 852,legend-sports-institute-agartala-852,23.811874,91.304009,Professional Tennis coaching academy offering structured training programs.,Tennis,"Plot 588, Sports Complex, Agartala",Agartala,Tripura,+919313439884,"https://maps.google.com/?q=23.811874,91.304009",https://picsum.photos/seed/legend-sports-institute-agartala-852/800/600,Vikram Rao,Tennis,20 Years,Legend Sports Institute Agartala 852,₹10378/month,"Ball Machine, Fitness Center, Clay Court, Hard Court",5:00 PM - 7:00 PM,All Ages,Boys,47,AITA Certified Coach,5.0,161,True,"{""instagram"": ""https://instagram.com/legend-sports-institute-agartala-852"", ""facebook"": ""https://facebook.com/legend-sports-institute-agartala-852"", ""youtube"": ""https://youtube.com/@legend-sports-institute-agartala-852""}"
8400cc53-dbda-4a1f-a7bd-b532c5025b31,Future Performance Academy Agartala 853,future-performance-academy-agartala-853,23.815923,91.321097,Professional Football coaching academy offering structured training programs.,Football,"Plot 99, Sports Hub, Agartala",Agartala,Tripura,+916341041240,"https://maps.google.com/?q=23.815923,91.321097",https://picsum.photos/seed/future-performance-academy-agartala-853/800/600,Rahul Reddy,Football,21 Years,Future Performance Academy Agartala 853,₹5157/month,"Flood Lights, Fitness Center, Locker Rooms, Natural Grass Ground",5:00 PM - 7:00 PM,15-18,Boys,60,"AIFF D License, AIFF C License",3.9,43,False,"{""instagram"": ""https://instagram.com/future-performance-academy-agartala-853"", ""facebook"": ""https://facebook.com/future-performance-academy-agartala-853"", ""youtube"": ""https://youtube.com/@future-performance-academy-agartala-853""}"
328e59cb-1874-4ae8-80e5-711aee82e217,Royal Performance Academy Agartala 854,royal-performance-academy-agartala-854,23.83505,91.243832,Professional Volleyball coaching academy offering structured training programs.,Volleyball,"Plot 170, Athletic Colony, Agartala",Agartala,Tripura,+916400887762,"https://maps.google.com/?q=23.83505,91.243832",https://picsum.photos/seed/royal-performance-academy-agartala-854/800/600,Harish Rao,Volleyball,6 Years,Royal Performance Academy Agartala 854,₹3008/month,"Indoor Court, Flood Lights, Sand Court, Fitness Center",5:30 AM - 7:30 AM,18+,Mixed,89,Volleyball Federation Certified,3.9,479,True,"{""instagram"": ""https://instagram.com/royal-performance-academy-agartala-854"", ""facebook"": ""https://facebook.com/royal-performance-academy-agartala-854"", ""youtube"": ""https://youtube.com/@royal-performance-academy-agartala-854""}"
5bd97aed-cb06-441f-9809-61adf74b4618,Master Sports Club Agartala 855,master-sports-club-agartala-855,23.811941,91.255119,Professional Football coaching academy offering structured training programs.,Football,"Plot 207, Sports Complex, Agartala",Agartala,Tripura,+919151176583,"https://maps.google.com/?q=23.811941,91.255119",https://picsum.photos/seed/master-sports-club-agartala-855/800/600,Lokesh Gupta,Football,19 Years,Master Sports Club Agartala 855,₹2761/month,"Flood Lights, Locker Rooms, Training Cones, Natural Grass Ground",6:00 PM - 8:00 PM,15-18,Girls,28,"AIFF D License, AIFF C License",4.6,445,False,"{""instagram"": ""https://instagram.com/master-sports-club-agartala-855"", ""facebook"": ""https://facebook.com/master-sports-club-agartala-855"", ""youtube"": ""https://youtube.com/@master-sports-club-agartala-855""}"
1c5914b4-dafd-4cb9-9b6f-35d3e4fc37b1,Royal Athletic Center Agartala 856,royal-athletic-center-agartala-856,23.879326,91.260817,Professional Tennis coaching academy offering structured training programs.,Tennis,"Plot 696, Central Park, Agartala",Agartala,Tripura,+916839068189,"https://maps.google.com/?q=23.879326,91.260817",https://picsum.photos/seed/royal-athletic-center-agartala-856/800/600,Ajay Verma,Tennis,6 Years,Royal Athletic Center Agartala 856,₹8774/month,"Fitness Center, Ball Machine, Hard Court, Clay Court",4:00 PM - 6:00 PM,15-18,Girls,88,AITA Certified Coach,4.0,219,False,"{""instagram"": ""https://instagram.com/royal-athletic-center-agartala-856"", ""facebook"": ""https://facebook.com/royal-athletic-center-agartala-856"", ""youtube"": ""https://youtube.com/@royal-athletic-center-agartala-856""}"
fe74e8f8-a97e-4834-ac31-efde9a4bff4e,Pro Performance Academy Agartala 857,pro-performance-academy-agartala-857,23.804749,91.334032,Professional Swimming coaching academy offering structured training programs.,Swimming,"Plot 602, Sports Complex, Agartala",Agartala,Tripura,+918564258726,"https://maps.google.com/?q=23.804749,91.334032",https://picsum.photos/seed/pro-performance-academy-agartala-857/800/600,Mahesh Joshi,Swimming,9 Years,Pro Performance Academy Agartala 857,₹6859/month,"Changing Rooms, Lifeguard Support, Kids Pool, Olympic Pool",6:00 PM - 8:00 PM,10-15,Girls,65,Swimming Federation Certified,3.8,174,False,"{""instagram"": ""https://instagram.com/pro-performance-academy-agartala-857"", ""facebook"": ""https://facebook.com/pro-performance-academy-agartala-857"", ""youtube"": ""https://youtube.com/@pro-performance-academy-agartala-857""}"
86b35c19-c676-44dc-91ce-ed2cd61821d2,National Athletic Center Agartala 858,national-athletic-center-agartala-858,23.827772,91.327111,Professional Swimming coaching academy offering structured training programs.,Swimming,"Plot 524, Athletic Colony, Agartala",Agartala,Tripura,+917926712056,"https://maps.google.com/?q=23.827772,91.327111",https://picsum.photos/seed/national-athletic-center-agartala-858/800/600,Harish Pillai,Swimming,24 Years,National Athletic Center Agartala 858,₹9124/month,"Lifeguard Support, Kids Pool, Olympic Pool, Changing Rooms",4:00 PM - 6:00 PM,5-10,Girls,72,Swimming Federation Certified,4.6,265,False,"{""instagram"": ""https://instagram.com/national-athletic-center-agartala-858"", ""facebook"": ""https://facebook.com/national-athletic-center-agartala-858"", ""youtube"": ""https://youtube.com/@national-athletic-center-agartala-858""}"
c706032a-528a-4a96-b549-f9fc9e88b43a,Royal Sports Institute Agartala 859,royal-sports-institute-agartala-859,23.872684,91.279425,Professional Cricket coaching academy offering structured training programs.,Cricket,"Plot 884, Champions Street, Agartala",Agartala,Tripura,+919551106673,"https://maps.google.com/?q=23.872684,91.279425",https://picsum.photos/seed/royal-sports-institute-agartala-859/800/600,Prakash Choudhary,Cricket,24 Years,Royal Sports Institute Agartala 859,₹3949/month,"Turf Nets, Gym, Bowling Machine, Practice Pitch",6:00 AM - 8:00 AM,18+,Boys,63,"BCCI Level 1, BCCI Level 2",4.6,44,True,"{""instagram"": ""https://instagram.com/royal-sports-institute-agartala-859"", ""facebook"": ""https://facebook.com/royal-sports-institute-agartala-859"", ""youtube"": ""https://youtube.com/@royal-sports-institute-agartala-859""}"
2f83c6e0-fa63-4b93-84f7-a4c3667faaab,Pro Sports Academy Agartala 860,pro-sports-academy-agartala-860,23.802937,91.301243,Professional Cricket coaching academy offering structured training programs.,Cricket,"Plot 708, Sports Hub, Agartala",Agartala,Tripura,+918897411927,"https://maps.google.com/?q=23.802937,91.301243",https://picsum.photos/seed/pro-sports-academy-agartala-860/800/600,Mahesh Sharma,Cricket,11 Years,Pro Sports Academy Agartala 860,₹4806/month,"Practice Pitch, Turf Nets, Bowling Machine, Gym",6:00 PM - 8:00 PM,18+,Girls,30,"BCCI Level 1, BCCI Level 2",3.6,301,True,"{""instagram"": ""https://instagram.com/pro-sports-academy-agartala-860"", ""facebook"": ""https://facebook.com/pro-sports-academy-agartala-860"", ""youtube"": ""https://youtube.com/@pro-sports-academy-agartala-860""}"
739f8154-9cde-4b73-83f1-52e5edf0b6d8,Dynamic Training Center Agartala 861,dynamic-training-center-agartala-861,23.820192,91.335001,Professional Volleyball coaching academy offering structured training programs.,Volleyball,"Plot 277, Victory Avenue, Agartala",Agartala,Tripura,+917053494912,"https://maps.google.com/?q=23.820192,91.335001",https://picsum.photos/seed/dynamic-training-center-agartala-861/800/600,Rahul Joshi,Volleyball,8 Years,Dynamic Training Center Agartala 861,₹4928/month,"Sand Court, Flood Lights, Fitness Center, Indoor Court",4:00 PM - 6:00 PM,18+,Mixed,33,Volleyball Federation Certified,4.9,493,False,"{""instagram"": ""https://instagram.com/dynamic-training-center-agartala-861"", ""facebook"": ""https://facebook.com/dynamic-training-center-agartala-861"", ""youtube"": ""https://youtube.com/@dynamic-training-center-agartala-861""}"
b331be57-c6a0-4278-bc9d-6907e5f5352a,Victory Sports Academy Agartala 862,victory-sports-academy-agartala-862,23.811234,91.331919,Professional Swimming coaching academy offering structured training programs.,Swimming,"Plot 180, Sports Hub, Agartala",Agartala,Tripura,+917637669301,"https://maps.google.com/?q=23.811234,91.331919",https://picsum.photos/seed/victory-sports-academy-agartala-862/800/600,Sanjay Choudhary,Swimming,25 Years,Victory Sports Academy Agartala 862,₹7141/month,"Kids Pool, Lifeguard Support, Changing Rooms, Olympic Pool",4:00 PM - 6:00 PM,15-18,Mixed,88,Swimming Federation Certified,4.9,111,False,"{""instagram"": ""https://instagram.com/victory-sports-academy-agartala-862"", ""facebook"": ""https://facebook.com/victory-sports-academy-agartala-862"", ""youtube"": ""https://youtube.com/@victory-sports-academy-agartala-862""}"
bb9a3459-40a8-4b79-80f8-9d1645bb8d44,Elite Sports Academy Agartala 863,elite-sports-academy-agartala-863,23.872425,91.336145,Professional Swimming coaching academy offering structured training programs.,Swimming,"Plot 681, Sports Nagar, Agartala",Agartala,Tripura,+917753325580,"https://maps.google.com/?q=23.872425,91.336145",https://picsum.photos/seed/elite-sports-academy-agartala-863/800/600,Mahesh Kumar,Swimming,19 Years,Elite Sports Academy Agartala 863,₹5597/month,"Kids Pool, Lifeguard Support, Changing Rooms, Olympic Pool",5:30 AM - 7:30 AM,15-18,Mixed,62,Swimming Federation Certified,4.5,338,False,"{""instagram"": ""https://instagram.com/elite-sports-academy-agartala-863"", ""facebook"": ""https://facebook.com/elite-sports-academy-agartala-863"", ""youtube"": ""https://youtube.com/@elite-sports-academy-agartala-863""}"
f98f52ef-d597-4177-8171-c44143af53c8,Prime Athletic Center Agartala 864,prime-athletic-center-agartala-864,23.806089,91.324624,Professional Tennis coaching academy offering structured training programs.,Tennis,"Plot 357, Champions Street, Agartala",Agartala,Tripura,+916957013303,"https://maps.google.com/?q=23.806089,91.324624",https://picsum.photos/seed/prime-athletic-center-agartala-864/800/600,Kiran Sharma,Tennis,11 Years,Prime Athletic Center Agartala 864,₹4756/month,"Ball Machine, Hard Court, Fitness Center, Clay Court",6:00 PM - 8:00 PM,15-18,Boys,74,AITA Certified Coach,4.0,224,True,"{""instagram"": ""https://instagram.com/prime-athletic-center-agartala-864"", ""facebook"": ""https://facebook.com/prime-athletic-center-agartala-864"", ""youtube"": ""https://youtube.com/@prime-athletic-center-agartala-864""}"
eac61b9f-51fe-47ed-ac9a-98c5a7e4acc9,Prime Training Center Agartala 865,prime-training-center-agartala-865,23.810415,91.321382,Professional Tennis coaching academy offering structured training programs.,Tennis,"Plot 208, Main Road, Agartala",Agartala,Tripura,+919478361331,"https://maps.google.com/?q=23.810415,91.321382",https://picsum.photos/seed/prime-training-center-agartala-865/800/600,Sanjay Pillai,Tennis,13 Years,Prime Training Center Agartala 865,₹4112/month,"Clay Court, Ball Machine, Fitness Center, Hard Court",5:00 PM - 7:00 PM,5-10,Girls,84,AITA Certified Coach,3.7,223,True,"{""instagram"": ""https://instagram.com/prime-training-center-agartala-865"", ""facebook"": ""https://facebook.com/prime-training-center-agartala-865"", ""youtube"": ""https://youtube.com/@prime-training-center-agartala-865""}"
e3d2c2f0-8f1e-427e-99af-12fd9ad044bb,Master Training Center Agartala 866,master-training-center-agartala-866,23.863113,91.302485,Professional Swimming coaching academy offering structured training programs.,Swimming,"Plot 921, Sports Complex, Agartala",Agartala,Tripura,+917269138176,"https://maps.google.com/?q=23.863113,91.302485",https://picsum.photos/seed/master-training-center-agartala-866/800/600,Rohit Reddy,Swimming,7 Years,Master Training Center Agartala 866,₹9298/month,"Lifeguard Support, Olympic Pool, Kids Pool, Changing Rooms",5:30 AM - 7:30 AM,5-10,Mixed,86,Swimming Federation Certified,4.8,311,False,"{""instagram"": ""https://instagram.com/master-training-center-agartala-866"", ""facebook"": ""https://facebook.com/master-training-center-agartala-866"", ""youtube"": ""https://youtube.com/@master-training-center-agartala-866""}"
18b9feb1-ba4d-456f-9dce-7ce12b9694d2,Star Sports Institute Agartala 867,star-sports-institute-agartala-867,23.811026,91.256631,Professional Basketball coaching academy offering structured training programs.,Basketball,"Plot 743, Stadium Road, Agartala",Agartala,Tripura,+917538647579,"https://maps.google.com/?q=23.811026,91.256631",https://picsum.photos/seed/star-sports-institute-agartala-867/800/600,Mahesh Mishra,Basketball,16 Years,Star Sports Institute Agartala 867,₹4091/month,"Indoor Court, Outdoor Court, Fitness Center, Locker Rooms",5:00 PM - 7:00 PM,18+,Mixed,45,Basketball Federation Certified,3.8,191,True,"{""instagram"": ""https://instagram.com/star-sports-institute-agartala-867"", ""facebook"": ""https://facebook.com/star-sports-institute-agartala-867"", ""youtube"": ""https://youtube.com/@star-sports-institute-agartala-867""}"
19f5bfd3-64d2-41d0-a977-975af62f8bf2,Future Performance Academy Agartala 868,future-performance-academy-agartala-868,23.82714,91.33304,Professional Basketball coaching academy offering structured training programs.,Basketball,"Plot 910, Sports Complex, Agartala",Agartala,Tripura,+918079835649,"https://maps.google.com/?q=23.82714,91.33304",https://picsum.photos/seed/future-performance-academy-agartala-868/800/600,Vikram Gupta,Basketball,22 Years,Future Performance Academy Agartala 868,₹5567/month,"Fitness Center, Outdoor Court, Indoor Court, Locker Rooms",5:30 AM - 7:30 AM,15-18,Girls,45,Basketball Federation Certified,4.8,173,False,"{""instagram"": ""https://instagram.com/future-performance-academy-agartala-868"", ""facebook"": ""https://facebook.com/future-performance-academy-agartala-868"", ""youtube"": ""https://youtube.com/@future-performance-academy-agartala-868""}"
d0ed5a13-2286-4b9a-9ccc-c97e2e2b4a9c,Champion Athletic Center Agartala 869,champion-athletic-center-agartala-869,23.831335,91.310292,Professional Cricket coaching academy offering structured training programs.,Cricket,"Plot 631, Stadium Road, Agartala",Agartala,Tripura,+917894124795,"https://maps.google.com/?q=23.831335,91.310292",https://picsum.photos/seed/champion-athletic-center-agartala-869/800/600,Ajay Verma,Cricket,7 Years,Champion Athletic Center Agartala 869,₹3646/month,"Turf Nets, Video Analysis, Practice Pitch, Gym",5:30 AM - 7:30 AM,15-18,Girls,32,"BCCI Level 1, BCCI Level 2",4.7,266,True,"{""instagram"": ""https://instagram.com/champion-athletic-center-agartala-869"", ""facebook"": ""https://facebook.com/champion-athletic-center-agartala-869"", ""youtube"": ""https://youtube.com/@champion-athletic-center-agartala-869""}"
6daf40bb-1593-4c12-8ed4-75928f1400e6,Star Sports Institute Agartala 870,star-sports-institute-agartala-870,23.804809,91.247343,Professional Swimming coaching academy offering structured training programs.,Swimming,"Plot 737, Athletic Colony, Agartala",Agartala,Tripura,+918629736841,"https://maps.google.com/?q=23.804809,91.247343",https://picsum.photos/seed/star-sports-institute-agartala-870/800/600,Prakash Patel,Swimming,10 Years,Star Sports Institute Agartala 870,₹9113/month,"Lifeguard Support, Changing Rooms, Olympic Pool, Kids Pool",5:30 AM - 7:30 AM,10-15,Girls,94,Swimming Federation Certified,4.9,244,False,"{""instagram"": ""https://instagram.com/star-sports-institute-agartala-870"", ""facebook"": ""https://facebook.com/star-sports-institute-agartala-870"", ""youtube"": ""https://youtube.com/@star-sports-institute-agartala-870""}"
a793fcde-a2fd-460b-afb6-e817b0f4faba,Elite Sports Institute Agartala 871,elite-sports-institute-agartala-871,23.838193,91.2582,Professional Tennis coaching academy offering structured training programs.,Tennis,"Plot 578, Athletic Colony, Agartala",Agartala,Tripura,+917022631793,"https://maps.google.com/?q=23.838193,91.2582",https://picsum.photos/seed/elite-sports-institute-agartala-871/800/600,Rohit Singh,Tennis,19 Years,Elite Sports Institute Agartala 871,₹9376/month,"Ball Machine, Fitness Center, Clay Court, Hard Court",5:30 AM - 7:30 AM,15-18,Boys,73,AITA Certified Coach,4.8,193,True,"{""instagram"": ""https://instagram.com/elite-sports-institute-agartala-871"", ""facebook"": ""https://facebook.com/elite-sports-institute-agartala-871"", ""youtube"": ""https://youtube.com/@elite-sports-institute-agartala-871""}"
c93dbb76-cf93-40b5-b7b5-46b076c816df,National Performance Academy Agartala 872,national-performance-academy-agartala-872,23.788459,91.317599,Professional Volleyball coaching academy offering structured training programs.,Volleyball,"Plot 317, Champions Street, Agartala",Agartala,Tripura,+917631342701,"https://maps.google.com/?q=23.788459,91.317599",https://picsum.photos/seed/national-performance-academy-agartala-872/800/600,Suresh Patel,Volleyball,20 Years,National Performance Academy Agartala 872,₹2799/month,"Flood Lights, Indoor Court, Fitness Center, Sand Court",4:00 PM - 6:00 PM,All Ages,Mixed,30,Volleyball Federation Certified,4.2,61,False,"{""instagram"": ""https://instagram.com/national-performance-academy-agartala-872"", ""facebook"": ""https://facebook.com/national-performance-academy-agartala-872"", ""youtube"": ""https://youtube.com/@national-performance-academy-agartala-872""}"
d0bfd164-6190-491f-9833-3ebd1d1d3789,Elite Sports Institute Agartala 873,elite-sports-institute-agartala-873,23.818009,91.254497,Professional Basketball coaching academy offering structured training programs.,Basketball,"Plot 378, Stadium Road, Agartala",Agartala,Tripura,+916313467387,"https://maps.google.com/?q=23.818009,91.254497",https://picsum.photos/seed/elite-sports-institute-agartala-873/800/600,Aman Choudhary,Basketball,23 Years,Elite Sports Institute Agartala 873,₹4912/month,"Indoor Court, Fitness Center, Locker Rooms, Outdoor Court",6:00 AM - 8:00 AM,15-18,Boys,38,Basketball Federation Certified,3.8,380,True,"{""instagram"": ""https://instagram.com/elite-sports-institute-agartala-873"", ""facebook"": ""https://facebook.com/elite-sports-institute-agartala-873"", ""youtube"": ""https://youtube.com/@elite-sports-institute-agartala-873""}"
e78ac248-22f9-4ce5-9da5-79b9e9df9833,Elite Athletic Center Agartala 874,elite-athletic-center-agartala-874,23.864483,91.325911,Professional Cricket coaching academy offering structured training programs.,Cricket,"Plot 668, Central Park, Agartala",Agartala,Tripura,+916325285373,"https://maps.google.com/?q=23.864483,91.325911",https://picsum.photos/seed/elite-athletic-center-agartala-874/800/600,Aman Gupta,Cricket,19 Years,Elite Athletic Center Agartala 874,₹4656/month,"Gym, Practice Pitch, Turf Nets, Video Analysis",4:00 PM - 6:00 PM,5-10,Boys,87,"BCCI Level 1, BCCI Level 2",4.9,402,False,"{""instagram"": ""https://instagram.com/elite-athletic-center-agartala-874"", ""facebook"": ""https://facebook.com/elite-athletic-center-agartala-874"", ""youtube"": ""https://youtube.com/@elite-athletic-center-agartala-874""}"
fb5456e0-8e13-4038-93c9-ee2128789abd,Dynamic Sports Institute Agartala 875,dynamic-sports-institute-agartala-875,23.813545,91.241074,Professional Football coaching academy offering structured training programs.,Football,"Plot 137, Main Road, Agartala",Agartala,Tripura,+917333629668,"https://maps.google.com/?q=23.813545,91.241074",https://picsum.photos/seed/dynamic-sports-institute-agartala-875/800/600,Sanjay Nair,Football,8 Years,Dynamic Sports Institute Agartala 875,₹3822/month,"Fitness Center, Locker Rooms, Natural Grass Ground, Flood Lights",4:00 PM - 6:00 PM,18+,Girls,86,"AIFF D License, AIFF C License",4.9,468,False,"{""instagram"": ""https://instagram.com/dynamic-sports-institute-agartala-875"", ""facebook"": ""https://facebook.com/dynamic-sports-institute-agartala-875"", ""youtube"": ""https://youtube.com/@dynamic-sports-institute-agartala-875""}"
986b9eee-992e-40fe-8921-bf5da00bffa9,Royal Athletic Center Lucknow 876,royal-athletic-center-lucknow-876,26.836912,80.97509,Professional Basketball coaching academy offering structured training programs.,Basketball,"Plot 457, Central Park, Lucknow",Lucknow,Uttar Pradesh,+918995272741,"https://maps.google.com/?q=26.836912,80.97509",https://picsum.photos/seed/royal-athletic-center-lucknow-876/800/600,Deepak Patel,Basketball,17 Years,Royal Athletic Center Lucknow 876,₹2887/month,"Outdoor Court, Fitness Center, Locker Rooms, Indoor Court",6:00 AM - 8:00 AM,10-15,Boys,52,Basketball Federation Certified,4.0,327,False,"{""instagram"": ""https://instagram.com/royal-athletic-center-lucknow-876"", ""facebook"": ""https://facebook.com/royal-athletic-center-lucknow-876"", ""youtube"": ""https://youtube.com/@royal-athletic-center-lucknow-876""}"
7eadbe99-f4d1-441e-bdf2-72aa02709de9,Star Sports Club Noida 877,star-sports-club-noida-877,28.560199,77.350887,Professional Swimming coaching academy offering structured training programs.,Swimming,"Plot 347, Ring Road, Noida",Noida,Uttar Pradesh,+916815870212,"https://maps.google.com/?q=28.560199,77.350887",https://picsum.photos/seed/star-sports-club-noida-877/800/600,Sanjay Joshi,Swimming,23 Years,Star Sports Club Noida 877,₹6387/month,"Lifeguard Support, Olympic Pool, Changing Rooms, Kids Pool",4:00 PM - 6:00 PM,All Ages,Mixed,28,Swimming Federation Certified,4.5,287,True,"{""instagram"": ""https://instagram.com/star-sports-club-noida-877"", ""facebook"": ""https://facebook.com/star-sports-club-noida-877"", ""youtube"": ""https://youtube.com/@star-sports-club-noida-877""}"
ee7bb2c8-5501-4c1c-9e60-ebcd88688306,National Performance Academy Noida 878,national-performance-academy-noida-878,28.506674,77.3583,Professional Volleyball coaching academy offering structured training programs.,Volleyball,"Plot 259, Central Park, Noida",Noida,Uttar Pradesh,+919939893640,"https://maps.google.com/?q=28.506674,77.3583",https://picsum.photos/seed/national-performance-academy-noida-878/800/600,Prakash Rao,Volleyball,6 Years,National Performance Academy Noida 878,₹2171/month,"Flood Lights, Indoor Court, Sand Court, Fitness Center",5:30 AM - 7:30 AM,5-10,Girls,73,Volleyball Federation Certified,4.1,76,False,"{""instagram"": ""https://instagram.com/national-performance-academy-noida-878"", ""facebook"": ""https://facebook.com/national-performance-academy-noida-878"", ""youtube"": ""https://youtube.com/@national-performance-academy-noida-878""}"
5ddfbd04-6ebf-4ad2-9ab1-08dc6a4cc17f,National Athletic Center Lucknow 879,national-athletic-center-lucknow-879,26.877024,80.969982,Professional Athletics coaching academy offering structured training programs.,Athletics,"Plot 108, Athletic Colony, Lucknow",Lucknow,Uttar Pradesh,+917508921759,"https://maps.google.com/?q=26.877024,80.969982",https://picsum.photos/seed/national-athletic-center-lucknow-879/800/600,Rohit Pillai,Athletics,24 Years,National Athletic Center Lucknow 879,₹4123/month,"Running Track, Gym, Fitness Center, Recovery Zone",6:00 PM - 8:00 PM,5-10,Boys,20,Athletics Federation Certified,4.3,53,True,"{""instagram"": ""https://instagram.com/national-athletic-center-lucknow-879"", ""facebook"": ""https://facebook.com/national-athletic-center-lucknow-879"", ""youtube"": ""https://youtube.com/@national-athletic-center-lucknow-879""}"
bf742be1-fc0e-4d28-a725-baff82b9bed1,National Sports Club Agra 880,national-sports-club-agra-880,27.16681,78.055805,Professional Tennis coaching academy offering structured training programs.,Tennis,"Plot 690, Athletic Colony, Agra",Agra,Uttar Pradesh,+918373788727,"https://maps.google.com/?q=27.16681,78.055805",https://picsum.photos/seed/national-sports-club-agra-880/800/600,Harish Joshi,Tennis,9 Years,National Sports Club Agra 880,₹9529/month,"Fitness Center, Hard Court, Clay Court, Ball Machine",5:30 AM - 7:30 AM,All Ages,Girls,54,AITA Certified Coach,4.0,151,False,"{""instagram"": ""https://instagram.com/national-sports-club-agra-880"", ""facebook"": ""https://facebook.com/national-sports-club-agra-880"", ""youtube"": ""https://youtube.com/@national-sports-club-agra-880""}"
74e31628-3331-4720-a328-43672839365f,Dynamic Training Center Noida 881,dynamic-training-center-noida-881,28.559539,77.370767,Professional Athletics coaching academy offering structured training programs.,Athletics,"Plot 569, Victory Avenue, Noida",Noida,Uttar Pradesh,+918422024434,"https://maps.google.com/?q=28.559539,77.370767",https://picsum.photos/seed/dynamic-training-center-noida-881/800/600,Harish Sharma,Athletics,16 Years,Dynamic Training Center Noida 881,₹3245/month,"Gym, Running Track, Fitness Center, Recovery Zone",5:00 PM - 7:00 PM,18+,Mixed,89,Athletics Federation Certified,3.9,217,True,"{""instagram"": ""https://instagram.com/dynamic-training-center-noida-881"", ""facebook"": ""https://facebook.com/dynamic-training-center-noida-881"", ""youtube"": ""https://youtube.com/@dynamic-training-center-noida-881""}"
463f098b-6bfb-4fc4-ab38-b8c7702f5d54,Victory Sports Academy Lucknow 882,victory-sports-academy-lucknow-882,26.88273,80.969617,Professional Tennis coaching academy offering structured training programs.,Tennis,"Plot 59, Sports Hub, Lucknow",Lucknow,Uttar Pradesh,+919870210588,"https://maps.google.com/?q=26.88273,80.969617",https://picsum.photos/seed/victory-sports-academy-lucknow-882/800/600,Mahesh Choudhary,Tennis,23 Years,Victory Sports Academy Lucknow 882,₹7647/month,"Clay Court, Ball Machine, Fitness Center, Hard Court",4:00 PM - 6:00 PM,All Ages,Boys,88,AITA Certified Coach,4.9,114,True,"{""instagram"": ""https://instagram.com/victory-sports-academy-lucknow-882"", ""facebook"": ""https://facebook.com/victory-sports-academy-lucknow-882"", ""youtube"": ""https://youtube.com/@victory-sports-academy-lucknow-882""}"
ea45fecf-2ac4-44e5-a667-c27583bded93,Master Sports Academy Agra 883,master-sports-academy-agra-883,27.137628,77.975655,Professional Athletics coaching academy offering structured training programs.,Athletics,"Plot 387, Athletic Colony, Agra",Agra,Uttar Pradesh,+917650633246,"https://maps.google.com/?q=27.137628,77.975655",https://picsum.photos/seed/master-sports-academy-agra-883/800/600,Mahesh Singh,Athletics,11 Years,Master Sports Academy Agra 883,₹2187/month,"Gym, Fitness Center, Recovery Zone, Running Track",5:30 AM - 7:30 AM,All Ages,Girls,43,Athletics Federation Certified,4.2,86,False,"{""instagram"": ""https://instagram.com/master-sports-academy-agra-883"", ""facebook"": ""https://facebook.com/master-sports-academy-agra-883"", ""youtube"": ""https://youtube.com/@master-sports-academy-agra-883""}"
610b4245-f359-4545-b65b-d590ad235cbe,National Sports Institute Varanasi 884,national-sports-institute-varanasi-884,25.352822,83.017864,Professional Swimming coaching academy offering structured training programs.,Swimming,"Plot 797, Athletic Colony, Varanasi",Varanasi,Uttar Pradesh,+917917048953,"https://maps.google.com/?q=25.352822,83.017864",https://picsum.photos/seed/national-sports-institute-varanasi-884/800/600,Rohit Choudhary,Swimming,17 Years,National Sports Institute Varanasi 884,₹7695/month,"Olympic Pool, Changing Rooms, Kids Pool, Lifeguard Support",5:30 AM - 7:30 AM,18+,Boys,93,Swimming Federation Certified,4.2,56,True,"{""instagram"": ""https://instagram.com/national-sports-institute-varanasi-884"", ""facebook"": ""https://facebook.com/national-sports-institute-varanasi-884"", ""youtube"": ""https://youtube.com/@national-sports-institute-varanasi-884""}"
1d385045-4808-46b4-bc35-214e698ef90f,Victory Sports Academy Lucknow 885,victory-sports-academy-lucknow-885,26.818735,80.962739,Professional Athletics coaching academy offering structured training programs.,Athletics,"Plot 323, Main Road, Lucknow",Lucknow,Uttar Pradesh,+917016753382,"https://maps.google.com/?q=26.818735,80.962739",https://picsum.photos/seed/victory-sports-academy-lucknow-885/800/600,Rahul Mishra,Athletics,19 Years,Victory Sports Academy Lucknow 885,₹4399/month,"Recovery Zone, Running Track, Gym, Fitness Center",5:00 PM - 7:00 PM,5-10,Boys,97,Athletics Federation Certified,4.9,109,False,"{""instagram"": ""https://instagram.com/victory-sports-academy-lucknow-885"", ""facebook"": ""https://facebook.com/victory-sports-academy-lucknow-885"", ""youtube"": ""https://youtube.com/@victory-sports-academy-lucknow-885""}"
e6a4c4c9-f2e7-4d68-acc5-8b4d78f2de09,Elite Performance Academy Agra 886,elite-performance-academy-agra-886,27.175045,78.053899,Professional Volleyball coaching academy offering structured training programs.,Volleyball,"Plot 770, Sports Hub, Agra",Agra,Uttar Pradesh,+919611009382,"https://maps.google.com/?q=27.175045,78.053899",https://picsum.photos/seed/elite-performance-academy-agra-886/800/600,Suresh Singh,Volleyball,13 Years,Elite Performance Academy Agra 886,₹3364/month,"Sand Court, Indoor Court, Fitness Center, Flood Lights",5:30 AM - 7:30 AM,18+,Girls,46,Volleyball Federation Certified,4.8,284,False,"{""instagram"": ""https://instagram.com/elite-performance-academy-agra-886"", ""facebook"": ""https://facebook.com/elite-performance-academy-agra-886"", ""youtube"": ""https://youtube.com/@elite-performance-academy-agra-886""}"
4bd91dfe-a432-4e15-875b-87583b493320,Legend Sports Academy Agra 887,legend-sports-academy-agra-887,27.165892,78.056377,Professional Cricket coaching academy offering structured training programs.,Cricket,"Plot 738, Athletic Colony, Agra",Agra,Uttar Pradesh,+916626317459,"https://maps.google.com/?q=27.165892,78.056377",https://picsum.photos/seed/legend-sports-academy-agra-887/800/600,Kiran Kumar,Cricket,19 Years,Legend Sports Academy Agra 887,₹5785/month,"Practice Pitch, Video Analysis, Gym, Bowling Machine",5:00 PM - 7:00 PM,15-18,Girls,52,"BCCI Level 1, BCCI Level 2",3.8,187,True,"{""instagram"": ""https://instagram.com/legend-sports-academy-agra-887"", ""facebook"": ""https://facebook.com/legend-sports-academy-agra-887"", ""youtube"": ""https://youtube.com/@legend-sports-academy-agra-887""}"
6c580317-e150-4e52-b260-d33ec235b112,Master Sports Club Kanpur 888,master-sports-club-kanpur-888,26.490193,80.306312,Professional Cricket coaching academy offering structured training programs.,Cricket,"Plot 211, Sports Complex, Kanpur",Kanpur,Uttar Pradesh,+917440091462,"https://maps.google.com/?q=26.490193,80.306312",https://picsum.photos/seed/master-sports-club-kanpur-888/800/600,Sanjay Verma,Cricket,11 Years,Master Sports Club Kanpur 888,₹5948/month,"Bowling Machine, Gym, Practice Pitch, Video Analysis",5:00 PM - 7:00 PM,18+,Girls,89,"BCCI Level 1, BCCI Level 2",4.7,480,False,"{""instagram"": ""https://instagram.com/master-sports-club-kanpur-888"", ""facebook"": ""https://facebook.com/master-sports-club-kanpur-888"", ""youtube"": ""https://youtube.com/@master-sports-club-kanpur-888""}"
01af05e5-47bc-4d1a-808f-2d9f5bfbd63c,Elite Sports Club Agra 889,elite-sports-club-agra-889,27.166922,77.990058,Professional Badminton coaching academy offering structured training programs.,Badminton,"Plot 618, Champions Street, Agra",Agra,Uttar Pradesh,+919626080396,"https://maps.google.com/?q=27.166922,77.990058",https://picsum.photos/seed/elite-sports-club-agra-889/800/600,Arjun Gupta,Badminton,24 Years,Elite Sports Club Agra 889,₹3000/month,"Shuttle Supply, Indoor Courts, Wooden Courts, Fitness Center",5:30 AM - 7:30 AM,All Ages,Mixed,33,BAI Certified Coach,3.8,26,False,"{""instagram"": ""https://instagram.com/elite-sports-club-agra-889"", ""facebook"": ""https://facebook.com/elite-sports-club-agra-889"", ""youtube"": ""https://youtube.com/@elite-sports-club-agra-889""}"
82600fb7-6a15-47f9-a4ac-f51f89787b44,Star Sports Academy Kanpur 890,star-sports-academy-kanpur-890,26.487291,80.343218,Professional Basketball coaching academy offering structured training programs.,Basketball,"Plot 182, Sports Hub, Kanpur",Kanpur,Uttar Pradesh,+918723562750,"https://maps.google.com/?q=26.487291,80.343218",https://picsum.photos/seed/star-sports-academy-kanpur-890/800/600,Kiran Patel,Basketball,2 Years,Star Sports Academy Kanpur 890,₹2666/month,"Outdoor Court, Fitness Center, Locker Rooms, Indoor Court",6:00 AM - 8:00 AM,15-18,Mixed,20,Basketball Federation Certified,3.8,191,True,"{""instagram"": ""https://instagram.com/star-sports-academy-kanpur-890"", ""facebook"": ""https://facebook.com/star-sports-academy-kanpur-890"", ""youtube"": ""https://youtube.com/@star-sports-academy-kanpur-890""}"
e0f37d2f-e92e-4072-a71e-bc79a0053352,Dynamic Sports Academy Noida 891,dynamic-sports-academy-noida-891,28.515584,77.370848,Professional Football coaching academy offering structured training programs.,Football,"Plot 453, Central Park, Noida",Noida,Uttar Pradesh,+916397680583,"https://maps.google.com/?q=28.515584,77.370848",https://picsum.photos/seed/dynamic-sports-academy-noida-891/800/600,Vikram Mishra,Football,3 Years,Dynamic Sports Academy Noida 891,₹2616/month,"Natural Grass Ground, Fitness Center, Locker Rooms, Flood Lights",6:00 PM - 8:00 PM,5-10,Mixed,54,"AIFF D License, AIFF C License",3.9,237,False,"{""instagram"": ""https://instagram.com/dynamic-sports-academy-noida-891"", ""facebook"": ""https://facebook.com/dynamic-sports-academy-noida-891"", ""youtube"": ""https://youtube.com/@dynamic-sports-academy-noida-891""}"
d84665b0-e175-40ff-a016-309d67131579,National Athletic Center Varanasi 892,national-athletic-center-varanasi-892,25.334104,82.956746,Professional Tennis coaching academy offering structured training programs.,Tennis,"Plot 876, Ring Road, Varanasi",Varanasi,Uttar Pradesh,+918788941837,"https://maps.google.com/?q=25.334104,82.956746",https://picsum.photos/seed/national-athletic-center-varanasi-892/800/600,Sanjay Rao,Tennis,12 Years,National Athletic Center Varanasi 892,₹11853/month,"Hard Court, Clay Court, Ball Machine, Fitness Center",6:00 AM - 8:00 AM,18+,Girls,76,AITA Certified Coach,4.7,290,False,"{""instagram"": ""https://instagram.com/national-athletic-center-varanasi-892"", ""facebook"": ""https://facebook.com/national-athletic-center-varanasi-892"", ""youtube"": ""https://youtube.com/@national-athletic-center-varanasi-892""}"
6aec9f96-d444-48de-bb2d-b1cfa3d63306,Star Training Center Noida 893,star-training-center-noida-893,28.574915,77.356504,Professional Badminton coaching academy offering structured training programs.,Badminton,"Plot 277, Central Park, Noida",Noida,Uttar Pradesh,+917804245649,"https://maps.google.com/?q=28.574915,77.356504",https://picsum.photos/seed/star-training-center-noida-893/800/600,Suresh Yadav,Badminton,13 Years,Star Training Center Noida 893,₹4333/month,"Wooden Courts, Fitness Center, Shuttle Supply, Indoor Courts",5:30 AM - 7:30 AM,5-10,Girls,30,BAI Certified Coach,4.9,129,False,"{""instagram"": ""https://instagram.com/star-training-center-noida-893"", ""facebook"": ""https://facebook.com/star-training-center-noida-893"", ""youtube"": ""https://youtube.com/@star-training-center-noida-893""}"
7298cc22-fa84-4d1f-810a-78ed95c97f85,Victory Training Center Varanasi 894,victory-training-center-varanasi-894,25.326434,82.937008,Professional Tennis coaching academy offering structured training programs.,Tennis,"Plot 534, Ring Road, Varanasi",Varanasi,Uttar Pradesh,+916336917447,"https://maps.google.com/?q=25.326434,82.937008",https://picsum.photos/seed/victory-training-center-varanasi-894/800/600,Suresh Choudhary,Tennis,4 Years,Victory Training Center Varanasi 894,₹4584/month,"Fitness Center, Clay Court, Ball Machine, Hard Court",4:00 PM - 6:00 PM,5-10,Boys,39,AITA Certified Coach,4.6,485,True,"{""instagram"": ""https://instagram.com/victory-training-center-varanasi-894"", ""facebook"": ""https://facebook.com/victory-training-center-varanasi-894"", ""youtube"": ""https://youtube.com/@victory-training-center-varanasi-894""}"
ff6f4eda-d26d-4718-b27b-b3c2e0da47ff,Future Performance Academy Lucknow 895,future-performance-academy-lucknow-895,26.837784,80.912677,Professional Athletics coaching academy offering structured training programs.,Athletics,"Plot 180, Sports Nagar, Lucknow",Lucknow,Uttar Pradesh,+917950081794,"https://maps.google.com/?q=26.837784,80.912677",https://picsum.photos/seed/future-performance-academy-lucknow-895/800/600,Sanjay Sharma,Athletics,14 Years,Future Performance Academy Lucknow 895,₹3233/month,"Recovery Zone, Running Track, Fitness Center, Gym",6:00 PM - 8:00 PM,5-10,Boys,77,Athletics Federation Certified,3.5,195,True,"{""instagram"": ""https://instagram.com/future-performance-academy-lucknow-895"", ""facebook"": ""https://facebook.com/future-performance-academy-lucknow-895"", ""youtube"": ""https://youtube.com/@future-performance-academy-lucknow-895""}"
6f37e706-ec59-4a90-af7f-72726cd8ac44,Victory Performance Academy Varanasi 896,victory-performance-academy-varanasi-896,25.33962,82.936109,Professional Volleyball coaching academy offering structured training programs.,Volleyball,"Plot 230, Central Park, Varanasi",Varanasi,Uttar Pradesh,+916060259342,"https://maps.google.com/?q=25.33962,82.936109",https://picsum.photos/seed/victory-performance-academy-varanasi-896/800/600,Vikram Pillai,Volleyball,24 Years,Victory Performance Academy Varanasi 896,₹3070/month,"Sand Court, Fitness Center, Indoor Court, Flood Lights",6:00 PM - 8:00 PM,5-10,Girls,31,Volleyball Federation Certified,3.9,497,False,"{""instagram"": ""https://instagram.com/victory-performance-academy-varanasi-896"", ""facebook"": ""https://facebook.com/victory-performance-academy-varanasi-896"", ""youtube"": ""https://youtube.com/@victory-performance-academy-varanasi-896""}"
ea5251d5-76b6-4545-bb96-5a2016409ce3,Master Athletic Center Varanasi 897,master-athletic-center-varanasi-897,25.324065,83.022664,Professional Basketball coaching academy offering structured training programs.,Basketball,"Plot 168, Sports Nagar, Varanasi",Varanasi,Uttar Pradesh,+916244919556,"https://maps.google.com/?q=25.324065,83.022664",https://picsum.photos/seed/master-athletic-center-varanasi-897/800/600,Arjun Yadav,Basketball,14 Years,Master Athletic Center Varanasi 897,₹5452/month,"Locker Rooms, Outdoor Court, Indoor Court, Fitness Center",4:00 PM - 6:00 PM,18+,Boys,56,Basketball Federation Certified,3.9,247,True,"{""instagram"": ""https://instagram.com/master-athletic-center-varanasi-897"", ""facebook"": ""https://facebook.com/master-athletic-center-varanasi-897"", ""youtube"": ""https://youtube.com/@master-athletic-center-varanasi-897""}"
02e05c24-0df7-43ef-adb6-70e1092fa4bf,National Sports Institute Varanasi 898,national-sports-institute-varanasi-898,25.324527,82.977288,Professional Football coaching academy offering structured training programs.,Football,"Plot 576, Sports Hub, Varanasi",Varanasi,Uttar Pradesh,+919898614859,"https://maps.google.com/?q=25.324527,82.977288",https://picsum.photos/seed/national-sports-institute-varanasi-898/800/600,Aman Mishra,Football,25 Years,National Sports Institute Varanasi 898,₹3169/month,"Flood Lights, Natural Grass Ground, Locker Rooms, Training Cones",4:00 PM - 6:00 PM,15-18,Mixed,95,"AIFF D License, AIFF C License",3.6,123,False,"{""instagram"": ""https://instagram.com/national-sports-institute-varanasi-898"", ""facebook"": ""https://facebook.com/national-sports-institute-varanasi-898"", ""youtube"": ""https://youtube.com/@national-sports-institute-varanasi-898""}"
bfb2acaf-8714-4b29-b68e-0f047ff4dbc6,Champion Sports Academy Agra 899,champion-sports-academy-agra-899,27.190002,78.04382,Professional Athletics coaching academy offering structured training programs.,Athletics,"Plot 923, Sports Hub, Agra",Agra,Uttar Pradesh,+918055893374,"https://maps.google.com/?q=27.190002,78.04382",https://picsum.photos/seed/champion-sports-academy-agra-899/800/600,Deepak Mishra,Athletics,20 Years,Champion Sports Academy Agra 899,₹4861/month,"Gym, Recovery Zone, Running Track, Fitness Center",6:00 AM - 8:00 AM,10-15,Boys,21,Athletics Federation Certified,4.1,28,True,"{""instagram"": ""https://instagram.com/champion-sports-academy-agra-899"", ""facebook"": ""https://facebook.com/champion-sports-academy-agra-899"", ""youtube"": ""https://youtube.com/@champion-sports-academy-agra-899""}"
d22871ef-974b-4fe9-8e8a-9365dca7996e,Victory Sports Club Lucknow 900,victory-sports-club-lucknow-900,26.824706,80.941638,Professional Football coaching academy offering structured training programs.,Football,"Plot 57, Sports Complex, Lucknow",Lucknow,Uttar Pradesh,+919443410957,"https://maps.google.com/?q=26.824706,80.941638",https://picsum.photos/seed/victory-sports-club-lucknow-900/800/600,Harish Singh,Football,5 Years,Victory Sports Club Lucknow 900,₹3836/month,"Training Cones, Locker Rooms, Flood Lights, Fitness Center",6:00 PM - 8:00 PM,15-18,Mixed,76,"AIFF D License, AIFF C License",4.8,293,True,"{""instagram"": ""https://instagram.com/victory-sports-club-lucknow-900"", ""facebook"": ""https://facebook.com/victory-sports-club-lucknow-900"", ""youtube"": ""https://youtube.com/@victory-sports-club-lucknow-900""}"
da81ae20-d4e4-4c57-9ade-ee0d8e4f155d,Legend Sports Institute Lucknow 901,legend-sports-institute-lucknow-901,26.801153,80.914227,Professional Swimming coaching academy offering structured training programs.,Swimming,"Plot 189, Athletic Colony, Lucknow",Lucknow,Uttar Pradesh,+918878113324,"https://maps.google.com/?q=26.801153,80.914227",https://picsum.photos/seed/legend-sports-institute-lucknow-901/800/600,Deepak Joshi,Swimming,18 Years,Legend Sports Institute Lucknow 901,₹5795/month,"Kids Pool, Lifeguard Support, Olympic Pool, Changing Rooms",6:00 PM - 8:00 PM,All Ages,Girls,94,Swimming Federation Certified,4.0,141,True,"{""instagram"": ""https://instagram.com/legend-sports-institute-lucknow-901"", ""facebook"": ""https://facebook.com/legend-sports-institute-lucknow-901"", ""youtube"": ""https://youtube.com/@legend-sports-institute-lucknow-901""}"
e3146cfb-3077-4cca-b8e7-e32ee510c7f9,Pro Sports Academy Lucknow 902,pro-sports-academy-lucknow-902,26.849796,80.944156,Professional Volleyball coaching academy offering structured training programs.,Volleyball,"Plot 47, Sports Hub, Lucknow",Lucknow,Uttar Pradesh,+916644332303,"https://maps.google.com/?q=26.849796,80.944156",https://picsum.photos/seed/pro-sports-academy-lucknow-902/800/600,Harish Singh,Volleyball,4 Years,Pro Sports Academy Lucknow 902,₹4437/month,"Flood Lights, Indoor Court, Fitness Center, Sand Court",5:00 PM - 7:00 PM,5-10,Mixed,84,Volleyball Federation Certified,4.2,491,False,"{""instagram"": ""https://instagram.com/pro-sports-academy-lucknow-902"", ""facebook"": ""https://facebook.com/pro-sports-academy-lucknow-902"", ""youtube"": ""https://youtube.com/@pro-sports-academy-lucknow-902""}"
1641c2f3-3de0-49cc-8d89-eab131b844fd,Pro Sports Club Noida 903,pro-sports-club-noida-903,28.556656,77.428577,Professional Badminton coaching academy offering structured training programs.,Badminton,"Plot 136, Sports Hub, Noida",Noida,Uttar Pradesh,+916522179995,"https://maps.google.com/?q=28.556656,77.428577",https://picsum.photos/seed/pro-sports-club-noida-903/800/600,Rohit Patel,Badminton,10 Years,Pro Sports Club Noida 903,₹5692/month,"Fitness Center, Indoor Courts, Shuttle Supply, Wooden Courts",6:00 AM - 8:00 AM,5-10,Girls,22,BAI Certified Coach,4.5,96,True,"{""instagram"": ""https://instagram.com/pro-sports-club-noida-903"", ""facebook"": ""https://facebook.com/pro-sports-club-noida-903"", ""youtube"": ""https://youtube.com/@pro-sports-club-noida-903""}"
60d9409a-050d-4bac-9289-5f2eda041d96,Victory Sports Club Agra 904,victory-sports-club-agra-904,27.151071,77.963875,Professional Cricket coaching academy offering structured training programs.,Cricket,"Plot 336, Stadium Road, Agra",Agra,Uttar Pradesh,+917281555491,"https://maps.google.com/?q=27.151071,77.963875",https://picsum.photos/seed/victory-sports-club-agra-904/800/600,Tarun Kumar,Cricket,18 Years,Victory Sports Club Agra 904,₹3252/month,"Turf Nets, Video Analysis, Practice Pitch, Gym",6:00 AM - 8:00 AM,All Ages,Mixed,34,"BCCI Level 1, BCCI Level 2",4.7,455,True,"{""instagram"": ""https://instagram.com/victory-sports-club-agra-904"", ""facebook"": ""https://facebook.com/victory-sports-club-agra-904"", ""youtube"": ""https://youtube.com/@victory-sports-club-agra-904""}"
6c237922-efc6-4d2c-add3-156b560d74c9,Champion Sports Club Agra 905,champion-sports-club-agra-905,27.161132,78.010559,Professional Swimming coaching academy offering structured training programs.,Swimming,"Plot 351, Main Road, Agra",Agra,Uttar Pradesh,+916864890760,"https://maps.google.com/?q=27.161132,78.010559",https://picsum.photos/seed/champion-sports-club-agra-905/800/600,Rahul Nair,Swimming,13 Years,Champion Sports Club Agra 905,₹9629/month,"Changing Rooms, Olympic Pool, Kids Pool, Lifeguard Support",5:00 PM - 7:00 PM,10-15,Boys,47,Swimming Federation Certified,4.2,45,False,"{""instagram"": ""https://instagram.com/champion-sports-club-agra-905"", ""facebook"": ""https://facebook.com/champion-sports-club-agra-905"", ""youtube"": ""https://youtube.com/@champion-sports-club-agra-905""}"
8fff9cdb-d6ab-42ac-b762-9a039b830a6d,Victory Performance Academy Varanasi 906,victory-performance-academy-varanasi-906,25.343336,82.980133,Professional Badminton coaching academy offering structured training programs.,Badminton,"Plot 142, Champions Street, Varanasi",Varanasi,Uttar Pradesh,+917509855746,"https://maps.google.com/?q=25.343336,82.980133",https://picsum.photos/seed/victory-performance-academy-varanasi-906/800/600,Tarun Verma,Badminton,9 Years,Victory Performance Academy Varanasi 906,₹3168/month,"Wooden Courts, Indoor Courts, Fitness Center, Shuttle Supply",5:00 PM - 7:00 PM,10-15,Girls,53,BAI Certified Coach,4.8,209,False,"{""instagram"": ""https://instagram.com/victory-performance-academy-varanasi-906"", ""facebook"": ""https://facebook.com/victory-performance-academy-varanasi-906"", ""youtube"": ""https://youtube.com/@victory-performance-academy-varanasi-906""}"
1af0de1b-f507-464a-b3d4-07c506d134f0,Dynamic Athletic Center Noida 907,dynamic-athletic-center-noida-907,28.573489,77.35387,Professional Badminton coaching academy offering structured training programs.,Badminton,"Plot 13, Victory Avenue, Noida",Noida,Uttar Pradesh,+919899156143,"https://maps.google.com/?q=28.573489,77.35387",https://picsum.photos/seed/dynamic-athletic-center-noida-907/800/600,Arjun Verma,Badminton,9 Years,Dynamic Athletic Center Noida 907,₹2795/month,"Wooden Courts, Fitness Center, Shuttle Supply, Indoor Courts",6:00 PM - 8:00 PM,5-10,Girls,39,BAI Certified Coach,4.8,321,True,"{""instagram"": ""https://instagram.com/dynamic-athletic-center-noida-907"", ""facebook"": ""https://facebook.com/dynamic-athletic-center-noida-907"", ""youtube"": ""https://youtube.com/@dynamic-athletic-center-noida-907""}"
9219bacf-4952-4932-8360-4d3b474df064,Prime Athletic Center Agra 908,prime-athletic-center-agra-908,27.151056,78.024748,Professional Swimming coaching academy offering structured training programs.,Swimming,"Plot 829, Victory Avenue, Agra",Agra,Uttar Pradesh,+919768904293,"https://maps.google.com/?q=27.151056,78.024748",https://picsum.photos/seed/prime-athletic-center-agra-908/800/600,Naveen Pillai,Swimming,22 Years,Prime Athletic Center Agra 908,₹8916/month,"Changing Rooms, Olympic Pool, Kids Pool, Lifeguard Support",4:00 PM - 6:00 PM,All Ages,Girls,86,Swimming Federation Certified,4.8,51,False,"{""instagram"": ""https://instagram.com/prime-athletic-center-agra-908"", ""facebook"": ""https://facebook.com/prime-athletic-center-agra-908"", ""youtube"": ""https://youtube.com/@prime-athletic-center-agra-908""}"
26a7029f-60ff-4d4d-b88e-66cb2128f20e,Victory Sports Club Noida 909,victory-sports-club-noida-909,28.542125,77.400001,Professional Swimming coaching academy offering structured training programs.,Swimming,"Plot 248, Champions Street, Noida",Noida,Uttar Pradesh,+917145699360,"https://maps.google.com/?q=28.542125,77.400001",https://picsum.photos/seed/victory-sports-club-noida-909/800/600,Ajay Verma,Swimming,25 Years,Victory Sports Club Noida 909,₹6256/month,"Lifeguard Support, Changing Rooms, Kids Pool, Olympic Pool",5:00 PM - 7:00 PM,All Ages,Mixed,50,Swimming Federation Certified,4.0,36,False,"{""instagram"": ""https://instagram.com/victory-sports-club-noida-909"", ""facebook"": ""https://facebook.com/victory-sports-club-noida-909"", ""youtube"": ""https://youtube.com/@victory-sports-club-noida-909""}"
315e05f1-6eba-4698-b9e3-c27d9f53fd17,Star Training Center Agra 910,star-training-center-agra-910,27.209541,78.056822,Professional Swimming coaching academy offering structured training programs.,Swimming,"Plot 676, Stadium Road, Agra",Agra,Uttar Pradesh,+919760558855,"https://maps.google.com/?q=27.209541,78.056822",https://picsum.photos/seed/star-training-center-agra-910/800/600,Naveen Verma,Swimming,4 Years,Star Training Center Agra 910,₹9749/month,"Kids Pool, Lifeguard Support, Olympic Pool, Changing Rooms",5:30 AM - 7:30 AM,18+,Mixed,66,Swimming Federation Certified,4.0,486,False,"{""instagram"": ""https://instagram.com/star-training-center-agra-910"", ""facebook"": ""https://facebook.com/star-training-center-agra-910"", ""youtube"": ""https://youtube.com/@star-training-center-agra-910""}"
cf56c51b-d887-4022-bbc8-4ea88900a805,Pro Training Center Dehradun 911,pro-training-center-dehradun-911,30.358318,78.002915,Professional Volleyball coaching academy offering structured training programs.,Volleyball,"Plot 193, Athletic Colony, Dehradun",Dehradun,Uttarakhand,+916304867849,"https://maps.google.com/?q=30.358318,78.002915",https://picsum.photos/seed/pro-training-center-dehradun-911/800/600,Aman Joshi,Volleyball,10 Years,Pro Training Center Dehradun 911,₹5548/month,"Sand Court, Flood Lights, Indoor Court, Fitness Center",4:00 PM - 6:00 PM,15-18,Boys,57,Volleyball Federation Certified,4.4,258,False,"{""instagram"": ""https://instagram.com/pro-training-center-dehradun-911"", ""facebook"": ""https://facebook.com/pro-training-center-dehradun-911"", ""youtube"": ""https://youtube.com/@pro-training-center-dehradun-911""}"
d0231ad4-432e-42e7-8565-917070530f2a,Dynamic Athletic Center Dehradun 912,dynamic-athletic-center-dehradun-912,30.313617,78.075456,Professional Tennis coaching academy offering structured training programs.,Tennis,"Plot 180, Athletic Colony, Dehradun",Dehradun,Uttarakhand,+918565459165,"https://maps.google.com/?q=30.313617,78.075456",https://picsum.photos/seed/dynamic-athletic-center-dehradun-912/800/600,Lokesh Patel,Tennis,14 Years,Dynamic Athletic Center Dehradun 912,₹10257/month,"Fitness Center, Ball Machine, Clay Court, Hard Court",5:00 PM - 7:00 PM,15-18,Girls,63,AITA Certified Coach,4.2,202,True,"{""instagram"": ""https://instagram.com/dynamic-athletic-center-dehradun-912"", ""facebook"": ""https://facebook.com/dynamic-athletic-center-dehradun-912"", ""youtube"": ""https://youtube.com/@dynamic-athletic-center-dehradun-912""}"
643b247a-9f2a-4bd3-ac32-f28597047f26,Victory Performance Academy Dehradun 913,victory-performance-academy-dehradun-913,30.293038,77.990944,Professional Swimming coaching academy offering structured training programs.,Swimming,"Plot 147, Central Park, Dehradun",Dehradun,Uttarakhand,+919391573536,"https://maps.google.com/?q=30.293038,77.990944",https://picsum.photos/seed/victory-performance-academy-dehradun-913/800/600,Lokesh Rao,Swimming,2 Years,Victory Performance Academy Dehradun 913,₹8836/month,"Lifeguard Support, Changing Rooms, Kids Pool, Olympic Pool",4:00 PM - 6:00 PM,10-15,Girls,72,Swimming Federation Certified,4.7,187,False,"{""instagram"": ""https://instagram.com/victory-performance-academy-dehradun-913"", ""facebook"": ""https://facebook.com/victory-performance-academy-dehradun-913"", ""youtube"": ""https://youtube.com/@victory-performance-academy-dehradun-913""}"
38e301eb-0ea9-4d6a-aa09-b7093c75fa51,Master Sports Institute Dehradun 914,master-sports-institute-dehradun-914,30.36025,78.017664,Professional Football coaching academy offering structured training programs.,Football,"Plot 770, Victory Avenue, Dehradun",Dehradun,Uttarakhand,+916776570792,"https://maps.google.com/?q=30.36025,78.017664",https://picsum.photos/seed/master-sports-institute-dehradun-914/800/600,Suresh Kumar,Football,16 Years,Master Sports Institute Dehradun 914,₹7199/month,"Locker Rooms, Training Cones, Natural Grass Ground, Flood Lights",5:30 AM - 7:30 AM,5-10,Boys,23,"AIFF D License, AIFF C License",4.5,220,False,"{""instagram"": ""https://instagram.com/master-sports-institute-dehradun-914"", ""facebook"": ""https://facebook.com/master-sports-institute-dehradun-914"", ""youtube"": ""https://youtube.com/@master-sports-institute-dehradun-914""}"
1ac3a752-0530-466f-890a-b464d757d24c,Prime Training Center Dehradun 915,prime-training-center-dehradun-915,30.304158,78.023651,Professional Swimming coaching academy offering structured training programs.,Swimming,"Plot 920, Central Park, Dehradun",Dehradun,Uttarakhand,+917527502911,"https://maps.google.com/?q=30.304158,78.023651",https://picsum.photos/seed/prime-training-center-dehradun-915/800/600,Harish Mishra,Swimming,6 Years,Prime Training Center Dehradun 915,₹9511/month,"Lifeguard Support, Kids Pool, Changing Rooms, Olympic Pool",4:00 PM - 6:00 PM,5-10,Boys,38,Swimming Federation Certified,4.8,304,False,"{""instagram"": ""https://instagram.com/prime-training-center-dehradun-915"", ""facebook"": ""https://facebook.com/prime-training-center-dehradun-915"", ""youtube"": ""https://youtube.com/@prime-training-center-dehradun-915""}"
43c1d5ef-c4b0-414d-ae87-b7b7b08e0ab5,Future Sports Club Haridwar 916,future-sports-club-haridwar-916,29.905058,78.211079,Professional Tennis coaching academy offering structured training programs.,Tennis,"Plot 210, Sports Nagar, Haridwar",Haridwar,Uttarakhand,+918011502722,"https://maps.google.com/?q=29.905058,78.211079",https://picsum.photos/seed/future-sports-club-haridwar-916/800/600,Rohit Joshi,Tennis,20 Years,Future Sports Club Haridwar 916,₹7766/month,"Hard Court, Fitness Center, Clay Court, Ball Machine",6:00 PM - 8:00 PM,5-10,Girls,42,AITA Certified Coach,4.0,427,True,"{""instagram"": ""https://instagram.com/future-sports-club-haridwar-916"", ""facebook"": ""https://facebook.com/future-sports-club-haridwar-916"", ""youtube"": ""https://youtube.com/@future-sports-club-haridwar-916""}"
aeb3d103-2964-4746-afce-51ef3337ed78,Royal Sports Club Dehradun 917,royal-sports-club-dehradun-917,30.364615,78.010464,Professional Basketball coaching academy offering structured training programs.,Basketball,"Plot 991, Main Road, Dehradun",Dehradun,Uttarakhand,+916468593474,"https://maps.google.com/?q=30.364615,78.010464",https://picsum.photos/seed/royal-sports-club-dehradun-917/800/600,Rohit Yadav,Basketball,7 Years,Royal Sports Club Dehradun 917,₹4395/month,"Fitness Center, Outdoor Court, Indoor Court, Locker Rooms",6:00 PM - 8:00 PM,5-10,Girls,44,Basketball Federation Certified,4.7,318,False,"{""instagram"": ""https://instagram.com/royal-sports-club-dehradun-917"", ""facebook"": ""https://facebook.com/royal-sports-club-dehradun-917"", ""youtube"": ""https://youtube.com/@royal-sports-club-dehradun-917""}"
27b73c59-96f6-4f2e-af95-5e1a695c6851,Future Athletic Center Haridwar 918,future-athletic-center-haridwar-918,29.900812,78.19094,Professional Cricket coaching academy offering structured training programs.,Cricket,"Plot 950, Ring Road, Haridwar",Haridwar,Uttarakhand,+916958003614,"https://maps.google.com/?q=29.900812,78.19094",https://picsum.photos/seed/future-athletic-center-haridwar-918/800/600,Kiran Pillai,Cricket,20 Years,Future Athletic Center Haridwar 918,₹4855/month,"Bowling Machine, Turf Nets, Practice Pitch, Video Analysis",5:00 PM - 7:00 PM,All Ages,Mixed,70,"BCCI Level 1, BCCI Level 2",4.1,11,True,"{""instagram"": ""https://instagram.com/future-athletic-center-haridwar-918"", ""facebook"": ""https://facebook.com/future-athletic-center-haridwar-918"", ""youtube"": ""https://youtube.com/@future-athletic-center-haridwar-918""}"
6280303f-b2e4-4b98-8ef4-43f713b52bcb,Legend Athletic Center Dehradun 919,legend-athletic-center-dehradun-919,30.359185,78.0421,Professional Badminton coaching academy offering structured training programs.,Badminton,"Plot 298, Sports Nagar, Dehradun",Dehradun,Uttarakhand,+917819251702,"https://maps.google.com/?q=30.359185,78.0421",https://picsum.photos/seed/legend-athletic-center-dehradun-919/800/600,Rahul Rao,Badminton,17 Years,Legend Athletic Center Dehradun 919,₹4435/month,"Indoor Courts, Wooden Courts, Shuttle Supply, Fitness Center",6:00 AM - 8:00 AM,18+,Boys,58,BAI Certified Coach,4.6,225,True,"{""instagram"": ""https://instagram.com/legend-athletic-center-dehradun-919"", ""facebook"": ""https://facebook.com/legend-athletic-center-dehradun-919"", ""youtube"": ""https://youtube.com/@legend-athletic-center-dehradun-919""}"
1840af6d-0958-42e9-96cc-d54252efc4e9,Master Performance Academy Haridwar 920,master-performance-academy-haridwar-920,29.921181,78.204665,Professional Cricket coaching academy offering structured training programs.,Cricket,"Plot 738, Victory Avenue, Haridwar",Haridwar,Uttarakhand,+917096496020,"https://maps.google.com/?q=29.921181,78.204665",https://picsum.photos/seed/master-performance-academy-haridwar-920/800/600,Arjun Yadav,Cricket,4 Years,Master Performance Academy Haridwar 920,₹4313/month,"Gym, Practice Pitch, Video Analysis, Bowling Machine",6:00 AM - 8:00 AM,10-15,Girls,90,"BCCI Level 1, BCCI Level 2",4.0,337,True,"{""instagram"": ""https://instagram.com/master-performance-academy-haridwar-920"", ""facebook"": ""https://facebook.com/master-performance-academy-haridwar-920"", ""youtube"": ""https://youtube.com/@master-performance-academy-haridwar-920""}"
6014f4b5-0847-4162-8b08-37b5c97c46e3,Legend Sports Academy Haridwar 921,legend-sports-academy-haridwar-921,29.985154,78.122535,Professional Football coaching academy offering structured training programs.,Football,"Plot 433, Stadium Road, Haridwar",Haridwar,Uttarakhand,+917982953385,"https://maps.google.com/?q=29.985154,78.122535",https://picsum.photos/seed/legend-sports-academy-haridwar-921/800/600,Mahesh Singh,Football,23 Years,Legend Sports Academy Haridwar 921,₹6047/month,"Training Cones, Fitness Center, Flood Lights, Natural Grass Ground",5:30 AM - 7:30 AM,5-10,Mixed,52,"AIFF D License, AIFF C License",3.7,14,False,"{""instagram"": ""https://instagram.com/legend-sports-academy-haridwar-921"", ""facebook"": ""https://facebook.com/legend-sports-academy-haridwar-921"", ""youtube"": ""https://youtube.com/@legend-sports-academy-haridwar-921""}"
ce24bbe3-c2fc-4bdf-8ca6-e824b8a43588,Legend Sports Club Haridwar 922,legend-sports-club-haridwar-922,29.923924,78.164451,Professional Athletics coaching academy offering structured training programs.,Athletics,"Plot 898, Victory Avenue, Haridwar",Haridwar,Uttarakhand,+916912673218,"https://maps.google.com/?q=29.923924,78.164451",https://picsum.photos/seed/legend-sports-club-haridwar-922/800/600,Prakash Yadav,Athletics,8 Years,Legend Sports Club Haridwar 922,₹2450/month,"Recovery Zone, Running Track, Fitness Center, Gym",5:30 AM - 7:30 AM,18+,Girls,81,Athletics Federation Certified,4.8,472,True,"{""instagram"": ""https://instagram.com/legend-sports-club-haridwar-922"", ""facebook"": ""https://facebook.com/legend-sports-club-haridwar-922"", ""youtube"": ""https://youtube.com/@legend-sports-club-haridwar-922""}"
86d702af-b34c-4b88-a740-9fd8b40aeb4c,Victory Sports Institute Dehradun 923,victory-sports-institute-dehradun-923,30.280247,78.036245,Professional Athletics coaching academy offering structured training programs.,Athletics,"Plot 618, Champions Street, Dehradun",Dehradun,Uttarakhand,+918888063952,"https://maps.google.com/?q=30.280247,78.036245",https://picsum.photos/seed/victory-sports-institute-dehradun-923/800/600,Naveen Nair,Athletics,25 Years,Victory Sports Institute Dehradun 923,₹2529/month,"Running Track, Recovery Zone, Fitness Center, Gym",4:00 PM - 6:00 PM,All Ages,Boys,48,Athletics Federation Certified,4.5,157,False,"{""instagram"": ""https://instagram.com/victory-sports-institute-dehradun-923"", ""facebook"": ""https://facebook.com/victory-sports-institute-dehradun-923"", ""youtube"": ""https://youtube.com/@victory-sports-institute-dehradun-923""}"
3613feb3-e7da-4ea0-9cf5-1230b481b8ea,National Sports Institute Haridwar 924,national-sports-institute-haridwar-924,29.976014,78.135435,Professional Swimming coaching academy offering structured training programs.,Swimming,"Plot 358, Central Park, Haridwar",Haridwar,Uttarakhand,+917612209670,"https://maps.google.com/?q=29.976014,78.135435",https://picsum.photos/seed/national-sports-institute-haridwar-924/800/600,Vikram Sharma,Swimming,24 Years,National Sports Institute Haridwar 924,₹7702/month,"Olympic Pool, Kids Pool, Changing Rooms, Lifeguard Support",5:00 PM - 7:00 PM,All Ages,Boys,50,Swimming Federation Certified,4.2,76,True,"{""instagram"": ""https://instagram.com/national-sports-institute-haridwar-924"", ""facebook"": ""https://facebook.com/national-sports-institute-haridwar-924"", ""youtube"": ""https://youtube.com/@national-sports-institute-haridwar-924""}"
f0f5b855-e914-4599-8d78-1f0d96149d5a,Victory Sports Club Haridwar 925,victory-sports-club-haridwar-925,29.903874,78.200314,Professional Swimming coaching academy offering structured training programs.,Swimming,"Plot 567, Ring Road, Haridwar",Haridwar,Uttarakhand,+919101286601,"https://maps.google.com/?q=29.903874,78.200314",https://picsum.photos/seed/victory-sports-club-haridwar-925/800/600,Sanjay Choudhary,Swimming,10 Years,Victory Sports Club Haridwar 925,₹8503/month,"Kids Pool, Changing Rooms, Olympic Pool, Lifeguard Support",4:00 PM - 6:00 PM,All Ages,Mixed,86,Swimming Federation Certified,3.7,446,False,"{""instagram"": ""https://instagram.com/victory-sports-club-haridwar-925"", ""facebook"": ""https://facebook.com/victory-sports-club-haridwar-925"", ""youtube"": ""https://youtube.com/@victory-sports-club-haridwar-925""}"
41ba15e6-e77d-435c-914c-edcad55a8ada,Elite Performance Academy Dehradun 926,elite-performance-academy-dehradun-926,30.311895,78.003384,Professional Basketball coaching academy offering structured training programs.,Basketball,"Plot 400, Main Road, Dehradun",Dehradun,Uttarakhand,+919460552508,"https://maps.google.com/?q=30.311895,78.003384",https://picsum.photos/seed/elite-performance-academy-dehradun-926/800/600,Aman Patel,Basketball,22 Years,Elite Performance Academy Dehradun 926,₹4930/month,"Outdoor Court, Fitness Center, Locker Rooms, Indoor Court",5:30 AM - 7:30 AM,5-10,Mixed,59,Basketball Federation Certified,4.3,238,False,"{""instagram"": ""https://instagram.com/elite-performance-academy-dehradun-926"", ""facebook"": ""https://facebook.com/elite-performance-academy-dehradun-926"", ""youtube"": ""https://youtube.com/@elite-performance-academy-dehradun-926""}"
bf987de0-26ea-4837-a135-b4c997f4d4ca,Royal Sports Institute Dehradun 927,royal-sports-institute-dehradun-927,30.353119,78.077803,Professional Volleyball coaching academy offering structured training programs.,Volleyball,"Plot 713, Sports Complex, Dehradun",Dehradun,Uttarakhand,+918208880754,"https://maps.google.com/?q=30.353119,78.077803",https://picsum.photos/seed/royal-sports-institute-dehradun-927/800/600,Rahul Verma,Volleyball,5 Years,Royal Sports Institute Dehradun 927,₹2475/month,"Fitness Center, Sand Court, Indoor Court, Flood Lights",4:00 PM - 6:00 PM,10-15,Girls,53,Volleyball Federation Certified,4.5,123,True,"{""instagram"": ""https://instagram.com/royal-sports-institute-dehradun-927"", ""facebook"": ""https://facebook.com/royal-sports-institute-dehradun-927"", ""youtube"": ""https://youtube.com/@royal-sports-institute-dehradun-927""}"
6b52977d-36bd-4c76-9b19-23cc27ce9314,Royal Sports Club Dehradun 928,royal-sports-club-dehradun-928,30.352924,78.010797,Professional Cricket coaching academy offering structured training programs.,Cricket,"Plot 833, Sports Complex, Dehradun",Dehradun,Uttarakhand,+919580170815,"https://maps.google.com/?q=30.352924,78.010797",https://picsum.photos/seed/royal-sports-club-dehradun-928/800/600,Arjun Gupta,Cricket,19 Years,Royal Sports Club Dehradun 928,₹7586/month,"Turf Nets, Bowling Machine, Video Analysis, Practice Pitch",6:00 PM - 8:00 PM,10-15,Mixed,27,"BCCI Level 1, BCCI Level 2",4.9,19,False,"{""instagram"": ""https://instagram.com/royal-sports-club-dehradun-928"", ""facebook"": ""https://facebook.com/royal-sports-club-dehradun-928"", ""youtube"": ""https://youtube.com/@royal-sports-club-dehradun-928""}"
e1a84ce0-3e20-4cf4-9f4c-dd85dc4bdcb4,Legend Sports Club Dehradun 929,legend-sports-club-dehradun-929,30.349578,78.074545,Professional Basketball coaching academy offering structured training programs.,Basketball,"Plot 704, Sports Complex, Dehradun",Dehradun,Uttarakhand,+916858756447,"https://maps.google.com/?q=30.349578,78.074545",https://picsum.photos/seed/legend-sports-club-dehradun-929/800/600,Lokesh Rao,Basketball,13 Years,Legend Sports Club Dehradun 929,₹6409/month,"Outdoor Court, Indoor Court, Locker Rooms, Fitness Center",5:30 AM - 7:30 AM,15-18,Girls,78,Basketball Federation Certified,4.7,315,True,"{""instagram"": ""https://instagram.com/legend-sports-club-dehradun-929"", ""facebook"": ""https://facebook.com/legend-sports-club-dehradun-929"", ""youtube"": ""https://youtube.com/@legend-sports-club-dehradun-929""}"
a642eb3f-aef4-463e-acd4-3196c5c8f756,Elite Athletic Center Haridwar 930,elite-athletic-center-haridwar-930,29.985244,78.174184,Professional Football coaching academy offering structured training programs.,Football,"Plot 58, Victory Avenue, Haridwar",Haridwar,Uttarakhand,+917832130975,"https://maps.google.com/?q=29.985244,78.174184",https://picsum.photos/seed/elite-athletic-center-haridwar-930/800/600,Kiran Rao,Football,20 Years,Elite Athletic Center Haridwar 930,₹4492/month,"Fitness Center, Locker Rooms, Natural Grass Ground, Training Cones",5:30 AM - 7:30 AM,5-10,Girls,27,"AIFF D License, AIFF C License",3.8,86,True,"{""instagram"": ""https://instagram.com/elite-athletic-center-haridwar-930"", ""facebook"": ""https://facebook.com/elite-athletic-center-haridwar-930"", ""youtube"": ""https://youtube.com/@elite-athletic-center-haridwar-930""}"
bb4afd67-ee3f-4ef0-a9db-e531d1e1cb54,Prime Performance Academy Dehradun 931,prime-performance-academy-dehradun-931,30.273702,78.068945,Professional Football coaching academy offering structured training programs.,Football,"Plot 761, Ring Road, Dehradun",Dehradun,Uttarakhand,+917190744959,"https://maps.google.com/?q=30.273702,78.068945",https://picsum.photos/seed/prime-performance-academy-dehradun-931/800/600,Tarun Kumar,Football,18 Years,Prime Performance Academy Dehradun 931,₹3015/month,"Flood Lights, Natural Grass Ground, Fitness Center, Training Cones",5:30 AM - 7:30 AM,All Ages,Girls,61,"AIFF D License, AIFF C License",4.6,56,False,"{""instagram"": ""https://instagram.com/prime-performance-academy-dehradun-931"", ""facebook"": ""https://facebook.com/prime-performance-academy-dehradun-931"", ""youtube"": ""https://youtube.com/@prime-performance-academy-dehradun-931""}"
1d1c83ba-d840-4a23-9306-a304d2e36b2a,Royal Sports Institute Haridwar 932,royal-sports-institute-haridwar-932,29.94412,78.16816,Professional Basketball coaching academy offering structured training programs.,Basketball,"Plot 869, Ring Road, Haridwar",Haridwar,Uttarakhand,+918935885275,"https://maps.google.com/?q=29.94412,78.16816",https://picsum.photos/seed/royal-sports-institute-haridwar-932/800/600,Sanjay Reddy,Basketball,6 Years,Royal Sports Institute Haridwar 932,₹6398/month,"Indoor Court, Locker Rooms, Outdoor Court, Fitness Center",6:00 PM - 8:00 PM,All Ages,Boys,60,Basketball Federation Certified,3.6,171,False,"{""instagram"": ""https://instagram.com/royal-sports-institute-haridwar-932"", ""facebook"": ""https://facebook.com/royal-sports-institute-haridwar-932"", ""youtube"": ""https://youtube.com/@royal-sports-institute-haridwar-932""}"
23fce384-6de2-42cb-8fcb-062b799462e7,Future Training Center Dehradun 933,future-training-center-dehradun-933,30.331638,78.076783,Professional Basketball coaching academy offering structured training programs.,Basketball,"Plot 528, Sports Hub, Dehradun",Dehradun,Uttarakhand,+918726121939,"https://maps.google.com/?q=30.331638,78.076783",https://picsum.photos/seed/future-training-center-dehradun-933/800/600,Sanjay Choudhary,Basketball,6 Years,Future Training Center Dehradun 933,₹3638/month,"Fitness Center, Indoor Court, Locker Rooms, Outdoor Court",6:00 PM - 8:00 PM,5-10,Girls,68,Basketball Federation Certified,4.6,138,False,"{""instagram"": ""https://instagram.com/future-training-center-dehradun-933"", ""facebook"": ""https://facebook.com/future-training-center-dehradun-933"", ""youtube"": ""https://youtube.com/@future-training-center-dehradun-933""}"
d0f066dc-6c8f-4e99-ae8c-cdb9226d1ea3,Dynamic Athletic Center Haridwar 934,dynamic-athletic-center-haridwar-934,29.965614,78.207669,Professional Cricket coaching academy offering structured training programs.,Cricket,"Plot 581, Athletic Colony, Haridwar",Haridwar,Uttarakhand,+919461570147,"https://maps.google.com/?q=29.965614,78.207669",https://picsum.photos/seed/dynamic-athletic-center-haridwar-934/800/600,Vikram Mishra,Cricket,16 Years,Dynamic Athletic Center Haridwar 934,₹4925/month,"Turf Nets, Practice Pitch, Bowling Machine, Gym",6:00 PM - 8:00 PM,15-18,Girls,54,"BCCI Level 1, BCCI Level 2",4.6,247,False,"{""instagram"": ""https://instagram.com/dynamic-athletic-center-haridwar-934"", ""facebook"": ""https://facebook.com/dynamic-athletic-center-haridwar-934"", ""youtube"": ""https://youtube.com/@dynamic-athletic-center-haridwar-934""}"
e4e57137-1f5c-4adb-aca8-0cb0f79f287c,Elite Training Center Dehradun 935,elite-training-center-dehradun-935,30.272953,78.029693,Professional Athletics coaching academy offering structured training programs.,Athletics,"Plot 379, Main Road, Dehradun",Dehradun,Uttarakhand,+918915622321,"https://maps.google.com/?q=30.272953,78.029693",https://picsum.photos/seed/elite-training-center-dehradun-935/800/600,Vikram Yadav,Athletics,6 Years,Elite Training Center Dehradun 935,₹2850/month,"Gym, Running Track, Recovery Zone, Fitness Center",4:00 PM - 6:00 PM,18+,Mixed,59,Athletics Federation Certified,4.0,407,True,"{""instagram"": ""https://instagram.com/elite-training-center-dehradun-935"", ""facebook"": ""https://facebook.com/elite-training-center-dehradun-935"", ""youtube"": ""https://youtube.com/@elite-training-center-dehradun-935""}"
341886a6-7a79-40c8-a87b-2cdadf946df1,Star Training Center Dehradun 936,star-training-center-dehradun-936,30.343883,77.997447,Professional Basketball coaching academy offering structured training programs.,Basketball,"Plot 279, Sports Nagar, Dehradun",Dehradun,Uttarakhand,+916453454650,"https://maps.google.com/?q=30.343883,77.997447",https://picsum.photos/seed/star-training-center-dehradun-936/800/600,Aman Choudhary,Basketball,16 Years,Star Training Center Dehradun 936,₹6801/month,"Locker Rooms, Indoor Court, Outdoor Court, Fitness Center",6:00 AM - 8:00 AM,5-10,Girls,51,Basketball Federation Certified,4.9,21,False,"{""instagram"": ""https://instagram.com/star-training-center-dehradun-936"", ""facebook"": ""https://facebook.com/star-training-center-dehradun-936"", ""youtube"": ""https://youtube.com/@star-training-center-dehradun-936""}"
d1f60f34-5839-412f-8204-7cfca87737d4,Legend Athletic Center Dehradun 937,legend-athletic-center-dehradun-937,30.344832,78.049264,Professional Cricket coaching academy offering structured training programs.,Cricket,"Plot 413, Main Road, Dehradun",Dehradun,Uttarakhand,+918999524452,"https://maps.google.com/?q=30.344832,78.049264",https://picsum.photos/seed/legend-athletic-center-dehradun-937/800/600,Prakash Gupta,Cricket,16 Years,Legend Athletic Center Dehradun 937,₹4621/month,"Video Analysis, Practice Pitch, Gym, Turf Nets",4:00 PM - 6:00 PM,All Ages,Boys,100,"BCCI Level 1, BCCI Level 2",4.3,165,True,"{""instagram"": ""https://instagram.com/legend-athletic-center-dehradun-937"", ""facebook"": ""https://facebook.com/legend-athletic-center-dehradun-937"", ""youtube"": ""https://youtube.com/@legend-athletic-center-dehradun-937""}"
21fcd3c6-45fc-4ae9-a73a-2a08c827956b,Future Athletic Center Haridwar 938,future-athletic-center-haridwar-938,29.987482,78.172241,Professional Athletics coaching academy offering structured training programs.,Athletics,"Plot 922, Sports Nagar, Haridwar",Haridwar,Uttarakhand,+917241904565,"https://maps.google.com/?q=29.987482,78.172241",https://picsum.photos/seed/future-athletic-center-haridwar-938/800/600,Lokesh Yadav,Athletics,6 Years,Future Athletic Center Haridwar 938,₹3553/month,"Running Track, Fitness Center, Recovery Zone, Gym",5:30 AM - 7:30 AM,5-10,Boys,33,Athletics Federation Certified,4.4,145,True,"{""instagram"": ""https://instagram.com/future-athletic-center-haridwar-938"", ""facebook"": ""https://facebook.com/future-athletic-center-haridwar-938"", ""youtube"": ""https://youtube.com/@future-athletic-center-haridwar-938""}"
edb71371-db76-4359-bd4b-0532026b852b,Pro Sports Club Dehradun 939,pro-sports-club-dehradun-939,30.309966,77.984805,Professional Volleyball coaching academy offering structured training programs.,Volleyball,"Plot 26, Stadium Road, Dehradun",Dehradun,Uttarakhand,+918036694566,"https://maps.google.com/?q=30.309966,77.984805",https://picsum.photos/seed/pro-sports-club-dehradun-939/800/600,Arjun Patel,Volleyball,3 Years,Pro Sports Club Dehradun 939,₹3104/month,"Sand Court, Flood Lights, Indoor Court, Fitness Center",4:00 PM - 6:00 PM,18+,Boys,25,Volleyball Federation Certified,3.5,445,True,"{""instagram"": ""https://instagram.com/pro-sports-club-dehradun-939"", ""facebook"": ""https://facebook.com/pro-sports-club-dehradun-939"", ""youtube"": ""https://youtube.com/@pro-sports-club-dehradun-939""}"
ec60086a-c621-4a56-9422-cc846860e05a,Master Sports Academy Haridwar 940,master-sports-academy-haridwar-940,29.898176,78.154297,Professional Swimming coaching academy offering structured training programs.,Swimming,"Plot 193, Main Road, Haridwar",Haridwar,Uttarakhand,+918512835942,"https://maps.google.com/?q=29.898176,78.154297",https://picsum.photos/seed/master-sports-academy-haridwar-940/800/600,Sanjay Joshi,Swimming,3 Years,Master Sports Academy Haridwar 940,₹9076/month,"Olympic Pool, Lifeguard Support, Changing Rooms, Kids Pool",5:00 PM - 7:00 PM,18+,Boys,39,Swimming Federation Certified,3.7,491,False,"{""instagram"": ""https://instagram.com/master-sports-academy-haridwar-940"", ""facebook"": ""https://facebook.com/master-sports-academy-haridwar-940"", ""youtube"": ""https://youtube.com/@master-sports-academy-haridwar-940""}"
1c0d0373-e977-498c-814e-92d99b3cf8aa,Legend Performance Academy Haridwar 941,legend-performance-academy-haridwar-941,29.952633,78.183034,Professional Cricket coaching academy offering structured training programs.,Cricket,"Plot 772, Stadium Road, Haridwar",Haridwar,Uttarakhand,+919478048841,"https://maps.google.com/?q=29.952633,78.183034",https://picsum.photos/seed/legend-performance-academy-haridwar-941/800/600,Naveen Kumar,Cricket,18 Years,Legend Performance Academy Haridwar 941,₹3174/month,"Practice Pitch, Bowling Machine, Turf Nets, Video Analysis",5:00 PM - 7:00 PM,All Ages,Girls,42,"BCCI Level 1, BCCI Level 2",4.5,249,False,"{""instagram"": ""https://instagram.com/legend-performance-academy-haridwar-941"", ""facebook"": ""https://facebook.com/legend-performance-academy-haridwar-941"", ""youtube"": ""https://youtube.com/@legend-performance-academy-haridwar-941""}"
ff39cc4c-165d-4eaf-b2b3-037b97c99959,Pro Athletic Center Dehradun 942,pro-athletic-center-dehradun-942,30.348323,77.999187,Professional Badminton coaching academy offering structured training programs.,Badminton,"Plot 118, Victory Avenue, Dehradun",Dehradun,Uttarakhand,+918658851373,"https://maps.google.com/?q=30.348323,77.999187",https://picsum.photos/seed/pro-athletic-center-dehradun-942/800/600,Sanjay Patel,Badminton,19 Years,Pro Athletic Center Dehradun 942,₹6800/month,"Shuttle Supply, Wooden Courts, Fitness Center, Indoor Courts",5:30 AM - 7:30 AM,5-10,Boys,23,BAI Certified Coach,4.7,443,True,"{""instagram"": ""https://instagram.com/pro-athletic-center-dehradun-942"", ""facebook"": ""https://facebook.com/pro-athletic-center-dehradun-942"", ""youtube"": ""https://youtube.com/@pro-athletic-center-dehradun-942""}"
86288643-b116-4fa6-846f-68b29dbe4a93,Victory Performance Academy Haridwar 943,victory-performance-academy-haridwar-943,29.965825,78.133235,Professional Cricket coaching academy offering structured training programs.,Cricket,"Plot 537, Sports Complex, Haridwar",Haridwar,Uttarakhand,+918829857445,"https://maps.google.com/?q=29.965825,78.133235",https://picsum.photos/seed/victory-performance-academy-haridwar-943/800/600,Aman Reddy,Cricket,25 Years,Victory Performance Academy Haridwar 943,₹4363/month,"Video Analysis, Practice Pitch, Turf Nets, Gym",6:00 AM - 8:00 AM,10-15,Girls,91,"BCCI Level 1, BCCI Level 2",4.4,147,False,"{""instagram"": ""https://instagram.com/victory-performance-academy-haridwar-943"", ""facebook"": ""https://facebook.com/victory-performance-academy-haridwar-943"", ""youtube"": ""https://youtube.com/@victory-performance-academy-haridwar-943""}"
fd24c62b-1631-443c-a5e7-031cb8a6cbe1,National Sports Academy Dehradun 944,national-sports-academy-dehradun-944,30.323491,78.054135,Professional Basketball coaching academy offering structured training programs.,Basketball,"Plot 244, Stadium Road, Dehradun",Dehradun,Uttarakhand,+916484486198,"https://maps.google.com/?q=30.323491,78.054135",https://picsum.photos/seed/national-sports-academy-dehradun-944/800/600,Naveen Gupta,Basketball,18 Years,National Sports Academy Dehradun 944,₹4239/month,"Fitness Center, Outdoor Court, Indoor Court, Locker Rooms",5:00 PM - 7:00 PM,10-15,Boys,93,Basketball Federation Certified,3.9,406,True,"{""instagram"": ""https://instagram.com/national-sports-academy-dehradun-944"", ""facebook"": ""https://facebook.com/national-sports-academy-dehradun-944"", ""youtube"": ""https://youtube.com/@national-sports-academy-dehradun-944""}"
3a6e96f2-8fd3-4513-b350-043c8e614e3a,Victory Sports Club Haridwar 945,victory-sports-club-haridwar-945,29.99261,78.206734,Professional Swimming coaching academy offering structured training programs.,Swimming,"Plot 727, Sports Hub, Haridwar",Haridwar,Uttarakhand,+918113040233,"https://maps.google.com/?q=29.99261,78.206734",https://picsum.photos/seed/victory-sports-club-haridwar-945/800/600,Naveen Kumar,Swimming,11 Years,Victory Sports Club Haridwar 945,₹5055/month,"Lifeguard Support, Changing Rooms, Kids Pool, Olympic Pool",5:00 PM - 7:00 PM,All Ages,Mixed,56,Swimming Federation Certified,3.6,117,False,"{""instagram"": ""https://instagram.com/victory-sports-club-haridwar-945"", ""facebook"": ""https://facebook.com/victory-sports-club-haridwar-945"", ""youtube"": ""https://youtube.com/@victory-sports-club-haridwar-945""}"
6c733da1-a1da-4ce4-b00c-b128d0fb4584,Elite Sports Club Kolkata 946,elite-sports-club-kolkata-946,22.610681,88.394153,Professional Swimming coaching academy offering structured training programs.,Swimming,"Plot 117, Athletic Colony, Kolkata",Kolkata,West Bengal,+918066613566,"https://maps.google.com/?q=22.610681,88.394153",https://picsum.photos/seed/elite-sports-club-kolkata-946/800/600,Kiran Patel,Swimming,23 Years,Elite Sports Club Kolkata 946,₹6914/month,"Lifeguard Support, Kids Pool, Changing Rooms, Olympic Pool",5:00 PM - 7:00 PM,10-15,Mixed,39,Swimming Federation Certified,4.1,436,True,"{""instagram"": ""https://instagram.com/elite-sports-club-kolkata-946"", ""facebook"": ""https://facebook.com/elite-sports-club-kolkata-946"", ""youtube"": ""https://youtube.com/@elite-sports-club-kolkata-946""}"
2f43b40d-b849-4eb5-ac53-88359dcc5b97,Victory Sports Academy Durgapur 947,victory-sports-academy-durgapur-947,23.493413,87.29457,Professional Cricket coaching academy offering structured training programs.,Cricket,"Plot 506, Athletic Colony, Durgapur",Durgapur,West Bengal,+917938092341,"https://maps.google.com/?q=23.493413,87.29457",https://picsum.photos/seed/victory-sports-academy-durgapur-947/800/600,Harish Mishra,Cricket,23 Years,Victory Sports Academy Durgapur 947,₹4760/month,"Practice Pitch, Video Analysis, Gym, Turf Nets",4:00 PM - 6:00 PM,All Ages,Girls,70,"BCCI Level 1, BCCI Level 2",3.6,210,False,"{""instagram"": ""https://instagram.com/victory-sports-academy-durgapur-947"", ""facebook"": ""https://facebook.com/victory-sports-academy-durgapur-947"", ""youtube"": ""https://youtube.com/@victory-sports-academy-durgapur-947""}"
eb661822-f4c7-44ad-b07d-144aef86ce31,Prime Performance Academy Siliguri 948,prime-performance-academy-siliguri-948,26.692532,88.36346,Professional Football coaching academy offering structured training programs.,Football,"Plot 580, Central Park, Siliguri",Siliguri,West Bengal,+916596467994,"https://maps.google.com/?q=26.692532,88.36346",https://picsum.photos/seed/prime-performance-academy-siliguri-948/800/600,Lokesh Patel,Football,6 Years,Prime Performance Academy Siliguri 948,₹3451/month,"Natural Grass Ground, Training Cones, Locker Rooms, Flood Lights",5:00 PM - 7:00 PM,5-10,Mixed,66,"AIFF D License, AIFF C License",4.8,301,False,"{""instagram"": ""https://instagram.com/prime-performance-academy-siliguri-948"", ""facebook"": ""https://facebook.com/prime-performance-academy-siliguri-948"", ""youtube"": ""https://youtube.com/@prime-performance-academy-siliguri-948""}"
68aaae7b-db68-4ddb-886a-9e160567391b,Dynamic Sports Academy Kolkata 949,dynamic-sports-academy-kolkata-949,22.535165,88.395116,Professional Basketball coaching academy offering structured training programs.,Basketball,"Plot 590, Main Road, Kolkata",Kolkata,West Bengal,+919021801318,"https://maps.google.com/?q=22.535165,88.395116",https://picsum.photos/seed/dynamic-sports-academy-kolkata-949/800/600,Arjun Rao,Basketball,15 Years,Dynamic Sports Academy Kolkata 949,₹3190/month,"Locker Rooms, Fitness Center, Outdoor Court, Indoor Court",4:00 PM - 6:00 PM,18+,Boys,85,Basketball Federation Certified,4.8,448,True,"{""instagram"": ""https://instagram.com/dynamic-sports-academy-kolkata-949"", ""facebook"": ""https://facebook.com/dynamic-sports-academy-kolkata-949"", ""youtube"": ""https://youtube.com/@dynamic-sports-academy-kolkata-949""}"
4ed44818-f749-48e1-9190-b9c7c49af1ce,Master Sports Club Durgapur 950,master-sports-club-durgapur-950,23.533249,87.272247,Professional Football coaching academy offering structured training programs.,Football,"Plot 221, Sports Complex, Durgapur",Durgapur,West Bengal,+918455551456,"https://maps.google.com/?q=23.533249,87.272247",https://picsum.photos/seed/master-sports-club-durgapur-950/800/600,Harish Choudhary,Football,3 Years,Master Sports Club Durgapur 950,₹6155/month,"Flood Lights, Fitness Center, Training Cones, Locker Rooms",4:00 PM - 6:00 PM,10-15,Mixed,94,"AIFF D License, AIFF C License",5.0,349,True,"{""instagram"": ""https://instagram.com/master-sports-club-durgapur-950"", ""facebook"": ""https://facebook.com/master-sports-club-durgapur-950"", ""youtube"": ""https://youtube.com/@master-sports-club-durgapur-950""}"
1c5d64b8-4123-4aa3-8916-415d97f01b83,Royal Athletic Center Durgapur 951,royal-athletic-center-durgapur-951,23.476262,87.316162,Professional Tennis coaching academy offering structured training programs.,Tennis,"Plot 566, Sports Nagar, Durgapur",Durgapur,West Bengal,+919927088516,"https://maps.google.com/?q=23.476262,87.316162",https://picsum.photos/seed/royal-athletic-center-durgapur-951/800/600,Kiran Verma,Tennis,16 Years,Royal Athletic Center Durgapur 951,₹10459/month,"Fitness Center, Hard Court, Ball Machine, Clay Court",6:00 PM - 8:00 PM,10-15,Girls,58,AITA Certified Coach,4.0,104,False,"{""instagram"": ""https://instagram.com/royal-athletic-center-durgapur-951"", ""facebook"": ""https://facebook.com/royal-athletic-center-durgapur-951"", ""youtube"": ""https://youtube.com/@royal-athletic-center-durgapur-951""}"
53ca3172-044c-4ba4-b234-f850e30e9f44,National Sports Club Siliguri 952,national-sports-club-siliguri-952,26.700668,88.350514,Professional Athletics coaching academy offering structured training programs.,Athletics,"Plot 117, Sports Complex, Siliguri",Siliguri,West Bengal,+918760342107,"https://maps.google.com/?q=26.700668,88.350514",https://picsum.photos/seed/national-sports-club-siliguri-952/800/600,Prakash Choudhary,Athletics,11 Years,National Sports Club Siliguri 952,₹4781/month,"Recovery Zone, Gym, Fitness Center, Running Track",4:00 PM - 6:00 PM,10-15,Girls,55,Athletics Federation Certified,3.7,409,True,"{""instagram"": ""https://instagram.com/national-sports-club-siliguri-952"", ""facebook"": ""https://facebook.com/national-sports-club-siliguri-952"", ""youtube"": ""https://youtube.com/@national-sports-club-siliguri-952""}"
49adddc6-e683-456e-9bbd-1e804d649e96,Royal Sports Club Kolkata 953,royal-sports-club-kolkata-953,22.614262,88.33606,Professional Tennis coaching academy offering structured training programs.,Tennis,"Plot 655, Central Park, Kolkata",Kolkata,West Bengal,+917257931089,"https://maps.google.com/?q=22.614262,88.33606",https://picsum.photos/seed/royal-sports-club-kolkata-953/800/600,Prakash Yadav,Tennis,6 Years,Royal Sports Club Kolkata 953,₹4724/month,"Clay Court, Hard Court, Ball Machine, Fitness Center",5:30 AM - 7:30 AM,18+,Boys,43,AITA Certified Coach,4.9,200,True,"{""instagram"": ""https://instagram.com/royal-sports-club-kolkata-953"", ""facebook"": ""https://facebook.com/royal-sports-club-kolkata-953"", ""youtube"": ""https://youtube.com/@royal-sports-club-kolkata-953""}"
6a44e319-2ce9-4628-bec2-d0214b0bcba4,Royal Training Center Durgapur 954,royal-training-center-durgapur-954,23.516292,87.2815,Professional Athletics coaching academy offering structured training programs.,Athletics,"Plot 621, Champions Street, Durgapur",Durgapur,West Bengal,+919269171073,"https://maps.google.com/?q=23.516292,87.2815",https://picsum.photos/seed/royal-training-center-durgapur-954/800/600,Deepak Choudhary,Athletics,13 Years,Royal Training Center Durgapur 954,₹2124/month,"Recovery Zone, Fitness Center, Running Track, Gym",4:00 PM - 6:00 PM,All Ages,Mixed,31,Athletics Federation Certified,3.8,179,True,"{""instagram"": ""https://instagram.com/royal-training-center-durgapur-954"", ""facebook"": ""https://facebook.com/royal-training-center-durgapur-954"", ""youtube"": ""https://youtube.com/@royal-training-center-durgapur-954""}"
be878b6b-5d0b-4c8b-b304-de45572027f3,Legend Training Center Kolkata 955,legend-training-center-kolkata-955,22.544012,88.41281,Professional Badminton coaching academy offering structured training programs.,Badminton,"Plot 841, Victory Avenue, Kolkata",Kolkata,West Bengal,+918056612844,"https://maps.google.com/?q=22.544012,88.41281",https://picsum.photos/seed/legend-training-center-kolkata-955/800/600,Suresh Yadav,Badminton,17 Years,Legend Training Center Kolkata 955,₹5313/month,"Wooden Courts, Indoor Courts, Fitness Center, Shuttle Supply",6:00 PM - 8:00 PM,10-15,Girls,98,BAI Certified Coach,4.9,392,False,"{""instagram"": ""https://instagram.com/legend-training-center-kolkata-955"", ""facebook"": ""https://facebook.com/legend-training-center-kolkata-955"", ""youtube"": ""https://youtube.com/@legend-training-center-kolkata-955""}"
2630bb93-8f69-4833-a5c9-0b2c97331a52,Dynamic Training Center Kolkata 956,dynamic-training-center-kolkata-956,22.606268,88.391413,Professional Swimming coaching academy offering structured training programs.,Swimming,"Plot 387, Central Park, Kolkata",Kolkata,West Bengal,+916448802470,"https://maps.google.com/?q=22.606268,88.391413",https://picsum.photos/seed/dynamic-training-center-kolkata-956/800/600,Tarun Kumar,Swimming,6 Years,Dynamic Training Center Kolkata 956,₹5430/month,"Changing Rooms, Lifeguard Support, Kids Pool, Olympic Pool",4:00 PM - 6:00 PM,5-10,Girls,89,Swimming Federation Certified,4.4,474,False,"{""instagram"": ""https://instagram.com/dynamic-training-center-kolkata-956"", ""facebook"": ""https://facebook.com/dynamic-training-center-kolkata-956"", ""youtube"": ""https://youtube.com/@dynamic-training-center-kolkata-956""}"
9cfb2092-c6ed-40f8-a8ad-fb031660bc0d,Master Performance Academy Siliguri 957,master-performance-academy-siliguri-957,26.768906,88.357263,Professional Volleyball coaching academy offering structured training programs.,Volleyball,"Plot 965, Victory Avenue, Siliguri",Siliguri,West Bengal,+916751030726,"https://maps.google.com/?q=26.768906,88.357263",https://picsum.photos/seed/master-performance-academy-siliguri-957/800/600,Suresh Joshi,Volleyball,10 Years,Master Performance Academy Siliguri 957,₹3783/month,"Sand Court, Indoor Court, Flood Lights, Fitness Center",4:00 PM - 6:00 PM,10-15,Mixed,60,Volleyball Federation Certified,4.5,55,False,"{""instagram"": ""https://instagram.com/master-performance-academy-siliguri-957"", ""facebook"": ""https://facebook.com/master-performance-academy-siliguri-957"", ""youtube"": ""https://youtube.com/@master-performance-academy-siliguri-957""}"
e7faeb83-c4fc-44c9-8c7a-9dbd9ea1248e,Victory Athletic Center Siliguri 958,victory-athletic-center-siliguri-958,26.691288,88.425624,Professional Cricket coaching academy offering structured training programs.,Cricket,"Plot 310, Sports Complex, Siliguri",Siliguri,West Bengal,+919017000726,"https://maps.google.com/?q=26.691288,88.425624",https://picsum.photos/seed/victory-athletic-center-siliguri-958/800/600,Vikram Reddy,Cricket,19 Years,Victory Athletic Center Siliguri 958,₹6447/month,"Video Analysis, Bowling Machine, Practice Pitch, Gym",5:00 PM - 7:00 PM,15-18,Boys,67,"BCCI Level 1, BCCI Level 2",4.8,61,True,"{""instagram"": ""https://instagram.com/victory-athletic-center-siliguri-958"", ""facebook"": ""https://facebook.com/victory-athletic-center-siliguri-958"", ""youtube"": ""https://youtube.com/@victory-athletic-center-siliguri-958""}"
69ad3e00-416f-4665-98b5-b0f5e2430e5e,Champion Athletic Center Siliguri 959,champion-athletic-center-siliguri-959,26.699292,88.404449,Professional Football coaching academy offering structured training programs.,Football,"Plot 211, Sports Complex, Siliguri",Siliguri,West Bengal,+919003086948,"https://maps.google.com/?q=26.699292,88.404449",https://picsum.photos/seed/champion-athletic-center-siliguri-959/800/600,Arjun Gupta,Football,17 Years,Champion Athletic Center Siliguri 959,₹7756/month,"Flood Lights, Natural Grass Ground, Training Cones, Fitness Center",5:00 PM - 7:00 PM,15-18,Mixed,65,"AIFF D License, AIFF C License",4.4,116,False,"{""instagram"": ""https://instagram.com/champion-athletic-center-siliguri-959"", ""facebook"": ""https://facebook.com/champion-athletic-center-siliguri-959"", ""youtube"": ""https://youtube.com/@champion-athletic-center-siliguri-959""}"
5d95815b-e0c1-4b29-bddc-84c744dbd239,Dynamic Training Center Durgapur 960,dynamic-training-center-durgapur-960,23.489743,87.280318,Professional Football coaching academy offering structured training programs.,Football,"Plot 168, Ring Road, Durgapur",Durgapur,West Bengal,+917022902371,"https://maps.google.com/?q=23.489743,87.280318",https://picsum.photos/seed/dynamic-training-center-durgapur-960/800/600,Lokesh Nair,Football,14 Years,Dynamic Training Center Durgapur 960,₹2943/month,"Fitness Center, Training Cones, Natural Grass Ground, Locker Rooms",5:00 PM - 7:00 PM,All Ages,Girls,66,"AIFF D License, AIFF C License",3.9,226,True,"{""instagram"": ""https://instagram.com/dynamic-training-center-durgapur-960"", ""facebook"": ""https://facebook.com/dynamic-training-center-durgapur-960"", ""youtube"": ""https://youtube.com/@dynamic-training-center-durgapur-960""}"
c7eaffb9-2cdd-4dd4-8eb5-fe8d239736c0,National Sports Club Kolkata 961,national-sports-club-kolkata-961,22.608942,88.373342,Professional Athletics coaching academy offering structured training programs.,Athletics,"Plot 247, Sports Nagar, Kolkata",Kolkata,West Bengal,+916853211923,"https://maps.google.com/?q=22.608942,88.373342",https://picsum.photos/seed/national-sports-club-kolkata-961/800/600,Vikram Sharma,Athletics,9 Years,National Sports Club Kolkata 961,₹4181/month,"Running Track, Fitness Center, Recovery Zone, Gym",6:00 AM - 8:00 AM,15-18,Girls,87,Athletics Federation Certified,4.4,307,True,"{""instagram"": ""https://instagram.com/national-sports-club-kolkata-961"", ""facebook"": ""https://facebook.com/national-sports-club-kolkata-961"", ""youtube"": ""https://youtube.com/@national-sports-club-kolkata-961""}"
2ef2305e-6f17-41b4-9045-0f5beae2fe0d,Royal Athletic Center Durgapur 962,royal-athletic-center-durgapur-962,23.478285,87.318763,Professional Tennis coaching academy offering structured training programs.,Tennis,"Plot 29, Champions Street, Durgapur",Durgapur,West Bengal,+917884390724,"https://maps.google.com/?q=23.478285,87.318763",https://picsum.photos/seed/royal-athletic-center-durgapur-962/800/600,Prakash Sharma,Tennis,14 Years,Royal Athletic Center Durgapur 962,₹8524/month,"Clay Court, Ball Machine, Fitness Center, Hard Court",4:00 PM - 6:00 PM,All Ages,Boys,55,AITA Certified Coach,4.3,172,True,"{""instagram"": ""https://instagram.com/royal-athletic-center-durgapur-962"", ""facebook"": ""https://facebook.com/royal-athletic-center-durgapur-962"", ""youtube"": ""https://youtube.com/@royal-athletic-center-durgapur-962""}"
ca1c97d2-af5b-4753-a261-5bfccb81d2cc,Dynamic Sports Club Siliguri 963,dynamic-sports-club-siliguri-963,26.689924,88.392672,Professional Tennis coaching academy offering structured training programs.,Tennis,"Plot 835, Sports Complex, Siliguri",Siliguri,West Bengal,+917587887905,"https://maps.google.com/?q=26.689924,88.392672",https://picsum.photos/seed/dynamic-sports-club-siliguri-963/800/600,Rohit Nair,Tennis,23 Years,Dynamic Sports Club Siliguri 963,₹7596/month,"Ball Machine, Hard Court, Clay Court, Fitness Center",4:00 PM - 6:00 PM,15-18,Boys,85,AITA Certified Coach,4.6,392,False,"{""instagram"": ""https://instagram.com/dynamic-sports-club-siliguri-963"", ""facebook"": ""https://facebook.com/dynamic-sports-club-siliguri-963"", ""youtube"": ""https://youtube.com/@dynamic-sports-club-siliguri-963""}"
0c8c9875-1d5a-41a9-ab21-9d57332a57a1,Star Sports Institute Siliguri 964,star-sports-institute-siliguri-964,26.749997,88.402163,Professional Badminton coaching academy offering structured training programs.,Badminton,"Plot 932, Stadium Road, Siliguri",Siliguri,West Bengal,+917202482895,"https://maps.google.com/?q=26.749997,88.402163",https://picsum.photos/seed/star-sports-institute-siliguri-964/800/600,Ajay Yadav,Badminton,12 Years,Star Sports Institute Siliguri 964,₹6432/month,"Shuttle Supply, Fitness Center, Indoor Courts, Wooden Courts",4:00 PM - 6:00 PM,10-15,Boys,71,BAI Certified Coach,4.0,301,False,"{""instagram"": ""https://instagram.com/star-sports-institute-siliguri-964"", ""facebook"": ""https://facebook.com/star-sports-institute-siliguri-964"", ""youtube"": ""https://youtube.com/@star-sports-institute-siliguri-964""}"
1f15f270-ea2c-4a9e-a5f8-42840f76f14b,Future Sports Institute Kolkata 965,future-sports-institute-kolkata-965,22.582875,88.338398,Professional Tennis coaching academy offering structured training programs.,Tennis,"Plot 539, Sports Nagar, Kolkata",Kolkata,West Bengal,+919910750570,"https://maps.google.com/?q=22.582875,88.338398",https://picsum.photos/seed/future-sports-institute-kolkata-965/800/600,Lokesh Sharma,Tennis,7 Years,Future Sports Institute Kolkata 965,₹4690/month,"Ball Machine, Fitness Center, Hard Court, Clay Court",6:00 AM - 8:00 AM,18+,Mixed,96,AITA Certified Coach,4.5,22,True,"{""instagram"": ""https://instagram.com/future-sports-institute-kolkata-965"", ""facebook"": ""https://facebook.com/future-sports-institute-kolkata-965"", ""youtube"": ""https://youtube.com/@future-sports-institute-kolkata-965""}"
8893cb17-fdcc-445c-854a-f4683c90a0a7,Prime Sports Club Durgapur 966,prime-sports-club-durgapur-966,23.533362,87.301977,Professional Tennis coaching academy offering structured training programs.,Tennis,"Plot 518, Ring Road, Durgapur",Durgapur,West Bengal,+918335867344,"https://maps.google.com/?q=23.533362,87.301977",https://picsum.photos/seed/prime-sports-club-durgapur-966/800/600,Suresh Joshi,Tennis,18 Years,Prime Sports Club Durgapur 966,₹8314/month,"Hard Court, Clay Court, Fitness Center, Ball Machine",5:00 PM - 7:00 PM,10-15,Girls,63,AITA Certified Coach,3.6,107,False,"{""instagram"": ""https://instagram.com/prime-sports-club-durgapur-966"", ""facebook"": ""https://facebook.com/prime-sports-club-durgapur-966"", ""youtube"": ""https://youtube.com/@prime-sports-club-durgapur-966""}"
968005a7-5065-4055-a0ee-d4763d625232,Champion Athletic Center Siliguri 967,champion-athletic-center-siliguri-967,26.744954,88.356705,Professional Basketball coaching academy offering structured training programs.,Basketball,"Plot 962, Central Park, Siliguri",Siliguri,West Bengal,+918740616919,"https://maps.google.com/?q=26.744954,88.356705",https://picsum.photos/seed/champion-athletic-center-siliguri-967/800/600,Sanjay Sharma,Basketball,18 Years,Champion Athletic Center Siliguri 967,₹4004/month,"Outdoor Court, Fitness Center, Locker Rooms, Indoor Court",6:00 AM - 8:00 AM,15-18,Boys,39,Basketball Federation Certified,4.8,340,False,"{""instagram"": ""https://instagram.com/champion-athletic-center-siliguri-967"", ""facebook"": ""https://facebook.com/champion-athletic-center-siliguri-967"", ""youtube"": ""https://youtube.com/@champion-athletic-center-siliguri-967""}"
5f831ac8-f097-4107-96b8-171a955a4d18,National Sports Academy Siliguri 968,national-sports-academy-siliguri-968,26.717988,88.440287,Professional Football coaching academy offering structured training programs.,Football,"Plot 826, Main Road, Siliguri",Siliguri,West Bengal,+918173973941,"https://maps.google.com/?q=26.717988,88.440287",https://picsum.photos/seed/national-sports-academy-siliguri-968/800/600,Aman Nair,Football,24 Years,National Sports Academy Siliguri 968,₹6758/month,"Flood Lights, Natural Grass Ground, Fitness Center, Training Cones",5:00 PM - 7:00 PM,15-18,Girls,84,"AIFF D License, AIFF C License",3.6,191,True,"{""instagram"": ""https://instagram.com/national-sports-academy-siliguri-968"", ""facebook"": ""https://facebook.com/national-sports-academy-siliguri-968"", ""youtube"": ""https://youtube.com/@national-sports-academy-siliguri-968""}"
86af465e-305c-4b56-9854-66ffd71eac69,Future Athletic Center Kolkata 969,future-athletic-center-kolkata-969,22.540816,88.351492,Professional Tennis coaching academy offering structured training programs.,Tennis,"Plot 862, Champions Street, Kolkata",Kolkata,West Bengal,+917005373996,"https://maps.google.com/?q=22.540816,88.351492",https://picsum.photos/seed/future-athletic-center-kolkata-969/800/600,Kiran Gupta,Tennis,16 Years,Future Athletic Center Kolkata 969,₹7636/month,"Ball Machine, Fitness Center, Hard Court, Clay Court",5:30 AM - 7:30 AM,15-18,Mixed,95,AITA Certified Coach,3.9,54,True,"{""instagram"": ""https://instagram.com/future-athletic-center-kolkata-969"", ""facebook"": ""https://facebook.com/future-athletic-center-kolkata-969"", ""youtube"": ""https://youtube.com/@future-athletic-center-kolkata-969""}"
4e8b2515-57b3-4024-92b4-5ebd220fc7ae,Pro Training Center Durgapur 970,pro-training-center-durgapur-970,23.48264,87.330371,Professional Athletics coaching academy offering structured training programs.,Athletics,"Plot 570, Main Road, Durgapur",Durgapur,West Bengal,+918008371141,"https://maps.google.com/?q=23.48264,87.330371",https://picsum.photos/seed/pro-training-center-durgapur-970/800/600,Harish Joshi,Athletics,22 Years,Pro Training Center Durgapur 970,₹3518/month,"Gym, Fitness Center, Running Track, Recovery Zone",6:00 AM - 8:00 AM,5-10,Boys,63,Athletics Federation Certified,4.1,327,True,"{""instagram"": ""https://instagram.com/pro-training-center-durgapur-970"", ""facebook"": ""https://facebook.com/pro-training-center-durgapur-970"", ""youtube"": ""https://youtube.com/@pro-training-center-durgapur-970""}"
65145247-811c-4061-b2e2-7352bc794bfa,Prime Sports Institute Siliguri 971,prime-sports-institute-siliguri-971,26.687002,88.362576,Professional Athletics coaching academy offering structured training programs.,Athletics,"Plot 64, Champions Street, Siliguri",Siliguri,West Bengal,+917451170588,"https://maps.google.com/?q=26.687002,88.362576",https://picsum.photos/seed/prime-sports-institute-siliguri-971/800/600,Suresh Reddy,Athletics,22 Years,Prime Sports Institute Siliguri 971,₹3920/month,"Recovery Zone, Fitness Center, Running Track, Gym",5:00 PM - 7:00 PM,5-10,Mixed,60,Athletics Federation Certified,3.5,334,False,"{""instagram"": ""https://instagram.com/prime-sports-institute-siliguri-971"", ""facebook"": ""https://facebook.com/prime-sports-institute-siliguri-971"", ""youtube"": ""https://youtube.com/@prime-sports-institute-siliguri-971""}"
63f85bb6-a85b-4764-a118-15bd7ce30099,Future Sports Club Durgapur 972,future-sports-club-durgapur-972,23.562869,87.296079,Professional Swimming coaching academy offering structured training programs.,Swimming,"Plot 980, Central Park, Durgapur",Durgapur,West Bengal,+918655444461,"https://maps.google.com/?q=23.562869,87.296079",https://picsum.photos/seed/future-sports-club-durgapur-972/800/600,Naveen Mishra,Swimming,20 Years,Future Sports Club Durgapur 972,₹7528/month,"Olympic Pool, Changing Rooms, Kids Pool, Lifeguard Support",5:00 PM - 7:00 PM,All Ages,Girls,48,Swimming Federation Certified,4.3,304,True,"{""instagram"": ""https://instagram.com/future-sports-club-durgapur-972"", ""facebook"": ""https://facebook.com/future-sports-club-durgapur-972"", ""youtube"": ""https://youtube.com/@future-sports-club-durgapur-972""}"
d11c9c26-c810-4a05-8564-d04a74fdaccb,Prime Sports Academy Siliguri 973,prime-sports-academy-siliguri-973,26.738897,88.373805,Professional Tennis coaching academy offering structured training programs.,Tennis,"Plot 181, Champions Street, Siliguri",Siliguri,West Bengal,+917012556655,"https://maps.google.com/?q=26.738897,88.373805",https://picsum.photos/seed/prime-sports-academy-siliguri-973/800/600,Tarun Yadav,Tennis,6 Years,Prime Sports Academy Siliguri 973,₹10775/month,"Fitness Center, Hard Court, Clay Court, Ball Machine",5:00 PM - 7:00 PM,All Ages,Mixed,88,AITA Certified Coach,3.7,55,False,"{""instagram"": ""https://instagram.com/prime-sports-academy-siliguri-973"", ""facebook"": ""https://facebook.com/prime-sports-academy-siliguri-973"", ""youtube"": ""https://youtube.com/@prime-sports-academy-siliguri-973""}"
7be51567-700f-4e64-bfd5-49ece3690cb5,Legend Sports Institute Durgapur 974,legend-sports-institute-durgapur-974,23.556455,87.282104,Professional Athletics coaching academy offering structured training programs.,Athletics,"Plot 555, Sports Hub, Durgapur",Durgapur,West Bengal,+916072343088,"https://maps.google.com/?q=23.556455,87.282104",https://picsum.photos/seed/legend-sports-institute-durgapur-974/800/600,Kiran Singh,Athletics,3 Years,Legend Sports Institute Durgapur 974,₹2388/month,"Fitness Center, Running Track, Recovery Zone, Gym",5:30 AM - 7:30 AM,All Ages,Mixed,96,Athletics Federation Certified,4.2,346,True,"{""instagram"": ""https://instagram.com/legend-sports-institute-durgapur-974"", ""facebook"": ""https://facebook.com/legend-sports-institute-durgapur-974"", ""youtube"": ""https://youtube.com/@legend-sports-institute-durgapur-974""}"
7496708a-8b71-461b-bd02-e91b7a4b6989,Victory Performance Academy Kolkata 975,victory-performance-academy-kolkata-975,22.5537,88.395701,Professional Basketball coaching academy offering structured training programs.,Basketball,"Plot 82, Champions Street, Kolkata",Kolkata,West Bengal,+919594124229,"https://maps.google.com/?q=22.5537,88.395701",https://picsum.photos/seed/victory-performance-academy-kolkata-975/800/600,Ravi Sharma,Basketball,9 Years,Victory Performance Academy Kolkata 975,₹4262/month,"Indoor Court, Locker Rooms, Outdoor Court, Fitness Center",5:30 AM - 7:30 AM,18+,Boys,49,Basketball Federation Certified,4.8,241,True,"{""instagram"": ""https://instagram.com/victory-performance-academy-kolkata-975"", ""facebook"": ""https://facebook.com/victory-performance-academy-kolkata-975"", ""youtube"": ""https://youtube.com/@victory-performance-academy-kolkata-975""}"
bc565a8b-f9fb-48c0-9361-d6cdf18966a7,Elite Athletic Center Kolkata 976,elite-athletic-center-kolkata-976,22.61209,88.335574,Professional Cricket coaching academy offering structured training programs.,Cricket,"Plot 890, Athletic Colony, Kolkata",Kolkata,West Bengal,+917963672861,"https://maps.google.com/?q=22.61209,88.335574",https://picsum.photos/seed/elite-athletic-center-kolkata-976/800/600,Prakash Nair,Cricket,7 Years,Elite Athletic Center Kolkata 976,₹7608/month,"Gym, Bowling Machine, Practice Pitch, Turf Nets",5:30 AM - 7:30 AM,10-15,Girls,68,"BCCI Level 1, BCCI Level 2",4.8,314,True,"{""instagram"": ""https://instagram.com/elite-athletic-center-kolkata-976"", ""facebook"": ""https://facebook.com/elite-athletic-center-kolkata-976"", ""youtube"": ""https://youtube.com/@elite-athletic-center-kolkata-976""}"
4629a427-0f8b-4427-8289-156419da1a0b,Master Sports Club Siliguri 977,master-sports-club-siliguri-977,26.681074,88.419379,Professional Swimming coaching academy offering structured training programs.,Swimming,"Plot 165, Central Park, Siliguri",Siliguri,West Bengal,+918476482106,"https://maps.google.com/?q=26.681074,88.419379",https://picsum.photos/seed/master-sports-club-siliguri-977/800/600,Ajay Patel,Swimming,25 Years,Master Sports Club Siliguri 977,₹6401/month,"Olympic Pool, Lifeguard Support, Changing Rooms, Kids Pool",6:00 PM - 8:00 PM,18+,Boys,71,Swimming Federation Certified,4.4,330,False,"{""instagram"": ""https://instagram.com/master-sports-club-siliguri-977"", ""facebook"": ""https://facebook.com/master-sports-club-siliguri-977"", ""youtube"": ""https://youtube.com/@master-sports-club-siliguri-977""}"
dfab6e47-4b30-44fd-89aa-4c7216a3b561,Legend Sports Institute Durgapur 978,legend-sports-institute-durgapur-978,23.565843,87.275276,Professional Basketball coaching academy offering structured training programs.,Basketball,"Plot 853, Athletic Colony, Durgapur",Durgapur,West Bengal,+917446527279,"https://maps.google.com/?q=23.565843,87.275276",https://picsum.photos/seed/legend-sports-institute-durgapur-978/800/600,Sanjay Pillai,Basketball,21 Years,Legend Sports Institute Durgapur 978,₹4166/month,"Outdoor Court, Fitness Center, Indoor Court, Locker Rooms",6:00 AM - 8:00 AM,18+,Boys,49,Basketball Federation Certified,4.5,409,False,"{""instagram"": ""https://instagram.com/legend-sports-institute-durgapur-978"", ""facebook"": ""https://facebook.com/legend-sports-institute-durgapur-978"", ""youtube"": ""https://youtube.com/@legend-sports-institute-durgapur-978""}"
62327ecb-b14f-44de-939c-99a9625a5f8e,Prime Sports Institute Kolkata 979,prime-sports-institute-kolkata-979,22.610451,88.344523,Professional Badminton coaching academy offering structured training programs.,Badminton,"Plot 975, Stadium Road, Kolkata",Kolkata,West Bengal,+919872067295,"https://maps.google.com/?q=22.610451,88.344523",https://picsum.photos/seed/prime-sports-institute-kolkata-979/800/600,Harish Sharma,Badminton,25 Years,Prime Sports Institute Kolkata 979,₹2951/month,"Wooden Courts, Indoor Courts, Fitness Center, Shuttle Supply",5:00 PM - 7:00 PM,All Ages,Mixed,69,BAI Certified Coach,4.3,499,False,"{""instagram"": ""https://instagram.com/prime-sports-institute-kolkata-979"", ""facebook"": ""https://facebook.com/prime-sports-institute-kolkata-979"", ""youtube"": ""https://youtube.com/@prime-sports-institute-kolkata-979""}"
c3d8f8b6-4787-47da-a006-0dd8dff6bda5,Royal Sports Institute Siliguri 980,royal-sports-institute-siliguri-980,26.736803,88.383957,Professional Volleyball coaching academy offering structured training programs.,Volleyball,"Plot 624, Sports Complex, Siliguri",Siliguri,West Bengal,+916403087295,"https://maps.google.com/?q=26.736803,88.383957",https://picsum.photos/seed/royal-sports-institute-siliguri-980/800/600,Suresh Joshi,Volleyball,21 Years,Royal Sports Institute Siliguri 980,₹2170/month,"Indoor Court, Sand Court, Fitness Center, Flood Lights",6:00 PM - 8:00 PM,15-18,Girls,34,Volleyball Federation Certified,3.9,435,True,"{""instagram"": ""https://instagram.com/royal-sports-institute-siliguri-980"", ""facebook"": ""https://facebook.com/royal-sports-institute-siliguri-980"", ""youtube"": ""https://youtube.com/@royal-sports-institute-siliguri-980""}"
dabb392a-1626-49c8-9a78-f3173b30d032,Legend Performance Academy Dwarka 981,legend-performance-academy-dwarka-981,28.542795,76.996572,Professional Tennis coaching academy offering structured training programs.,Tennis,"Plot 374, Sports Complex, Dwarka",Dwarka,Delhi,+917839410602,"https://maps.google.com/?q=28.542795,76.996572",https://picsum.photos/seed/legend-performance-academy-dwarka-981/800/600,Aman Verma,Tennis,4 Years,Legend Performance Academy Dwarka 981,₹11615/month,"Ball Machine, Hard Court, Fitness Center, Clay Court",5:30 AM - 7:30 AM,18+,Mixed,88,AITA Certified Coach,4.1,499,True,"{""instagram"": ""https://instagram.com/legend-performance-academy-dwarka-981"", ""facebook"": ""https://facebook.com/legend-performance-academy-dwarka-981"", ""youtube"": ""https://youtube.com/@legend-performance-academy-dwarka-981""}"
04bf6a41-b831-4667-8bfc-d7964075e27c,Victory Sports Club New Delhi 982,victory-sports-club-new-delhi-982,28.614712,77.1654,Professional Tennis coaching academy offering structured training programs.,Tennis,"Plot 910, Sports Hub, New Delhi",New Delhi,Delhi,+916949810802,"https://maps.google.com/?q=28.614712,77.1654",https://picsum.photos/seed/victory-sports-club-new-delhi-982/800/600,Deepak Yadav,Tennis,19 Years,Victory Sports Club New Delhi 982,₹11195/month,"Clay Court, Ball Machine, Hard Court, Fitness Center",5:00 PM - 7:00 PM,15-18,Boys,75,AITA Certified Coach,4.2,61,True,"{""instagram"": ""https://instagram.com/victory-sports-club-new-delhi-982"", ""facebook"": ""https://facebook.com/victory-sports-club-new-delhi-982"", ""youtube"": ""https://youtube.com/@victory-sports-club-new-delhi-982""}"
37e8b2b3-e950-48c5-a404-875c88df27fe,Future Sports Club Dwarka 983,future-sports-club-dwarka-983,28.639776,77.082221,Professional Volleyball coaching academy offering structured training programs.,Volleyball,"Plot 781, Main Road, Dwarka",Dwarka,Delhi,+918781931787,"https://maps.google.com/?q=28.639776,77.082221",https://picsum.photos/seed/future-sports-club-dwarka-983/800/600,Vikram Kumar,Volleyball,23 Years,Future Sports Club Dwarka 983,₹4098/month,"Fitness Center, Sand Court, Flood Lights, Indoor Court",6:00 PM - 8:00 PM,15-18,Girls,97,Volleyball Federation Certified,4.5,250,False,"{""instagram"": ""https://instagram.com/future-sports-club-dwarka-983"", ""facebook"": ""https://facebook.com/future-sports-club-dwarka-983"", ""youtube"": ""https://youtube.com/@future-sports-club-dwarka-983""}"
1f01027e-d736-4992-8d96-f1aa96b352c8,Royal Athletic Center Dwarka 984,royal-athletic-center-dwarka-984,28.589639,77.031441,Professional Basketball coaching academy offering structured training programs.,Basketball,"Plot 740, Ring Road, Dwarka",Dwarka,Delhi,+917639637378,"https://maps.google.com/?q=28.589639,77.031441",https://picsum.photos/seed/royal-athletic-center-dwarka-984/800/600,Prakash Verma,Basketball,12 Years,Royal Athletic Center Dwarka 984,₹4334/month,"Locker Rooms, Indoor Court, Outdoor Court, Fitness Center",5:30 AM - 7:30 AM,10-15,Boys,51,Basketball Federation Certified,4.1,431,True,"{""instagram"": ""https://instagram.com/royal-athletic-center-dwarka-984"", ""facebook"": ""https://facebook.com/royal-athletic-center-dwarka-984"", ""youtube"": ""https://youtube.com/@royal-athletic-center-dwarka-984""}"
48ea6a4f-3a7a-487d-9e3f-e81e8e0230ac,Master Sports Academy Rohini 985,master-sports-academy-rohini-985,28.712037,77.033109,Professional Volleyball coaching academy offering structured training programs.,Volleyball,"Plot 201, Sports Nagar, Rohini",Rohini,Delhi,+916795139552,"https://maps.google.com/?q=28.712037,77.033109",https://picsum.photos/seed/master-sports-academy-rohini-985/800/600,Deepak Yadav,Volleyball,8 Years,Master Sports Academy Rohini 985,₹5364/month,"Indoor Court, Sand Court, Fitness Center, Flood Lights",6:00 AM - 8:00 AM,18+,Girls,83,Volleyball Federation Certified,3.8,154,False,"{""instagram"": ""https://instagram.com/master-sports-academy-rohini-985"", ""facebook"": ""https://facebook.com/master-sports-academy-rohini-985"", ""youtube"": ""https://youtube.com/@master-sports-academy-rohini-985""}"
32662d60-0f08-4a20-9b26-643c32f0e52e,Champion Sports Academy New Delhi 986,champion-sports-academy-new-delhi-986,28.617673,77.16789,Professional Athletics coaching academy offering structured training programs.,Athletics,"Plot 785, Ring Road, New Delhi",New Delhi,Delhi,+916117593280,"https://maps.google.com/?q=28.617673,77.16789",https://picsum.photos/seed/champion-sports-academy-new-delhi-986/800/600,Sanjay Patel,Athletics,10 Years,Champion Sports Academy New Delhi 986,₹3395/month,"Fitness Center, Recovery Zone, Running Track, Gym",4:00 PM - 6:00 PM,10-15,Girls,48,Athletics Federation Certified,3.6,475,True,"{""instagram"": ""https://instagram.com/champion-sports-academy-new-delhi-986"", ""facebook"": ""https://facebook.com/champion-sports-academy-new-delhi-986"", ""youtube"": ""https://youtube.com/@champion-sports-academy-new-delhi-986""}"
1e2199f1-ec45-4ead-8c08-4a558dee6f95,Royal Training Center Dwarka 987,royal-training-center-dwarka-987,28.545686,77.050852,Professional Swimming coaching academy offering structured training programs.,Swimming,"Plot 156, Stadium Road, Dwarka",Dwarka,Delhi,+917216124988,"https://maps.google.com/?q=28.545686,77.050852",https://picsum.photos/seed/royal-training-center-dwarka-987/800/600,Ajay Mishra,Swimming,13 Years,Royal Training Center Dwarka 987,₹8251/month,"Kids Pool, Changing Rooms, Olympic Pool, Lifeguard Support",5:00 PM - 7:00 PM,18+,Girls,46,Swimming Federation Certified,3.7,212,False,"{""instagram"": ""https://instagram.com/royal-training-center-dwarka-987"", ""facebook"": ""https://facebook.com/royal-training-center-dwarka-987"", ""youtube"": ""https://youtube.com/@royal-training-center-dwarka-987""}"
b51072e8-a8f1-471c-b11e-6a95f21604a5,Elite Training Center Dwarka 988,elite-training-center-dwarka-988,28.619227,77.026598,Professional Cricket coaching academy offering structured training programs.,Cricket,"Plot 697, Stadium Road, Dwarka",Dwarka,Delhi,+918943159709,"https://maps.google.com/?q=28.619227,77.026598",https://picsum.photos/seed/elite-training-center-dwarka-988/800/600,Ajay Yadav,Cricket,11 Years,Elite Training Center Dwarka 988,₹7597/month,"Gym, Practice Pitch, Video Analysis, Bowling Machine",4:00 PM - 6:00 PM,5-10,Mixed,91,"BCCI Level 1, BCCI Level 2",3.9,452,True,"{""instagram"": ""https://instagram.com/elite-training-center-dwarka-988"", ""facebook"": ""https://facebook.com/elite-training-center-dwarka-988"", ""youtube"": ""https://youtube.com/@elite-training-center-dwarka-988""}"
93b2c664-485f-4762-8349-658e5300328a,Star Sports Club Rohini 989,star-sports-club-rohini-989,28.797354,77.007421,Professional Swimming coaching academy offering structured training programs.,Swimming,"Plot 652, Victory Avenue, Rohini",Rohini,Delhi,+919567966102,"https://maps.google.com/?q=28.797354,77.007421",https://picsum.photos/seed/star-sports-club-rohini-989/800/600,Suresh Nair,Swimming,16 Years,Star Sports Club Rohini 989,₹4240/month,"Kids Pool, Lifeguard Support, Changing Rooms, Olympic Pool",6:00 AM - 8:00 AM,18+,Girls,51,Swimming Federation Certified,4.6,272,False,"{""instagram"": ""https://instagram.com/star-sports-club-rohini-989"", ""facebook"": ""https://facebook.com/star-sports-club-rohini-989"", ""youtube"": ""https://youtube.com/@star-sports-club-rohini-989""}"
48c86510-fa11-4786-9505-4ce3446dc03d,Future Sports Institute New Delhi 990,future-sports-institute-new-delhi-990,28.662299,77.258857,Professional Football coaching academy offering structured training programs.,Football,"Plot 131, Sports Hub, New Delhi",New Delhi,Delhi,+917815877721,"https://maps.google.com/?q=28.662299,77.258857",https://picsum.photos/seed/future-sports-institute-new-delhi-990/800/600,Harish Sharma,Football,14 Years,Future Sports Institute New Delhi 990,₹3447/month,"Fitness Center, Natural Grass Ground, Training Cones, Locker Rooms",5:00 PM - 7:00 PM,All Ages,Boys,49,"AIFF D License, AIFF C License",4.8,242,False,"{""instagram"": ""https://instagram.com/future-sports-institute-new-delhi-990"", ""facebook"": ""https://facebook.com/future-sports-institute-new-delhi-990"", ""youtube"": ""https://youtube.com/@future-sports-institute-new-delhi-990""}"
58b03492-c41e-4d5a-b406-f92c152ae1a4,Pro Performance Academy Dwarka 991,pro-performance-academy-dwarka-991,28.557902,77.028047,Professional Basketball coaching academy offering structured training programs.,Basketball,"Plot 813, Sports Complex, Dwarka",Dwarka,Delhi,+916309693239,"https://maps.google.com/?q=28.557902,77.028047",https://picsum.photos/seed/pro-performance-academy-dwarka-991/800/600,Arjun Patel,Basketball,9 Years,Pro Performance Academy Dwarka 991,₹4587/month,"Indoor Court, Fitness Center, Locker Rooms, Outdoor Court",5:30 AM - 7:30 AM,All Ages,Boys,68,Basketball Federation Certified,4.2,487,True,"{""instagram"": ""https://instagram.com/pro-performance-academy-dwarka-991"", ""facebook"": ""https://facebook.com/pro-performance-academy-dwarka-991"", ""youtube"": ""https://youtube.com/@pro-performance-academy-dwarka-991""}"
4a8615ed-a448-47af-a337-1b9a1d267351,Legend Sports Club New Delhi 992,legend-sports-club-new-delhi-992,28.621008,77.170841,Professional Badminton coaching academy offering structured training programs.,Badminton,"Plot 92, Sports Complex, New Delhi",New Delhi,Delhi,+917674009617,"https://maps.google.com/?q=28.621008,77.170841",https://picsum.photos/seed/legend-sports-club-new-delhi-992/800/600,Suresh Reddy,Badminton,17 Years,Legend Sports Club New Delhi 992,₹6081/month,"Indoor Courts, Shuttle Supply, Wooden Courts, Fitness Center",5:00 PM - 7:00 PM,All Ages,Mixed,80,BAI Certified Coach,4.9,455,True,"{""instagram"": ""https://instagram.com/legend-sports-club-new-delhi-992"", ""facebook"": ""https://facebook.com/legend-sports-club-new-delhi-992"", ""youtube"": ""https://youtube.com/@legend-sports-club-new-delhi-992""}"
9bc301e7-d2d5-4849-a6de-d96ccca2d671,Pro Athletic Center New Delhi 993,pro-athletic-center-new-delhi-993,28.608956,77.205345,Professional Swimming coaching academy offering structured training programs.,Swimming,"Plot 710, Main Road, New Delhi",New Delhi,Delhi,+918366514325,"https://maps.google.com/?q=28.608956,77.205345",https://picsum.photos/seed/pro-athletic-center-new-delhi-993/800/600,Lokesh Kumar,Swimming,13 Years,Pro Athletic Center New Delhi 993,₹9668/month,"Lifeguard Support, Kids Pool, Changing Rooms, Olympic Pool",5:00 PM - 7:00 PM,10-15,Boys,89,Swimming Federation Certified,4.4,153,False,"{""instagram"": ""https://instagram.com/pro-athletic-center-new-delhi-993"", ""facebook"": ""https://facebook.com/pro-athletic-center-new-delhi-993"", ""youtube"": ""https://youtube.com/@pro-athletic-center-new-delhi-993""}"
229d7c1a-85a5-410f-93a9-a874f4ded99d,Star Training Center New Delhi 994,star-training-center-new-delhi-994,28.602432,77.220725,Professional Athletics coaching academy offering structured training programs.,Athletics,"Plot 359, Stadium Road, New Delhi",New Delhi,Delhi,+919720305640,"https://maps.google.com/?q=28.602432,77.220725",https://picsum.photos/seed/star-training-center-new-delhi-994/800/600,Kiran Kumar,Athletics,9 Years,Star Training Center New Delhi 994,₹1548/month,"Gym, Recovery Zone, Fitness Center, Running Track",6:00 PM - 8:00 PM,5-10,Girls,42,Athletics Federation Certified,3.5,128,False,"{""instagram"": ""https://instagram.com/star-training-center-new-delhi-994"", ""facebook"": ""https://facebook.com/star-training-center-new-delhi-994"", ""youtube"": ""https://youtube.com/@star-training-center-new-delhi-994""}"
e4c2e50f-a2bf-431a-ac3d-a9f5eb1c6d1f,Legend Sports Academy Rohini 995,legend-sports-academy-rohini-995,28.784116,77.019049,Professional Tennis coaching academy offering structured training programs.,Tennis,"Plot 168, Stadium Road, Rohini",Rohini,Delhi,+916057157305,"https://maps.google.com/?q=28.784116,77.019049",https://picsum.photos/seed/legend-sports-academy-rohini-995/800/600,Rohit Choudhary,Tennis,5 Years,Legend Sports Academy Rohini 995,₹7969/month,"Hard Court, Fitness Center, Ball Machine, Clay Court",5:00 PM - 7:00 PM,5-10,Girls,86,AITA Certified Coach,4.7,419,True,"{""instagram"": ""https://instagram.com/legend-sports-academy-rohini-995"", ""facebook"": ""https://facebook.com/legend-sports-academy-rohini-995"", ""youtube"": ""https://youtube.com/@legend-sports-academy-rohini-995""}"
d3bde76c-4f95-4383-9dd7-122386da6ba4,Legend Performance Academy New Delhi 996,legend-performance-academy-new-delhi-996,28.595163,77.15943,Professional Football coaching academy offering structured training programs.,Football,"Plot 824, Sports Hub, New Delhi",New Delhi,Delhi,+917399277286,"https://maps.google.com/?q=28.595163,77.15943",https://picsum.photos/seed/legend-performance-academy-new-delhi-996/800/600,Kiran Reddy,Football,14 Years,Legend Performance Academy New Delhi 996,₹5124/month,"Training Cones, Natural Grass Ground, Locker Rooms, Fitness Center",6:00 PM - 8:00 PM,10-15,Girls,64,"AIFF D License, AIFF C License",4.6,395,False,"{""instagram"": ""https://instagram.com/legend-performance-academy-new-delhi-996"", ""facebook"": ""https://facebook.com/legend-performance-academy-new-delhi-996"", ""youtube"": ""https://youtube.com/@legend-performance-academy-new-delhi-996""}"
ec2bcbc3-dd38-474b-a283-7f216b8dcea3,Future Sports Institute Rohini 997,future-sports-institute-rohini-997,28.729174,77.02986,Professional Swimming coaching academy offering structured training programs.,Swimming,"Plot 377, Ring Road, Rohini",Rohini,Delhi,+919218653039,"https://maps.google.com/?q=28.729174,77.02986",https://picsum.photos/seed/future-sports-institute-rohini-997/800/600,Mahesh Rao,Swimming,15 Years,Future Sports Institute Rohini 997,₹4968/month,"Olympic Pool, Lifeguard Support, Changing Rooms, Kids Pool",5:30 AM - 7:30 AM,10-15,Boys,69,Swimming Federation Certified,3.7,227,True,"{""instagram"": ""https://instagram.com/future-sports-institute-rohini-997"", ""facebook"": ""https://facebook.com/future-sports-institute-rohini-997"", ""youtube"": ""https://youtube.com/@future-sports-institute-rohini-997""}"
bd04645f-f20b-407b-bebc-084f35bddeed,Victory Sports Club Dwarka 998,victory-sports-club-dwarka-998,28.590888,77.007207,Professional Cricket coaching academy offering structured training programs.,Cricket,"Plot 260, Stadium Road, Dwarka",Dwarka,Delhi,+917138410317,"https://maps.google.com/?q=28.590888,77.007207",https://picsum.photos/seed/victory-sports-club-dwarka-998/800/600,Aman Reddy,Cricket,25 Years,Victory Sports Club Dwarka 998,₹8091/month,"Turf Nets, Video Analysis, Practice Pitch, Gym",6:00 PM - 8:00 PM,5-10,Boys,49,"BCCI Level 1, BCCI Level 2",3.6,74,False,"{""instagram"": ""https://instagram.com/victory-sports-club-dwarka-998"", ""facebook"": ""https://facebook.com/victory-sports-club-dwarka-998"", ""youtube"": ""https://youtube.com/@victory-sports-club-dwarka-998""}"
b4868ded-f89f-4df5-a291-acddab7834ed,Legend Sports Institute Rohini 999,legend-sports-institute-rohini-999,28.771601,77.0664,Professional Swimming coaching academy offering structured training programs.,Swimming,"Plot 125, Stadium Road, Rohini",Rohini,Delhi,+918388376550,"https://maps.google.com/?q=28.771601,77.0664",https://picsum.photos/seed/legend-sports-institute-rohini-999/800/600,Sanjay Rao,Swimming,20 Years,Legend Sports Institute Rohini 999,₹6703/month,"Changing Rooms, Kids Pool, Olympic Pool, Lifeguard Support",5:00 PM - 7:00 PM,15-18,Mixed,23,Swimming Federation Certified,3.8,77,True,"{""instagram"": ""https://instagram.com/legend-sports-institute-rohini-999"", ""facebook"": ""https://facebook.com/legend-sports-institute-rohini-999"", ""youtube"": ""https://youtube.com/@legend-sports-institute-rohini-999""}"
d48e0d82-ef17-4945-8aee-e1a3ca571c51,Star Training Center Rohini 1000,star-training-center-rohini-1000,28.724651,77.08519,Professional Tennis coaching academy offering structured training programs.,Tennis,"Plot 26, Central Park, Rohini",Rohini,Delhi,+919589254927,"https://maps.google.com/?q=28.724651,77.08519",https://picsum.photos/seed/star-training-center-rohini-1000/800/600,Prakash Verma,Tennis,2 Years,Star Training Center Rohini 1000,₹9463/month,"Ball Machine, Clay Court, Fitness Center, Hard Court",6:00 PM - 8:00 PM,18+,Girls,81,AITA Certified Coach,4.9,254,False,"{""instagram"": ""https://instagram.com/star-training-center-rohini-1000"", ""facebook"": ""https://facebook.com/star-training-center-rohini-1000"", ""youtube"": ""https://youtube.com/@star-training-center-rohini-1000""}"
d71ca000-b047-4e3f-9fad-e1924474c646,Prime Training Center Dwarka 1001,prime-training-center-dwarka-1001,28.562634,77.058523,Professional Volleyball coaching academy offering structured training programs.,Volleyball,"Plot 709, Sports Hub, Dwarka",Dwarka,Delhi,+918618797514,"https://maps.google.com/?q=28.562634,77.058523",https://picsum.photos/seed/prime-training-center-dwarka-1001/800/600,Arjun Pillai,Volleyball,14 Years,Prime Training Center Dwarka 1001,₹5794/month,"Flood Lights, Indoor Court, Fitness Center, Sand Court",6:00 PM - 8:00 PM,5-10,Girls,78,Volleyball Federation Certified,4.3,42,True,"{""instagram"": ""https://instagram.com/prime-training-center-dwarka-1001"", ""facebook"": ""https://facebook.com/prime-training-center-dwarka-1001"", ""youtube"": ""https://youtube.com/@prime-training-center-dwarka-1001""}"
89ac5b15-6729-4c3c-940e-b8d3fcbe1797,Elite Training Center Dwarka 1002,elite-training-center-dwarka-1002,28.615102,77.048609,Professional Athletics coaching academy offering structured training programs.,Athletics,"Plot 264, Sports Hub, Dwarka",Dwarka,Delhi,+918618943776,"https://maps.google.com/?q=28.615102,77.048609",https://picsum.photos/seed/elite-training-center-dwarka-1002/800/600,Rohit Kumar,Athletics,23 Years,Elite Training Center Dwarka 1002,₹2967/month,"Fitness Center, Gym, Running Track, Recovery Zone",4:00 PM - 6:00 PM,18+,Girls,28,Athletics Federation Certified,4.5,98,True,"{""instagram"": ""https://instagram.com/elite-training-center-dwarka-1002"", ""facebook"": ""https://facebook.com/elite-training-center-dwarka-1002"", ""youtube"": ""https://youtube.com/@elite-training-center-dwarka-1002""}"
f703d201-9cac-413d-8080-b80594050177,Victory Performance Academy New Delhi 1003,victory-performance-academy-new-delhi-1003,28.66209,77.203851,Professional Football coaching academy offering structured training programs.,Football,"Plot 763, Victory Avenue, New Delhi",New Delhi,Delhi,+916014997658,"https://maps.google.com/?q=28.66209,77.203851",https://picsum.photos/seed/victory-performance-academy-new-delhi-1003/800/600,Arjun Sharma,Football,22 Years,Victory Performance Academy New Delhi 1003,₹3182/month,"Locker Rooms, Flood Lights, Fitness Center, Training Cones",6:00 PM - 8:00 PM,5-10,Mixed,41,"AIFF D License, AIFF C License",4.6,287,True,"{""instagram"": ""https://instagram.com/victory-performance-academy-new-delhi-1003"", ""facebook"": ""https://facebook.com/victory-performance-academy-new-delhi-1003"", ""youtube"": ""https://youtube.com/@victory-performance-academy-new-delhi-1003""}"
1ce3031e-c69f-4301-9033-cede98f9e575,Dynamic Sports Institute New Delhi 1004,dynamic-sports-institute-new-delhi-1004,28.576165,77.207886,Professional Football coaching academy offering structured training programs.,Football,"Plot 572, Stadium Road, New Delhi",New Delhi,Delhi,+917870430621,"https://maps.google.com/?q=28.576165,77.207886",https://picsum.photos/seed/dynamic-sports-institute-new-delhi-1004/800/600,Mahesh Verma,Football,11 Years,Dynamic Sports Institute New Delhi 1004,₹2542/month,"Flood Lights, Fitness Center, Locker Rooms, Natural Grass Ground",6:00 PM - 8:00 PM,All Ages,Mixed,81,"AIFF D License, AIFF C License",4.2,181,True,"{""instagram"": ""https://instagram.com/dynamic-sports-institute-new-delhi-1004"", ""facebook"": ""https://facebook.com/dynamic-sports-institute-new-delhi-1004"", ""youtube"": ""https://youtube.com/@dynamic-sports-institute-new-delhi-1004""}"
7b5ef6ff-3d75-493b-8cc0-8975facb8376,Master Sports Institute New Delhi 1005,master-sports-institute-new-delhi-1005,28.595147,77.213536,Professional Swimming coaching academy offering structured training programs.,Swimming,"Plot 869, Sports Nagar, New Delhi",New Delhi,Delhi,+919092704745,"https://maps.google.com/?q=28.595147,77.213536",https://picsum.photos/seed/master-sports-institute-new-delhi-1005/800/600,Harish Sharma,Swimming,19 Years,Master Sports Institute New Delhi 1005,₹8069/month,"Lifeguard Support, Kids Pool, Changing Rooms, Olympic Pool",5:00 PM - 7:00 PM,10-15,Girls,86,Swimming Federation Certified,3.8,468,True,"{""instagram"": ""https://instagram.com/master-sports-institute-new-delhi-1005"", ""facebook"": ""https://facebook.com/master-sports-institute-new-delhi-1005"", ""youtube"": ""https://youtube.com/@master-sports-institute-new-delhi-1005""}"
52e06abc-953f-4ba5-a139-356cf4d51486,Master Athletic Center New Delhi 1006,master-athletic-center-new-delhi-1006,28.607774,77.233806,Professional Cricket coaching academy offering structured training programs.,Cricket,"Plot 908, Central Park, New Delhi",New Delhi,Delhi,+917198924169,"https://maps.google.com/?q=28.607774,77.233806",https://picsum.photos/seed/master-athletic-center-new-delhi-1006/800/600,Aman Rao,Cricket,23 Years,Master Athletic Center New Delhi 1006,₹3584/month,"Turf Nets, Practice Pitch, Bowling Machine, Gym",4:00 PM - 6:00 PM,5-10,Boys,54,"BCCI Level 1, BCCI Level 2",3.9,286,False,"{""instagram"": ""https://instagram.com/master-athletic-center-new-delhi-1006"", ""facebook"": ""https://facebook.com/master-athletic-center-new-delhi-1006"", ""youtube"": ""https://youtube.com/@master-athletic-center-new-delhi-1006""}"
632b4ea8-fba8-4eb6-8b32-368aacddc2e7,National Sports Club Rohini 1007,national-sports-club-rohini-1007,28.761457,77.053173,Professional Basketball coaching academy offering structured training programs.,Basketball,"Plot 355, Victory Avenue, Rohini",Rohini,Delhi,+917433950602,"https://maps.google.com/?q=28.761457,77.053173",https://picsum.photos/seed/national-sports-club-rohini-1007/800/600,Harish Reddy,Basketball,22 Years,National Sports Club Rohini 1007,₹6799/month,"Outdoor Court, Fitness Center, Locker Rooms, Indoor Court",5:00 PM - 7:00 PM,5-10,Mixed,56,Basketball Federation Certified,4.4,439,False,"{""instagram"": ""https://instagram.com/national-sports-club-rohini-1007"", ""facebook"": ""https://facebook.com/national-sports-club-rohini-1007"", ""youtube"": ""https://youtube.com/@national-sports-club-rohini-1007""}"
51156398-9c5b-4c2e-8627-4c4f58f48407,Prime Sports Club Rohini 1008,prime-sports-club-rohini-1008,28.721766,77.075687,Professional Swimming coaching academy offering structured training programs.,Swimming,"Plot 153, Stadium Road, Rohini",Rohini,Delhi,+919919477407,"https://maps.google.com/?q=28.721766,77.075687",https://picsum.photos/seed/prime-sports-club-rohini-1008/800/600,Rohit Nair,Swimming,14 Years,Prime Sports Club Rohini 1008,₹6861/month,"Olympic Pool, Changing Rooms, Kids Pool, Lifeguard Support",6:00 AM - 8:00 AM,10-15,Girls,77,Swimming Federation Certified,3.6,307,True,"{""instagram"": ""https://instagram.com/prime-sports-club-rohini-1008"", ""facebook"": ""https://facebook.com/prime-sports-club-rohini-1008"", ""youtube"": ""https://youtube.com/@prime-sports-club-rohini-1008""}"
41240287-7414-4760-8784-47f9400ef69a,Pro Performance Academy Dwarka 1009,pro-performance-academy-dwarka-1009,28.608106,77.084511,Professional Basketball coaching academy offering structured training programs.,Basketball,"Plot 271, Central Park, Dwarka",Dwarka,Delhi,+917622804704,"https://maps.google.com/?q=28.608106,77.084511",https://picsum.photos/seed/pro-performance-academy-dwarka-1009/800/600,Ajay Reddy,Basketball,18 Years,Pro Performance Academy Dwarka 1009,₹2974/month,"Indoor Court, Fitness Center, Outdoor Court, Locker Rooms",5:30 AM - 7:30 AM,All Ages,Girls,80,Basketball Federation Certified,4.7,215,False,"{""instagram"": ""https://instagram.com/pro-performance-academy-dwarka-1009"", ""facebook"": ""https://facebook.com/pro-performance-academy-dwarka-1009"", ""youtube"": ""https://youtube.com/@pro-performance-academy-dwarka-1009""}"
4df9c09c-bbd9-4ab4-9d82-d6c40309b384,Elite Sports Academy New Delhi 1010,elite-sports-academy-new-delhi-1010,28.627845,77.199459,Professional Volleyball coaching academy offering structured training programs.,Volleyball,"Plot 944, Sports Complex, New Delhi",New Delhi,Delhi,+916863950137,"https://maps.google.com/?q=28.627845,77.199459",https://picsum.photos/seed/elite-sports-academy-new-delhi-1010/800/600,Prakash Gupta,Volleyball,25 Years,Elite Sports Academy New Delhi 1010,₹3287/month,"Fitness Center, Sand Court, Flood Lights, Indoor Court",4:00 PM - 6:00 PM,18+,Girls,87,Volleyball Federation Certified,3.9,153,True,"{""instagram"": ""https://instagram.com/elite-sports-academy-new-delhi-1010"", ""facebook"": ""https://facebook.com/elite-sports-academy-new-delhi-1010"", ""youtube"": ""https://youtube.com/@elite-sports-academy-new-delhi-1010""}"
a1db9f8b-ec38-4449-89eb-0482bfc39af7,Prime Athletic Center Dwarka 1011,prime-athletic-center-dwarka-1011,28.632769,77.083082,Professional Swimming coaching academy offering structured training programs.,Swimming,"Plot 65, Champions Street, Dwarka",Dwarka,Delhi,+917221379664,"https://maps.google.com/?q=28.632769,77.083082",https://picsum.photos/seed/prime-athletic-center-dwarka-1011/800/600,Kiran Mishra,Swimming,24 Years,Prime Athletic Center Dwarka 1011,₹5841/month,"Changing Rooms, Kids Pool, Lifeguard Support, Olympic Pool",5:00 PM - 7:00 PM,15-18,Girls,96,Swimming Federation Certified,4.1,95,True,"{""instagram"": ""https://instagram.com/prime-athletic-center-dwarka-1011"", ""facebook"": ""https://facebook.com/prime-athletic-center-dwarka-1011"", ""youtube"": ""https://youtube.com/@prime-athletic-center-dwarka-1011""}"
44879898-5c87-4d44-baf6-54727a7536a6,Legend Performance Academy Rohini 1012,legend-performance-academy-rohini-1012,28.713138,77.048394,Professional Football coaching academy offering structured training programs.,Football,"Plot 888, Champions Street, Rohini",Rohini,Delhi,+918489798526,"https://maps.google.com/?q=28.713138,77.048394",https://picsum.photos/seed/legend-performance-academy-rohini-1012/800/600,Harish Verma,Football,21 Years,Legend Performance Academy Rohini 1012,₹5755/month,"Training Cones, Natural Grass Ground, Flood Lights, Fitness Center",6:00 PM - 8:00 PM,All Ages,Boys,67,"AIFF D License, AIFF C License",4.6,207,False,"{""instagram"": ""https://instagram.com/legend-performance-academy-rohini-1012"", ""facebook"": ""https://facebook.com/legend-performance-academy-rohini-1012"", ""youtube"": ""https://youtube.com/@legend-performance-academy-rohini-1012""}"
6cc67632-220e-4ba2-8b20-50854fcabfb2,Pro Athletic Center Rohini 1013,pro-athletic-center-rohini-1013,28.720692,77.104112,Professional Volleyball coaching academy offering structured training programs.,Volleyball,"Plot 218, Victory Avenue, Rohini",Rohini,Delhi,+917244548496,"https://maps.google.com/?q=28.720692,77.104112",https://picsum.photos/seed/pro-athletic-center-rohini-1013/800/600,Arjun Verma,Volleyball,22 Years,Pro Athletic Center Rohini 1013,₹5398/month,"Sand Court, Fitness Center, Flood Lights, Indoor Court",6:00 PM - 8:00 PM,All Ages,Mixed,88,Volleyball Federation Certified,4.4,219,False,"{""instagram"": ""https://instagram.com/pro-athletic-center-rohini-1013"", ""facebook"": ""https://facebook.com/pro-athletic-center-rohini-1013"", ""youtube"": ""https://youtube.com/@pro-athletic-center-rohini-1013""}"
f2787906-7b24-46dd-9f07-fa7e690b53ca,Prime Sports Institute Dwarka 1014,prime-sports-institute-dwarka-1014,28.575121,77.067833,Professional Football coaching academy offering structured training programs.,Football,"Plot 642, Champions Street, Dwarka",Dwarka,Delhi,+918968343294,"https://maps.google.com/?q=28.575121,77.067833",https://picsum.photos/seed/prime-sports-institute-dwarka-1014/800/600,Ravi Kumar,Football,17 Years,Prime Sports Institute Dwarka 1014,₹7681/month,"Locker Rooms, Flood Lights, Fitness Center, Training Cones",5:30 AM - 7:30 AM,All Ages,Mixed,94,"AIFF D License, AIFF C License",4.6,140,True,"{""instagram"": ""https://instagram.com/prime-sports-institute-dwarka-1014"", ""facebook"": ""https://facebook.com/prime-sports-institute-dwarka-1014"", ""youtube"": ""https://youtube.com/@prime-sports-institute-dwarka-1014""}"
c01db00b-6bff-4a5a-a790-3d9ca69b6ff1,National Performance Academy Rohini 1015,national-performance-academy-rohini-1015,28.737823,77.033281,Professional Basketball coaching academy offering structured training programs.,Basketball,"Plot 231, Ring Road, Rohini",Rohini,Delhi,+916384930304,"https://maps.google.com/?q=28.737823,77.033281",https://picsum.photos/seed/national-performance-academy-rohini-1015/800/600,Deepak Gupta,Basketball,20 Years,National Performance Academy Rohini 1015,₹2999/month,"Locker Rooms, Indoor Court, Fitness Center, Outdoor Court",4:00 PM - 6:00 PM,All Ages,Boys,79,Basketball Federation Certified,4.2,213,False,"{""instagram"": ""https://instagram.com/national-performance-academy-rohini-1015"", ""facebook"": ""https://facebook.com/national-performance-academy-rohini-1015"", ""youtube"": ""https://youtube.com/@national-performance-academy-rohini-1015""}"
e7ca925e-cc77-4212-b193-c6a33f243788,Royal Sports Institute Jammu 1016,royal-sports-institute-jammu-1016,32.745833,74.845252,Professional Football coaching academy offering structured training programs.,Football,"Plot 464, Stadium Road, Jammu",Jammu,Jammu and Kashmir,+918719716953,"https://maps.google.com/?q=32.745833,74.845252",https://picsum.photos/seed/royal-sports-institute-jammu-1016/800/600,Suresh Choudhary,Football,8 Years,Royal Sports Institute Jammu 1016,₹5283/month,"Fitness Center, Natural Grass Ground, Locker Rooms, Flood Lights",6:00 PM - 8:00 PM,10-15,Girls,70,"AIFF D License, AIFF C License",4.1,159,False,"{""instagram"": ""https://instagram.com/royal-sports-institute-jammu-1016"", ""facebook"": ""https://facebook.com/royal-sports-institute-jammu-1016"", ""youtube"": ""https://youtube.com/@royal-sports-institute-jammu-1016""}"
5b328331-2484-4a12-80f3-c822dbadc3f7,Pro Training Center Jammu 1017,pro-training-center-jammu-1017,32.730342,74.885876,Professional Football coaching academy offering structured training programs.,Football,"Plot 494, Sports Hub, Jammu",Jammu,Jammu and Kashmir,+919640226135,"https://maps.google.com/?q=32.730342,74.885876",https://picsum.photos/seed/pro-training-center-jammu-1017/800/600,Ravi Verma,Football,6 Years,Pro Training Center Jammu 1017,₹7033/month,"Fitness Center, Training Cones, Natural Grass Ground, Flood Lights",4:00 PM - 6:00 PM,18+,Boys,61,"AIFF D License, AIFF C License",4.9,407,True,"{""instagram"": ""https://instagram.com/pro-training-center-jammu-1017"", ""facebook"": ""https://facebook.com/pro-training-center-jammu-1017"", ""youtube"": ""https://youtube.com/@pro-training-center-jammu-1017""}"
793d7842-3000-4a30-9fe0-717019643865,Future Sports Club Srinagar 1018,future-sports-club-srinagar-1018,34.088348,74.814512,Professional Cricket coaching academy offering structured training programs.,Cricket,"Plot 419, Stadium Road, Srinagar",Srinagar,Jammu and Kashmir,+916417192168,"https://maps.google.com/?q=34.088348,74.814512",https://picsum.photos/seed/future-sports-club-srinagar-1018/800/600,Naveen Patel,Cricket,23 Years,Future Sports Club Srinagar 1018,₹5085/month,"Turf Nets, Video Analysis, Gym, Practice Pitch",5:00 PM - 7:00 PM,18+,Mixed,84,"BCCI Level 1, BCCI Level 2",4.3,123,False,"{""instagram"": ""https://instagram.com/future-sports-club-srinagar-1018"", ""facebook"": ""https://facebook.com/future-sports-club-srinagar-1018"", ""youtube"": ""https://youtube.com/@future-sports-club-srinagar-1018""}"
8ae0cf6b-70f4-44a6-ba91-2c6e869edc3e,Legend Training Center Srinagar 1019,legend-training-center-srinagar-1019,34.080555,74.812869,Professional Basketball coaching academy offering structured training programs.,Basketball,"Plot 739, Athletic Colony, Srinagar",Srinagar,Jammu and Kashmir,+917533259986,"https://maps.google.com/?q=34.080555,74.812869",https://picsum.photos/seed/legend-training-center-srinagar-1019/800/600,Kiran Gupta,Basketball,16 Years,Legend Training Center Srinagar 1019,₹5034/month,"Outdoor Court, Locker Rooms, Indoor Court, Fitness Center",6:00 PM - 8:00 PM,5-10,Mixed,74,Basketball Federation Certified,5.0,354,False,"{""instagram"": ""https://instagram.com/legend-training-center-srinagar-1019"", ""facebook"": ""https://facebook.com/legend-training-center-srinagar-1019"", ""youtube"": ""https://youtube.com/@legend-training-center-srinagar-1019""}"
0f4ddc7d-890a-4015-b41e-8e926c4a3ed6,Royal Performance Academy Srinagar 1020,royal-performance-academy-srinagar-1020,34.05195,74.83513,Professional Volleyball coaching academy offering structured training programs.,Volleyball,"Plot 502, Stadium Road, Srinagar",Srinagar,Jammu and Kashmir,+916842981588,"https://maps.google.com/?q=34.05195,74.83513",https://picsum.photos/seed/royal-performance-academy-srinagar-1020/800/600,Kiran Joshi,Volleyball,13 Years,Royal Performance Academy Srinagar 1020,₹2461/month,"Flood Lights, Indoor Court, Fitness Center, Sand Court",5:30 AM - 7:30 AM,5-10,Mixed,80,Volleyball Federation Certified,4.9,466,True,"{""instagram"": ""https://instagram.com/royal-performance-academy-srinagar-1020"", ""facebook"": ""https://facebook.com/royal-performance-academy-srinagar-1020"", ""youtube"": ""https://youtube.com/@royal-performance-academy-srinagar-1020""}"
2e167b57-fed9-4a80-8747-f59611bb32ce,Master Training Center Srinagar 1021,master-training-center-srinagar-1021,34.069062,74.771147,Professional Swimming coaching academy offering structured training programs.,Swimming,"Plot 674, Champions Street, Srinagar",Srinagar,Jammu and Kashmir,+916882964432,"https://maps.google.com/?q=34.069062,74.771147",https://picsum.photos/seed/master-training-center-srinagar-1021/800/600,Vikram Pillai,Swimming,20 Years,Master Training Center Srinagar 1021,₹5042/month,"Olympic Pool, Lifeguard Support, Changing Rooms, Kids Pool",6:00 AM - 8:00 AM,15-18,Girls,100,Swimming Federation Certified,3.6,150,False,"{""instagram"": ""https://instagram.com/master-training-center-srinagar-1021"", ""facebook"": ""https://facebook.com/master-training-center-srinagar-1021"", ""youtube"": ""https://youtube.com/@master-training-center-srinagar-1021""}"
e0d09b20-3254-4c81-b42d-856c946857f6,Victory Athletic Center Srinagar 1022,victory-athletic-center-srinagar-1022,34.103575,74.804456,Professional Athletics coaching academy offering structured training programs.,Athletics,"Plot 495, Athletic Colony, Srinagar",Srinagar,Jammu and Kashmir,+918353362091,"https://maps.google.com/?q=34.103575,74.804456",https://picsum.photos/seed/victory-athletic-center-srinagar-1022/800/600,Prakash Patel,Athletics,2 Years,Victory Athletic Center Srinagar 1022,₹2835/month,"Gym, Recovery Zone, Fitness Center, Running Track",6:00 AM - 8:00 AM,18+,Girls,21,Athletics Federation Certified,3.7,270,False,"{""instagram"": ""https://instagram.com/victory-athletic-center-srinagar-1022"", ""facebook"": ""https://facebook.com/victory-athletic-center-srinagar-1022"", ""youtube"": ""https://youtube.com/@victory-athletic-center-srinagar-1022""}"
d035ccaf-2555-4dec-a496-73dafc5dee22,Legend Training Center Jammu 1023,legend-training-center-jammu-1023,32.72741,74.823758,Professional Football coaching academy offering structured training programs.,Football,"Plot 633, Central Park, Jammu",Jammu,Jammu and Kashmir,+916171077532,"https://maps.google.com/?q=32.72741,74.823758",https://picsum.photos/seed/legend-training-center-jammu-1023/800/600,Prakash Mishra,Football,6 Years,Legend Training Center Jammu 1023,₹3884/month,"Flood Lights, Fitness Center, Natural Grass Ground, Training Cones",4:00 PM - 6:00 PM,18+,Girls,46,"AIFF D License, AIFF C License",3.9,303,True,"{""instagram"": ""https://instagram.com/legend-training-center-jammu-1023"", ""facebook"": ""https://facebook.com/legend-training-center-jammu-1023"", ""youtube"": ""https://youtube.com/@legend-training-center-jammu-1023""}"
d4c77df1-6d13-4ff5-b686-709edc18dd54,Royal Athletic Center Srinagar 1024,royal-athletic-center-srinagar-1024,34.101368,74.803624,Professional Swimming coaching academy offering structured training programs.,Swimming,"Plot 355, Main Road, Srinagar",Srinagar,Jammu and Kashmir,+916052267391,"https://maps.google.com/?q=34.101368,74.803624",https://picsum.photos/seed/royal-athletic-center-srinagar-1024/800/600,Lokesh Patel,Swimming,8 Years,Royal Athletic Center Srinagar 1024,₹9250/month,"Kids Pool, Olympic Pool, Changing Rooms, Lifeguard Support",5:00 PM - 7:00 PM,18+,Girls,93,Swimming Federation Certified,3.6,38,True,"{""instagram"": ""https://instagram.com/royal-athletic-center-srinagar-1024"", ""facebook"": ""https://facebook.com/royal-athletic-center-srinagar-1024"", ""youtube"": ""https://youtube.com/@royal-athletic-center-srinagar-1024""}"
e0a2cb5a-d436-46f5-88be-539eedbc1434,Future Performance Academy Srinagar 1025,future-performance-academy-srinagar-1025,34.103601,74.831376,Professional Basketball coaching academy offering structured training programs.,Basketball,"Plot 713, Sports Complex, Srinagar",Srinagar,Jammu and Kashmir,+919010179717,"https://maps.google.com/?q=34.103601,74.831376",https://picsum.photos/seed/future-performance-academy-srinagar-1025/800/600,Aman Gupta,Basketball,9 Years,Future Performance Academy Srinagar 1025,₹3479/month,"Indoor Court, Locker Rooms, Outdoor Court, Fitness Center",4:00 PM - 6:00 PM,All Ages,Girls,31,Basketball Federation Certified,4.9,221,False,"{""instagram"": ""https://instagram.com/future-performance-academy-srinagar-1025"", ""facebook"": ""https://facebook.com/future-performance-academy-srinagar-1025"", ""youtube"": ""https://youtube.com/@future-performance-academy-srinagar-1025""}"
ee3cac64-6bf6-49ad-af98-aeba19843273,Future Athletic Center Srinagar 1026,future-athletic-center-srinagar-1026,34.055051,74.808681,Professional Volleyball coaching academy offering structured training programs.,Volleyball,"Plot 406, Ring Road, Srinagar",Srinagar,Jammu and Kashmir,+917790981859,"https://maps.google.com/?q=34.055051,74.808681",https://picsum.photos/seed/future-athletic-center-srinagar-1026/800/600,Ajay Verma,Volleyball,3 Years,Future Athletic Center Srinagar 1026,₹4772/month,"Fitness Center, Flood Lights, Sand Court, Indoor Court",5:30 AM - 7:30 AM,18+,Boys,25,Volleyball Federation Certified,3.6,447,False,"{""instagram"": ""https://instagram.com/future-athletic-center-srinagar-1026"", ""facebook"": ""https://facebook.com/future-athletic-center-srinagar-1026"", ""youtube"": ""https://youtube.com/@future-athletic-center-srinagar-1026""}"
ffb3836d-2732-43b8-92f2-127ab95e3051,Victory Sports Institute Srinagar 1027,victory-sports-institute-srinagar-1027,34.107206,74.823877,Professional Swimming coaching academy offering structured training programs.,Swimming,"Plot 354, Champions Street, Srinagar",Srinagar,Jammu and Kashmir,+917264202417,"https://maps.google.com/?q=34.107206,74.823877",https://picsum.photos/seed/victory-sports-institute-srinagar-1027/800/600,Aman Yadav,Swimming,18 Years,Victory Sports Institute Srinagar 1027,₹9101/month,"Olympic Pool, Changing Rooms, Lifeguard Support, Kids Pool",5:30 AM - 7:30 AM,All Ages,Boys,21,Swimming Federation Certified,4.6,259,True,"{""instagram"": ""https://instagram.com/victory-sports-institute-srinagar-1027"", ""facebook"": ""https://facebook.com/victory-sports-institute-srinagar-1027"", ""youtube"": ""https://youtube.com/@victory-sports-institute-srinagar-1027""}"
a65e823b-0f0e-4f84-95ab-ba6a61d22761,Prime Training Center Jammu 1028,prime-training-center-jammu-1028,32.718755,74.857356,Professional Cricket coaching academy offering structured training programs.,Cricket,"Plot 190, Sports Complex, Jammu",Jammu,Jammu and Kashmir,+918007888411,"https://maps.google.com/?q=32.718755,74.857356",https://picsum.photos/seed/prime-training-center-jammu-1028/800/600,Prakash Verma,Cricket,24 Years,Prime Training Center Jammu 1028,₹8068/month,"Turf Nets, Video Analysis, Gym, Practice Pitch",4:00 PM - 6:00 PM,5-10,Mixed,96,"BCCI Level 1, BCCI Level 2",4.7,252,True,"{""instagram"": ""https://instagram.com/prime-training-center-jammu-1028"", ""facebook"": ""https://facebook.com/prime-training-center-jammu-1028"", ""youtube"": ""https://youtube.com/@prime-training-center-jammu-1028""}"
9f348dfb-cf60-4be1-850e-a5204c9a2982,Star Sports Academy Srinagar 1029,star-sports-academy-srinagar-1029,34.082383,74.807174,Professional Badminton coaching academy offering structured training programs.,Badminton,"Plot 176, Champions Street, Srinagar",Srinagar,Jammu and Kashmir,+917624511394,"https://maps.google.com/?q=34.082383,74.807174",https://picsum.photos/seed/star-sports-academy-srinagar-1029/800/600,Vikram Gupta,Badminton,10 Years,Star Sports Academy Srinagar 1029,₹3331/month,"Fitness Center, Wooden Courts, Shuttle Supply, Indoor Courts",6:00 PM - 8:00 PM,All Ages,Mixed,93,BAI Certified Coach,5.0,306,True,"{""instagram"": ""https://instagram.com/star-sports-academy-srinagar-1029"", ""facebook"": ""https://facebook.com/star-sports-academy-srinagar-1029"", ""youtube"": ""https://youtube.com/@star-sports-academy-srinagar-1029""}"
fcfb5826-6af3-4c2a-b96c-7e9d59addbab,Future Training Center Srinagar 1030,future-training-center-srinagar-1030,34.039625,74.805024,Professional Swimming coaching academy offering structured training programs.,Swimming,"Plot 547, Sports Hub, Srinagar",Srinagar,Jammu and Kashmir,+917030647695,"https://maps.google.com/?q=34.039625,74.805024",https://picsum.photos/seed/future-training-center-srinagar-1030/800/600,Naveen Singh,Swimming,10 Years,Future Training Center Srinagar 1030,₹9003/month,"Olympic Pool, Changing Rooms, Lifeguard Support, Kids Pool",4:00 PM - 6:00 PM,10-15,Mixed,71,Swimming Federation Certified,4.1,487,False,"{""instagram"": ""https://instagram.com/future-training-center-srinagar-1030"", ""facebook"": ""https://facebook.com/future-training-center-srinagar-1030"", ""youtube"": ""https://youtube.com/@future-training-center-srinagar-1030""}"
eb18e57c-c4cc-4f00-bf04-e6373ea2642c,Star Sports Institute Jammu 1031,star-sports-institute-jammu-1031,32.722626,74.86463,Professional Badminton coaching academy offering structured training programs.,Badminton,"Plot 286, Ring Road, Jammu",Jammu,Jammu and Kashmir,+917925867882,"https://maps.google.com/?q=32.722626,74.86463",https://picsum.photos/seed/star-sports-institute-jammu-1031/800/600,Vikram Nair,Badminton,23 Years,Star Sports Institute Jammu 1031,₹2551/month,"Fitness Center, Indoor Courts, Wooden Courts, Shuttle Supply",6:00 PM - 8:00 PM,All Ages,Girls,24,BAI Certified Coach,3.8,135,False,"{""instagram"": ""https://instagram.com/star-sports-institute-jammu-1031"", ""facebook"": ""https://facebook.com/star-sports-institute-jammu-1031"", ""youtube"": ""https://youtube.com/@star-sports-institute-jammu-1031""}"
f7b4d92b-fd75-479e-b7b4-cc7b7d7d239b,Elite Training Center Jammu 1032,elite-training-center-jammu-1032,32.742752,74.85402,Professional Cricket coaching academy offering structured training programs.,Cricket,"Plot 138, Athletic Colony, Jammu",Jammu,Jammu and Kashmir,+916859871285,"https://maps.google.com/?q=32.742752,74.85402",https://picsum.photos/seed/elite-training-center-jammu-1032/800/600,Vikram Kumar,Cricket,18 Years,Elite Training Center Jammu 1032,₹3554/month,"Practice Pitch, Gym, Turf Nets, Video Analysis",6:00 AM - 8:00 AM,All Ages,Boys,83,"BCCI Level 1, BCCI Level 2",4.9,97,True,"{""instagram"": ""https://instagram.com/elite-training-center-jammu-1032"", ""facebook"": ""https://facebook.com/elite-training-center-jammu-1032"", ""youtube"": ""https://youtube.com/@elite-training-center-jammu-1032""}"
899bf3c3-e73f-4fda-998f-63eaf25ad9ee,Future Training Center Srinagar 1033,future-training-center-srinagar-1033,34.117276,74.819075,Professional Athletics coaching academy offering structured training programs.,Athletics,"Plot 661, Sports Hub, Srinagar",Srinagar,Jammu and Kashmir,+917376926252,"https://maps.google.com/?q=34.117276,74.819075",https://picsum.photos/seed/future-training-center-srinagar-1033/800/600,Lokesh Mishra,Athletics,18 Years,Future Training Center Srinagar 1033,₹4285/month,"Fitness Center, Recovery Zone, Gym, Running Track",6:00 PM - 8:00 PM,18+,Boys,64,Athletics Federation Certified,4.2,191,True,"{""instagram"": ""https://instagram.com/future-training-center-srinagar-1033"", ""facebook"": ""https://facebook.com/future-training-center-srinagar-1033"", ""youtube"": ""https://youtube.com/@future-training-center-srinagar-1033""}"
124b0679-9cd6-446c-9ea6-111eafcc5366,Master Performance Academy Jammu 1034,master-performance-academy-jammu-1034,32.69951,74.887952,Professional Basketball coaching academy offering structured training programs.,Basketball,"Plot 98, Athletic Colony, Jammu",Jammu,Jammu and Kashmir,+919328029203,"https://maps.google.com/?q=32.69951,74.887952",https://picsum.photos/seed/master-performance-academy-jammu-1034/800/600,Kiran Pillai,Basketball,17 Years,Master Performance Academy Jammu 1034,₹6154/month,"Locker Rooms, Indoor Court, Outdoor Court, Fitness Center",6:00 AM - 8:00 AM,10-15,Mixed,41,Basketball Federation Certified,4.1,192,False,"{""instagram"": ""https://instagram.com/master-performance-academy-jammu-1034"", ""facebook"": ""https://facebook.com/master-performance-academy-jammu-1034"", ""youtube"": ""https://youtube.com/@master-performance-academy-jammu-1034""}"
f6cb5b52-49de-4e7e-aada-eb3db2b36e59,Master Training Center Jammu 1035,master-training-center-jammu-1035,32.706577,74.838809,Professional Tennis coaching academy offering structured training programs.,Tennis,"Plot 407, Champions Street, Jammu",Jammu,Jammu and Kashmir,+918414374642,"https://maps.google.com/?q=32.706577,74.838809",https://picsum.photos/seed/master-training-center-jammu-1035/800/600,Harish Sharma,Tennis,12 Years,Master Training Center Jammu 1035,₹8888/month,"Clay Court, Hard Court, Fitness Center, Ball Machine",5:00 PM - 7:00 PM,15-18,Boys,47,AITA Certified Coach,4.8,156,True,"{""instagram"": ""https://instagram.com/master-training-center-jammu-1035"", ""facebook"": ""https://facebook.com/master-training-center-jammu-1035"", ""youtube"": ""https://youtube.com/@master-training-center-jammu-1035""}"
9223263c-3598-4a66-b3c4-3767c3032776,Legend Sports Club Srinagar 1036,legend-sports-club-srinagar-1036,34.038371,74.834128,Professional Basketball coaching academy offering structured training programs.,Basketball,"Plot 662, Sports Nagar, Srinagar",Srinagar,Jammu and Kashmir,+918412726522,"https://maps.google.com/?q=34.038371,74.834128",https://picsum.photos/seed/legend-sports-club-srinagar-1036/800/600,Ajay Patel,Basketball,6 Years,Legend Sports Club Srinagar 1036,₹3030/month,"Locker Rooms, Fitness Center, Indoor Court, Outdoor Court",6:00 PM - 8:00 PM,All Ages,Mixed,98,Basketball Federation Certified,4.5,397,False,"{""instagram"": ""https://instagram.com/legend-sports-club-srinagar-1036"", ""facebook"": ""https://facebook.com/legend-sports-club-srinagar-1036"", ""youtube"": ""https://youtube.com/@legend-sports-club-srinagar-1036""}"
ff2f6aa2-3129-467e-bbb9-c6b1077509a5,Star Sports Club Srinagar 1037,star-sports-club-srinagar-1037,34.072403,74.834548,Professional Volleyball coaching academy offering structured training programs.,Volleyball,"Plot 948, Sports Hub, Srinagar",Srinagar,Jammu and Kashmir,+919618635811,"https://maps.google.com/?q=34.072403,74.834548",https://picsum.photos/seed/star-sports-club-srinagar-1037/800/600,Naveen Yadav,Volleyball,10 Years,Star Sports Club Srinagar 1037,₹2016/month,"Sand Court, Flood Lights, Fitness Center, Indoor Court",5:00 PM - 7:00 PM,5-10,Boys,65,Volleyball Federation Certified,4.3,353,True,"{""instagram"": ""https://instagram.com/star-sports-club-srinagar-1037"", ""facebook"": ""https://facebook.com/star-sports-club-srinagar-1037"", ""youtube"": ""https://youtube.com/@star-sports-club-srinagar-1037""}"
f5fa8fe6-9b78-41d5-a280-78fa025f5a43,Pro Performance Academy Jammu 1038,pro-performance-academy-jammu-1038,32.70665,74.866254,Professional Tennis coaching academy offering structured training programs.,Tennis,"Plot 902, Ring Road, Jammu",Jammu,Jammu and Kashmir,+918502579500,"https://maps.google.com/?q=32.70665,74.866254",https://picsum.photos/seed/pro-performance-academy-jammu-1038/800/600,Sanjay Reddy,Tennis,24 Years,Pro Performance Academy Jammu 1038,₹9702/month,"Clay Court, Fitness Center, Hard Court, Ball Machine",6:00 AM - 8:00 AM,10-15,Girls,45,AITA Certified Coach,4.5,471,True,"{""instagram"": ""https://instagram.com/pro-performance-academy-jammu-1038"", ""facebook"": ""https://facebook.com/pro-performance-academy-jammu-1038"", ""youtube"": ""https://youtube.com/@pro-performance-academy-jammu-1038""}"
5bb1f7b2-fa52-4f3a-8dcb-7b5fcce9f917,Master Athletic Center Srinagar 1039,master-athletic-center-srinagar-1039,34.047873,74.809378,Professional Swimming coaching academy offering structured training programs.,Swimming,"Plot 298, Stadium Road, Srinagar",Srinagar,Jammu and Kashmir,+918362130145,"https://maps.google.com/?q=34.047873,74.809378",https://picsum.photos/seed/master-athletic-center-srinagar-1039/800/600,Lokesh Joshi,Swimming,11 Years,Master Athletic Center Srinagar 1039,₹8802/month,"Changing Rooms, Lifeguard Support, Kids Pool, Olympic Pool",6:00 PM - 8:00 PM,All Ages,Mixed,86,Swimming Federation Certified,4.9,355,False,"{""instagram"": ""https://instagram.com/master-athletic-center-srinagar-1039"", ""facebook"": ""https://facebook.com/master-athletic-center-srinagar-1039"", ""youtube"": ""https://youtube.com/@master-athletic-center-srinagar-1039""}"
f2931cc2-310e-45cb-8418-8fd187e3b29f,Royal Performance Academy Jammu 1040,royal-performance-academy-jammu-1040,32.717908,74.86382,Professional Athletics coaching academy offering structured training programs.,Athletics,"Plot 775, Sports Nagar, Jammu",Jammu,Jammu and Kashmir,+916840320062,"https://maps.google.com/?q=32.717908,74.86382",https://picsum.photos/seed/royal-performance-academy-jammu-1040/800/600,Sanjay Choudhary,Athletics,20 Years,Royal Performance Academy Jammu 1040,₹2475/month,"Recovery Zone, Gym, Running Track, Fitness Center",5:30 AM - 7:30 AM,10-15,Mixed,51,Athletics Federation Certified,4.7,210,True,"{""instagram"": ""https://instagram.com/royal-performance-academy-jammu-1040"", ""facebook"": ""https://facebook.com/royal-performance-academy-jammu-1040"", ""youtube"": ""https://youtube.com/@royal-performance-academy-jammu-1040""}"
91684876-1ed1-4b77-b724-4b9b0c1dd81f,Elite Sports Club Jammu 1041,elite-sports-club-jammu-1041,32.75256,74.835992,Professional Volleyball coaching academy offering structured training programs.,Volleyball,"Plot 329, Central Park, Jammu",Jammu,Jammu and Kashmir,+918303448460,"https://maps.google.com/?q=32.75256,74.835992",https://picsum.photos/seed/elite-sports-club-jammu-1041/800/600,Aman Singh,Volleyball,11 Years,Elite Sports Club Jammu 1041,₹4878/month,"Flood Lights, Fitness Center, Sand Court, Indoor Court",4:00 PM - 6:00 PM,All Ages,Boys,30,Volleyball Federation Certified,3.6,65,False,"{""instagram"": ""https://instagram.com/elite-sports-club-jammu-1041"", ""facebook"": ""https://facebook.com/elite-sports-club-jammu-1041"", ""youtube"": ""https://youtube.com/@elite-sports-club-jammu-1041""}"
af760d2e-a125-4470-bade-7a34b6972278,Dynamic Performance Academy Jammu 1042,dynamic-performance-academy-jammu-1042,32.736281,74.889234,Professional Cricket coaching academy offering structured training programs.,Cricket,"Plot 772, Victory Avenue, Jammu",Jammu,Jammu and Kashmir,+917439460113,"https://maps.google.com/?q=32.736281,74.889234",https://picsum.photos/seed/dynamic-performance-academy-jammu-1042/800/600,Mahesh Pillai,Cricket,22 Years,Dynamic Performance Academy Jammu 1042,₹3167/month,"Bowling Machine, Video Analysis, Turf Nets, Gym",5:00 PM - 7:00 PM,18+,Girls,49,"BCCI Level 1, BCCI Level 2",3.8,267,False,"{""instagram"": ""https://instagram.com/dynamic-performance-academy-jammu-1042"", ""facebook"": ""https://facebook.com/dynamic-performance-academy-jammu-1042"", ""youtube"": ""https://youtube.com/@dynamic-performance-academy-jammu-1042""}"
b9230e5f-5164-4a97-b235-ab820e8506e2,Future Athletic Center Srinagar 1043,future-athletic-center-srinagar-1043,34.061321,74.808887,Professional Volleyball coaching academy offering structured training programs.,Volleyball,"Plot 927, Ring Road, Srinagar",Srinagar,Jammu and Kashmir,+917499126233,"https://maps.google.com/?q=34.061321,74.808887",https://picsum.photos/seed/future-athletic-center-srinagar-1043/800/600,Deepak Verma,Volleyball,19 Years,Future Athletic Center Srinagar 1043,₹4556/month,"Fitness Center, Flood Lights, Sand Court, Indoor Court",6:00 PM - 8:00 PM,5-10,Mixed,50,Volleyball Federation Certified,4.2,374,False,"{""instagram"": ""https://instagram.com/future-athletic-center-srinagar-1043"", ""facebook"": ""https://facebook.com/future-athletic-center-srinagar-1043"", ""youtube"": ""https://youtube.com/@future-athletic-center-srinagar-1043""}"
e6120363-a560-449e-845b-da36b33fdbde,Champion Sports Institute Jammu 1044,champion-sports-institute-jammu-1044,32.763002,74.835047,Professional Tennis coaching academy offering structured training programs.,Tennis,"Plot 689, Main Road, Jammu",Jammu,Jammu and Kashmir,+918700801838,"https://maps.google.com/?q=32.763002,74.835047",https://picsum.photos/seed/champion-sports-institute-jammu-1044/800/600,Kiran Rao,Tennis,25 Years,Champion Sports Institute Jammu 1044,₹7915/month,"Fitness Center, Clay Court, Ball Machine, Hard Court",6:00 PM - 8:00 PM,All Ages,Boys,27,AITA Certified Coach,4.9,414,True,"{""instagram"": ""https://instagram.com/champion-sports-institute-jammu-1044"", ""facebook"": ""https://facebook.com/champion-sports-institute-jammu-1044"", ""youtube"": ""https://youtube.com/@champion-sports-institute-jammu-1044""}"
2e17531a-2bc1-46a6-9bb3-b6500ead9e88,Royal Training Center Srinagar 1045,royal-training-center-srinagar-1045,34.056366,74.845022,Professional Swimming coaching academy offering structured training programs.,Swimming,"Plot 847, Sports Complex, Srinagar",Srinagar,Jammu and Kashmir,+916181631339,"https://maps.google.com/?q=34.056366,74.845022",https://picsum.photos/seed/royal-training-center-srinagar-1045/800/600,Tarun Rao,Swimming,11 Years,Royal Training Center Srinagar 1045,₹5585/month,"Lifeguard Support, Changing Rooms, Olympic Pool, Kids Pool",5:30 AM - 7:30 AM,All Ages,Boys,71,Swimming Federation Certified,4.2,440,True,"{""instagram"": ""https://instagram.com/royal-training-center-srinagar-1045"", ""facebook"": ""https://facebook.com/royal-training-center-srinagar-1045"", ""youtube"": ""https://youtube.com/@royal-training-center-srinagar-1045""}"
c40fc069-d829-403e-8dae-4550166e40b6,Master Sports Institute Jammu 1046,master-sports-institute-jammu-1046,32.773985,74.824262,Professional Volleyball coaching academy offering structured training programs.,Volleyball,"Plot 382, Central Park, Jammu",Jammu,Jammu and Kashmir,+918184518613,"https://maps.google.com/?q=32.773985,74.824262",https://picsum.photos/seed/master-sports-institute-jammu-1046/800/600,Deepak Joshi,Volleyball,5 Years,Master Sports Institute Jammu 1046,₹3813/month,"Indoor Court, Fitness Center, Sand Court, Flood Lights",6:00 AM - 8:00 AM,18+,Boys,28,Volleyball Federation Certified,4.3,253,False,"{""instagram"": ""https://instagram.com/master-sports-institute-jammu-1046"", ""facebook"": ""https://facebook.com/master-sports-institute-jammu-1046"", ""youtube"": ""https://youtube.com/@master-sports-institute-jammu-1046""}"
2fa45fc2-ac8e-4f3d-a77b-3588acbc56f8,Dynamic Sports Institute Jammu 1047,dynamic-sports-institute-jammu-1047,32.710147,74.851897,Professional Swimming coaching academy offering structured training programs.,Swimming,"Plot 756, Athletic Colony, Jammu",Jammu,Jammu and Kashmir,+916344945288,"https://maps.google.com/?q=32.710147,74.851897",https://picsum.photos/seed/dynamic-sports-institute-jammu-1047/800/600,Ajay Kumar,Swimming,21 Years,Dynamic Sports Institute Jammu 1047,₹9539/month,"Lifeguard Support, Olympic Pool, Changing Rooms, Kids Pool",5:00 PM - 7:00 PM,18+,Girls,83,Swimming Federation Certified,4.7,404,True,"{""instagram"": ""https://instagram.com/dynamic-sports-institute-jammu-1047"", ""facebook"": ""https://facebook.com/dynamic-sports-institute-jammu-1047"", ""youtube"": ""https://youtube.com/@dynamic-sports-institute-jammu-1047""}"
f4e65bf8-808b-4aa6-affe-0d7556bbf2be,Legend Sports Academy Jammu 1048,legend-sports-academy-jammu-1048,32.692907,74.823569,Professional Cricket coaching academy offering structured training programs.,Cricket,"Plot 839, Central Park, Jammu",Jammu,Jammu and Kashmir,+916610170676,"https://maps.google.com/?q=32.692907,74.823569",https://picsum.photos/seed/legend-sports-academy-jammu-1048/800/600,Harish Choudhary,Cricket,9 Years,Legend Sports Academy Jammu 1048,₹7505/month,"Turf Nets, Gym, Practice Pitch, Video Analysis",5:30 AM - 7:30 AM,10-15,Girls,28,"BCCI Level 1, BCCI Level 2",3.8,263,False,"{""instagram"": ""https://instagram.com/legend-sports-academy-jammu-1048"", ""facebook"": ""https://facebook.com/legend-sports-academy-jammu-1048"", ""youtube"": ""https://youtube.com/@legend-sports-academy-jammu-1048""}"
43d755f6-8220-4830-9a05-ad8453832f8d,Legend Performance Academy Srinagar 1049,legend-performance-academy-srinagar-1049,34.107869,74.752232,Professional Cricket coaching academy offering structured training programs.,Cricket,"Plot 443, Champions Street, Srinagar",Srinagar,Jammu and Kashmir,+918239295951,"https://maps.google.com/?q=34.107869,74.752232",https://picsum.photos/seed/legend-performance-academy-srinagar-1049/800/600,Rohit Choudhary,Cricket,16 Years,Legend Performance Academy Srinagar 1049,₹7187/month,"Gym, Bowling Machine, Turf Nets, Practice Pitch",5:30 AM - 7:30 AM,All Ages,Boys,24,"BCCI Level 1, BCCI Level 2",4.9,386,True,"{""instagram"": ""https://instagram.com/legend-performance-academy-srinagar-1049"", ""facebook"": ""https://facebook.com/legend-performance-academy-srinagar-1049"", ""youtube"": ""https://youtube.com/@legend-performance-academy-srinagar-1049""}"
c3db657f-1c51-48ba-9ff8-96c9718b93ad,National Sports Club Jammu 1050,national-sports-club-jammu-1050,32.69658,74.895538,Professional Tennis coaching academy offering structured training programs.,Tennis,"Plot 426, Main Road, Jammu",Jammu,Jammu and Kashmir,+917827515388,"https://maps.google.com/?q=32.69658,74.895538",https://picsum.photos/seed/national-sports-club-jammu-1050/800/600,Harish Kumar,Tennis,21 Years,National Sports Club Jammu 1050,₹11649/month,"Fitness Center, Ball Machine, Hard Court, Clay Court",6:00 AM - 8:00 AM,5-10,Boys,84,AITA Certified Coach,3.7,188,True,"{""instagram"": ""https://instagram.com/national-sports-club-jammu-1050"", ""facebook"": ""https://facebook.com/national-sports-club-jammu-1050"", ""youtube"": ""https://youtube.com/@national-sports-club-jammu-1050""}"
52eb68e1-259a-4e78-87c9-88216deb4ed7,Champion Sports Institute Leh 1051,champion-sports-institute-leh-1051,34.125966,77.597312,Professional Basketball coaching academy offering structured training programs.,Basketball,"Plot 527, Stadium Road, Leh",Leh,Ladakh,+917561843676,"https://maps.google.com/?q=34.125966,77.597312",https://picsum.photos/seed/champion-sports-institute-leh-1051/800/600,Arjun Verma,Basketball,12 Years,Champion Sports Institute Leh 1051,₹6760/month,"Locker Rooms, Outdoor Court, Fitness Center, Indoor Court",6:00 AM - 8:00 AM,10-15,Girls,96,Basketball Federation Certified,4.9,276,True,"{""instagram"": ""https://instagram.com/champion-sports-institute-leh-1051"", ""facebook"": ""https://facebook.com/champion-sports-institute-leh-1051"", ""youtube"": ""https://youtube.com/@champion-sports-institute-leh-1051""}"
a34ca869-c588-4915-bbd2-aa25c41b20d7,Master Sports Club Leh 1052,master-sports-club-leh-1052,34.11107,77.602195,Professional Badminton coaching academy offering structured training programs.,Badminton,"Plot 723, Sports Nagar, Leh",Leh,Ladakh,+919979942612,"https://maps.google.com/?q=34.11107,77.602195",https://picsum.photos/seed/master-sports-club-leh-1052/800/600,Harish Choudhary,Badminton,16 Years,Master Sports Club Leh 1052,₹6343/month,"Shuttle Supply, Indoor Courts, Wooden Courts, Fitness Center",6:00 PM - 8:00 PM,All Ages,Boys,33,BAI Certified Coach,4.8,494,True,"{""instagram"": ""https://instagram.com/master-sports-club-leh-1052"", ""facebook"": ""https://facebook.com/master-sports-club-leh-1052"", ""youtube"": ""https://youtube.com/@master-sports-club-leh-1052""}"
8726f44e-c3f2-4b46-843a-f734432693c2,Champion Training Center Leh 1053,champion-training-center-leh-1053,34.120001,77.531478,Professional Swimming coaching academy offering structured training programs.,Swimming,"Plot 353, Sports Complex, Leh",Leh,Ladakh,+919977319417,"https://maps.google.com/?q=34.120001,77.531478",https://picsum.photos/seed/champion-training-center-leh-1053/800/600,Lokesh Pillai,Swimming,11 Years,Champion Training Center Leh 1053,₹7340/month,"Olympic Pool, Kids Pool, Lifeguard Support, Changing Rooms",5:00 PM - 7:00 PM,5-10,Boys,87,Swimming Federation Certified,4.5,465,False,"{""instagram"": ""https://instagram.com/champion-training-center-leh-1053"", ""facebook"": ""https://facebook.com/champion-training-center-leh-1053"", ""youtube"": ""https://youtube.com/@champion-training-center-leh-1053""}"
6af5482e-ca54-45b2-8393-418bfaa9b420,Royal Sports Club Leh 1054,royal-sports-club-leh-1054,34.165442,77.618579,Professional Athletics coaching academy offering structured training programs.,Athletics,"Plot 333, Sports Hub, Leh",Leh,Ladakh,+916428512920,"https://maps.google.com/?q=34.165442,77.618579",https://picsum.photos/seed/royal-sports-club-leh-1054/800/600,Naveen Choudhary,Athletics,15 Years,Royal Sports Club Leh 1054,₹3138/month,"Gym, Running Track, Recovery Zone, Fitness Center",6:00 PM - 8:00 PM,15-18,Mixed,55,Athletics Federation Certified,3.8,441,False,"{""instagram"": ""https://instagram.com/royal-sports-club-leh-1054"", ""facebook"": ""https://facebook.com/royal-sports-club-leh-1054"", ""youtube"": ""https://youtube.com/@royal-sports-club-leh-1054""}"
5273586d-f268-44fd-a80c-0adbfc6e720c,Prime Athletic Center Leh 1055,prime-athletic-center-leh-1055,34.121596,77.562068,Professional Basketball coaching academy offering structured training programs.,Basketball,"Plot 331, Ring Road, Leh",Leh,Ladakh,+916553988694,"https://maps.google.com/?q=34.121596,77.562068",https://picsum.photos/seed/prime-athletic-center-leh-1055/800/600,Naveen Mishra,Basketball,17 Years,Prime Athletic Center Leh 1055,₹5449/month,"Indoor Court, Locker Rooms, Fitness Center, Outdoor Court",5:00 PM - 7:00 PM,5-10,Mixed,35,Basketball Federation Certified,4.4,315,False,"{""instagram"": ""https://instagram.com/prime-athletic-center-leh-1055"", ""facebook"": ""https://facebook.com/prime-athletic-center-leh-1055"", ""youtube"": ""https://youtube.com/@prime-athletic-center-leh-1055""}"
b557729b-466b-4633-a994-39a09649e7c3,Star Sports Institute Leh 1056,star-sports-institute-leh-1056,34.197801,77.611465,Professional Swimming coaching academy offering structured training programs.,Swimming,"Plot 378, Sports Complex, Leh",Leh,Ladakh,+918710544095,"https://maps.google.com/?q=34.197801,77.611465",https://picsum.photos/seed/star-sports-institute-leh-1056/800/600,Ravi Verma,Swimming,18 Years,Star Sports Institute Leh 1056,₹8339/month,"Lifeguard Support, Changing Rooms, Olympic Pool, Kids Pool",5:00 PM - 7:00 PM,10-15,Boys,83,Swimming Federation Certified,3.9,68,True,"{""instagram"": ""https://instagram.com/star-sports-institute-leh-1056"", ""facebook"": ""https://facebook.com/star-sports-institute-leh-1056"", ""youtube"": ""https://youtube.com/@star-sports-institute-leh-1056""}"
294ea2d9-2b7b-4656-9bdb-2c9f0f0ff985,Master Sports Academy Leh 1057,master-sports-academy-leh-1057,34.140815,77.625347,Professional Athletics coaching academy offering structured training programs.,Athletics,"Plot 995, Ring Road, Leh",Leh,Ladakh,+916685112751,"https://maps.google.com/?q=34.140815,77.625347",https://picsum.photos/seed/master-sports-academy-leh-1057/800/600,Ajay Patel,Athletics,22 Years,Master Sports Academy Leh 1057,₹3351/month,"Recovery Zone, Gym, Running Track, Fitness Center",6:00 PM - 8:00 PM,10-15,Boys,90,Athletics Federation Certified,4.6,460,True,"{""instagram"": ""https://instagram.com/master-sports-academy-leh-1057"", ""facebook"": ""https://facebook.com/master-sports-academy-leh-1057"", ""youtube"": ""https://youtube.com/@master-sports-academy-leh-1057""}"
1eff3447-00d9-4bf3-a1ea-ca656a3c04b5,Dynamic Sports Institute Leh 1058,dynamic-sports-institute-leh-1058,34.116354,77.623611,Professional Cricket coaching academy offering structured training programs.,Cricket,"Plot 24, Sports Hub, Leh",Leh,Ladakh,+918679737155,"https://maps.google.com/?q=34.116354,77.623611",https://picsum.photos/seed/dynamic-sports-institute-leh-1058/800/600,Aman Patel,Cricket,10 Years,Dynamic Sports Institute Leh 1058,₹4519/month,"Bowling Machine, Turf Nets, Gym, Video Analysis",4:00 PM - 6:00 PM,10-15,Boys,42,"BCCI Level 1, BCCI Level 2",4.3,87,False,"{""instagram"": ""https://instagram.com/dynamic-sports-institute-leh-1058"", ""facebook"": ""https://facebook.com/dynamic-sports-institute-leh-1058"", ""youtube"": ""https://youtube.com/@dynamic-sports-institute-leh-1058""}"
b187b937-9abd-4e9b-b842-b0c6164ff363,Elite Sports Institute Leh 1059,elite-sports-institute-leh-1059,34.136334,77.601493,Professional Basketball coaching academy offering structured training programs.,Basketball,"Plot 550, Champions Street, Leh",Leh,Ladakh,+916416437066,"https://maps.google.com/?q=34.136334,77.601493",https://picsum.photos/seed/elite-sports-institute-leh-1059/800/600,Rahul Nair,Basketball,19 Years,Elite Sports Institute Leh 1059,₹6935/month,"Locker Rooms, Fitness Center, Indoor Court, Outdoor Court",6:00 PM - 8:00 PM,10-15,Boys,41,Basketball Federation Certified,4.3,193,True,"{""instagram"": ""https://instagram.com/elite-sports-institute-leh-1059"", ""facebook"": ""https://facebook.com/elite-sports-institute-leh-1059"", ""youtube"": ""https://youtube.com/@elite-sports-institute-leh-1059""}"
fe61bbc0-a107-4469-be14-c3e872f1aecb,Master Sports Institute Leh 1060,master-sports-institute-leh-1060,34.159384,77.611101,Professional Swimming coaching academy offering structured training programs.,Swimming,"Plot 160, Central Park, Leh",Leh,Ladakh,+918379737334,"https://maps.google.com/?q=34.159384,77.611101",https://picsum.photos/seed/master-sports-institute-leh-1060/800/600,Kiran Patel,Swimming,24 Years,Master Sports Institute Leh 1060,₹7734/month,"Lifeguard Support, Olympic Pool, Changing Rooms, Kids Pool",6:00 PM - 8:00 PM,5-10,Mixed,41,Swimming Federation Certified,4.9,393,True,"{""instagram"": ""https://instagram.com/master-sports-institute-leh-1060"", ""facebook"": ""https://facebook.com/master-sports-institute-leh-1060"", ""youtube"": ""https://youtube.com/@master-sports-institute-leh-1060""}"
47e01232-8b19-4cf3-8535-b389f3995ac9,Elite Sports Academy Leh 1061,elite-sports-academy-leh-1061,34.168444,77.57619,Professional Athletics coaching academy offering structured training programs.,Athletics,"Plot 291, Stadium Road, Leh",Leh,Ladakh,+917732457989,"https://maps.google.com/?q=34.168444,77.57619",https://picsum.photos/seed/elite-sports-academy-leh-1061/800/600,Tarun Choudhary,Athletics,9 Years,Elite Sports Academy Leh 1061,₹4113/month,"Recovery Zone, Running Track, Fitness Center, Gym",5:30 AM - 7:30 AM,18+,Girls,69,Athletics Federation Certified,4.4,376,True,"{""instagram"": ""https://instagram.com/elite-sports-academy-leh-1061"", ""facebook"": ""https://facebook.com/elite-sports-academy-leh-1061"", ""youtube"": ""https://youtube.com/@elite-sports-academy-leh-1061""}"
09041ee6-0c28-45b6-8bba-54b730aa40b9,Victory Sports Club Leh 1062,victory-sports-club-leh-1062,34.128235,77.623611,Professional Badminton coaching academy offering structured training programs.,Badminton,"Plot 107, Champions Street, Leh",Leh,Ladakh,+918358823582,"https://maps.google.com/?q=34.128235,77.623611",https://picsum.photos/seed/victory-sports-club-leh-1062/800/600,Arjun Patel,Badminton,23 Years,Victory Sports Club Leh 1062,₹4357/month,"Shuttle Supply, Indoor Courts, Fitness Center, Wooden Courts",6:00 AM - 8:00 AM,5-10,Boys,33,BAI Certified Coach,4.3,36,True,"{""instagram"": ""https://instagram.com/victory-sports-club-leh-1062"", ""facebook"": ""https://facebook.com/victory-sports-club-leh-1062"", ""youtube"": ""https://youtube.com/@victory-sports-club-leh-1062""}"
62ed22e0-059f-4445-a950-56dcbf02e3a1,Royal Training Center Leh 1063,royal-training-center-leh-1063,34.196829,77.60261,Professional Cricket coaching academy offering structured training programs.,Cricket,"Plot 996, Ring Road, Leh",Leh,Ladakh,+917691265563,"https://maps.google.com/?q=34.196829,77.60261",https://picsum.photos/seed/royal-training-center-leh-1063/800/600,Ravi Nair,Cricket,4 Years,Royal Training Center Leh 1063,₹6102/month,"Video Analysis, Practice Pitch, Turf Nets, Bowling Machine",6:00 PM - 8:00 PM,18+,Girls,76,"BCCI Level 1, BCCI Level 2",4.3,139,True,"{""instagram"": ""https://instagram.com/royal-training-center-leh-1063"", ""facebook"": ""https://facebook.com/royal-training-center-leh-1063"", ""youtube"": ""https://youtube.com/@royal-training-center-leh-1063""}"
5c6664e1-5aca-49b3-8cd8-32387d35bb89,Elite Performance Academy Leh 1064,elite-performance-academy-leh-1064,34.151207,77.599502,Professional Badminton coaching academy offering structured training programs.,Badminton,"Plot 720, Stadium Road, Leh",Leh,Ladakh,+918906454645,"https://maps.google.com/?q=34.151207,77.599502",https://picsum.photos/seed/elite-performance-academy-leh-1064/800/600,Harish Kumar,Badminton,21 Years,Elite Performance Academy Leh 1064,₹6058/month,"Shuttle Supply, Fitness Center, Wooden Courts, Indoor Courts",6:00 AM - 8:00 AM,10-15,Mixed,100,BAI Certified Coach,3.9,162,False,"{""instagram"": ""https://instagram.com/elite-performance-academy-leh-1064"", ""facebook"": ""https://facebook.com/elite-performance-academy-leh-1064"", ""youtube"": ""https://youtube.com/@elite-performance-academy-leh-1064""}"
1c450e53-5fff-4e12-9a31-17e975fa0a2e,Champion Performance Academy Leh 1065,champion-performance-academy-leh-1065,34.12048,77.55659,Professional Swimming coaching academy offering structured training programs.,Swimming,"Plot 947, Victory Avenue, Leh",Leh,Ladakh,+916517310261,"https://maps.google.com/?q=34.12048,77.55659",https://picsum.photos/seed/champion-performance-academy-leh-1065/800/600,Mahesh Joshi,Swimming,17 Years,Champion Performance Academy Leh 1065,₹8813/month,"Lifeguard Support, Kids Pool, Changing Rooms, Olympic Pool",5:00 PM - 7:00 PM,5-10,Boys,29,Swimming Federation Certified,3.6,97,True,"{""instagram"": ""https://instagram.com/champion-performance-academy-leh-1065"", ""facebook"": ""https://facebook.com/champion-performance-academy-leh-1065"", ""youtube"": ""https://youtube.com/@champion-performance-academy-leh-1065""}"
9e1b5e45-00a3-4ae0-a22e-f87cab5ccbea,Legend Sports Academy Leh 1066,legend-sports-academy-leh-1066,34.14894,77.527666,Professional Volleyball coaching academy offering structured training programs.,Volleyball,"Plot 131, Sports Complex, Leh",Leh,Ladakh,+917797639016,"https://maps.google.com/?q=34.14894,77.527666",https://picsum.photos/seed/legend-sports-academy-leh-1066/800/600,Aman Yadav,Volleyball,20 Years,Legend Sports Academy Leh 1066,₹4869/month,"Indoor Court, Fitness Center, Flood Lights, Sand Court",5:00 PM - 7:00 PM,10-15,Mixed,55,Volleyball Federation Certified,4.1,145,True,"{""instagram"": ""https://instagram.com/legend-sports-academy-leh-1066"", ""facebook"": ""https://facebook.com/legend-sports-academy-leh-1066"", ""youtube"": ""https://youtube.com/@legend-sports-academy-leh-1066""}"
dc7876b7-570b-47e5-a202-872c400ef815,Elite Sports Club Leh 1067,elite-sports-club-leh-1067,34.190666,77.61447,Professional Tennis coaching academy offering structured training programs.,Tennis,"Plot 332, Central Park, Leh",Leh,Ladakh,+916947389549,"https://maps.google.com/?q=34.190666,77.61447",https://picsum.photos/seed/elite-sports-club-leh-1067/800/600,Vikram Patel,Tennis,4 Years,Elite Sports Club Leh 1067,₹6530/month,"Fitness Center, Hard Court, Clay Court, Ball Machine",6:00 AM - 8:00 AM,5-10,Boys,98,AITA Certified Coach,4.5,16,False,"{""instagram"": ""https://instagram.com/elite-sports-club-leh-1067"", ""facebook"": ""https://facebook.com/elite-sports-club-leh-1067"", ""youtube"": ""https://youtube.com/@elite-sports-club-leh-1067""}"
35f6cec5-1982-42be-b73a-ec2f72c7ac53,Victory Sports Institute Leh 1068,victory-sports-institute-leh-1068,34.114149,77.593294,Professional Tennis coaching academy offering structured training programs.,Tennis,"Plot 148, Champions Street, Leh",Leh,Ladakh,+917680195222,"https://maps.google.com/?q=34.114149,77.593294",https://picsum.photos/seed/victory-sports-institute-leh-1068/800/600,Sanjay Pillai,Tennis,17 Years,Victory Sports Institute Leh 1068,₹5775/month,"Ball Machine, Hard Court, Clay Court, Fitness Center",6:00 PM - 8:00 PM,15-18,Girls,41,AITA Certified Coach,3.8,492,False,"{""instagram"": ""https://instagram.com/victory-sports-institute-leh-1068"", ""facebook"": ""https://facebook.com/victory-sports-institute-leh-1068"", ""youtube"": ""https://youtube.com/@victory-sports-institute-leh-1068""}"
823285c6-d4c0-4612-a2b0-2a05ffd51e05,Star Athletic Center Leh 1069,star-athletic-center-leh-1069,34.127251,77.603978,Professional Basketball coaching academy offering structured training programs.,Basketball,"Plot 385, Ring Road, Leh",Leh,Ladakh,+919593997349,"https://maps.google.com/?q=34.127251,77.603978",https://picsum.photos/seed/star-athletic-center-leh-1069/800/600,Suresh Patel,Basketball,8 Years,Star Athletic Center Leh 1069,₹5069/month,"Locker Rooms, Indoor Court, Outdoor Court, Fitness Center",5:00 PM - 7:00 PM,10-15,Mixed,47,Basketball Federation Certified,5.0,55,True,"{""instagram"": ""https://instagram.com/star-athletic-center-leh-1069"", ""facebook"": ""https://facebook.com/star-athletic-center-leh-1069"", ""youtube"": ""https://youtube.com/@star-athletic-center-leh-1069""}"
95eb0105-4fe0-4fa6-9d02-7be8e2cdd601,Star Athletic Center Leh 1070,star-athletic-center-leh-1070,34.177859,77.605924,Professional Athletics coaching academy offering structured training programs.,Athletics,"Plot 314, Ring Road, Leh",Leh,Ladakh,+917790554100,"https://maps.google.com/?q=34.177859,77.605924",https://picsum.photos/seed/star-athletic-center-leh-1070/800/600,Prakash Gupta,Athletics,8 Years,Star Athletic Center Leh 1070,₹2272/month,"Running Track, Recovery Zone, Fitness Center, Gym",6:00 PM - 8:00 PM,15-18,Boys,78,Athletics Federation Certified,3.7,59,False,"{""instagram"": ""https://instagram.com/star-athletic-center-leh-1070"", ""facebook"": ""https://facebook.com/star-athletic-center-leh-1070"", ""youtube"": ""https://youtube.com/@star-athletic-center-leh-1070""}"
144f5382-fe63-4d64-981e-ee473851a237,Victory Sports Club Leh 1071,victory-sports-club-leh-1071,34.201639,77.531246,Professional Cricket coaching academy offering structured training programs.,Cricket,"Plot 220, Central Park, Leh",Leh,Ladakh,+918705183598,"https://maps.google.com/?q=34.201639,77.531246",https://picsum.photos/seed/victory-sports-club-leh-1071/800/600,Mahesh Mishra,Cricket,23 Years,Victory Sports Club Leh 1071,₹6759/month,"Practice Pitch, Bowling Machine, Turf Nets, Video Analysis",6:00 PM - 8:00 PM,All Ages,Girls,85,"BCCI Level 1, BCCI Level 2",4.7,229,True,"{""instagram"": ""https://instagram.com/victory-sports-club-leh-1071"", ""facebook"": ""https://facebook.com/victory-sports-club-leh-1071"", ""youtube"": ""https://youtube.com/@victory-sports-club-leh-1071""}"
b17a8b62-e7d0-42d1-825c-801626fe8b3c,Elite Training Center Leh 1072,elite-training-center-leh-1072,34.173663,77.572256,Professional Basketball coaching academy offering structured training programs.,Basketball,"Plot 496, Central Park, Leh",Leh,Ladakh,+918359721428,"https://maps.google.com/?q=34.173663,77.572256",https://picsum.photos/seed/elite-training-center-leh-1072/800/600,Sanjay Gupta,Basketball,11 Years,Elite Training Center Leh 1072,₹5583/month,"Locker Rooms, Indoor Court, Outdoor Court, Fitness Center",5:00 PM - 7:00 PM,15-18,Boys,94,Basketball Federation Certified,4.9,19,False,"{""instagram"": ""https://instagram.com/elite-training-center-leh-1072"", ""facebook"": ""https://facebook.com/elite-training-center-leh-1072"", ""youtube"": ""https://youtube.com/@elite-training-center-leh-1072""}"
69df867f-564f-4b3a-9219-fdbf7d06a538,Dynamic Performance Academy Leh 1073,dynamic-performance-academy-leh-1073,34.138948,77.556931,Professional Cricket coaching academy offering structured training programs.,Cricket,"Plot 93, Sports Hub, Leh",Leh,Ladakh,+916458874741,"https://maps.google.com/?q=34.138948,77.556931",https://picsum.photos/seed/dynamic-performance-academy-leh-1073/800/600,Arjun Singh,Cricket,24 Years,Dynamic Performance Academy Leh 1073,₹6923/month,"Practice Pitch, Video Analysis, Bowling Machine, Gym",5:00 PM - 7:00 PM,All Ages,Girls,36,"BCCI Level 1, BCCI Level 2",3.9,140,False,"{""instagram"": ""https://instagram.com/dynamic-performance-academy-leh-1073"", ""facebook"": ""https://facebook.com/dynamic-performance-academy-leh-1073"", ""youtube"": ""https://youtube.com/@dynamic-performance-academy-leh-1073""}"
1647d056-e271-405a-b688-ef744c6d44c7,Elite Sports Academy Leh 1074,elite-sports-academy-leh-1074,34.109946,77.533733,Professional Football coaching academy offering structured training programs.,Football,"Plot 540, Ring Road, Leh",Leh,Ladakh,+919969770496,"https://maps.google.com/?q=34.109946,77.533733",https://picsum.photos/seed/elite-sports-academy-leh-1074/800/600,Tarun Joshi,Football,10 Years,Elite Sports Academy Leh 1074,₹4915/month,"Locker Rooms, Training Cones, Fitness Center, Natural Grass Ground",4:00 PM - 6:00 PM,18+,Boys,99,"AIFF D License, AIFF C License",3.7,220,False,"{""instagram"": ""https://instagram.com/elite-sports-academy-leh-1074"", ""facebook"": ""https://facebook.com/elite-sports-academy-leh-1074"", ""youtube"": ""https://youtube.com/@elite-sports-academy-leh-1074""}"
9f58f7b1-c8e0-4afb-a61c-3d1e1137eaa5,Dynamic Sports Academy Leh 1075,dynamic-sports-academy-leh-1075,34.199235,77.542993,Professional Football coaching academy offering structured training programs.,Football,"Plot 779, Ring Road, Leh",Leh,Ladakh,+918162093417,"https://maps.google.com/?q=34.199235,77.542993",https://picsum.photos/seed/dynamic-sports-academy-leh-1075/800/600,Deepak Joshi,Football,24 Years,Dynamic Sports Academy Leh 1075,₹4619/month,"Fitness Center, Natural Grass Ground, Locker Rooms, Flood Lights",6:00 AM - 8:00 AM,10-15,Boys,33,"AIFF D License, AIFF C License",3.7,497,True,"{""instagram"": ""https://instagram.com/dynamic-sports-academy-leh-1075"", ""facebook"": ""https://facebook.com/dynamic-sports-academy-leh-1075"", ""youtube"": ""https://youtube.com/@dynamic-sports-academy-leh-1075""}"
7be756e7-f8ec-438f-8b7f-cb6c90b6fe1f,Pro Sports Academy Leh 1076,pro-sports-academy-leh-1076,34.115292,77.597436,Professional Volleyball coaching academy offering structured training programs.,Volleyball,"Plot 943, Sports Nagar, Leh",Leh,Ladakh,+916242832713,"https://maps.google.com/?q=34.115292,77.597436",https://picsum.photos/seed/pro-sports-academy-leh-1076/800/600,Vikram Gupta,Volleyball,18 Years,Pro Sports Academy Leh 1076,₹2203/month,"Indoor Court, Fitness Center, Sand Court, Flood Lights",6:00 PM - 8:00 PM,15-18,Boys,25,Volleyball Federation Certified,4.5,362,False,"{""instagram"": ""https://instagram.com/pro-sports-academy-leh-1076"", ""facebook"": ""https://facebook.com/pro-sports-academy-leh-1076"", ""youtube"": ""https://youtube.com/@pro-sports-academy-leh-1076""}"
987ca791-0ec8-44cd-b86d-5f3c126a9414,Future Sports Institute Leh 1077,future-sports-institute-leh-1077,34.107531,77.576856,Professional Volleyball coaching academy offering structured training programs.,Volleyball,"Plot 177, Victory Avenue, Leh",Leh,Ladakh,+918881586839,"https://maps.google.com/?q=34.107531,77.576856",https://picsum.photos/seed/future-sports-institute-leh-1077/800/600,Ravi Sharma,Volleyball,8 Years,Future Sports Institute Leh 1077,₹2730/month,"Flood Lights, Sand Court, Fitness Center, Indoor Court",4:00 PM - 6:00 PM,15-18,Boys,94,Volleyball Federation Certified,3.8,265,True,"{""instagram"": ""https://instagram.com/future-sports-institute-leh-1077"", ""facebook"": ""https://facebook.com/future-sports-institute-leh-1077"", ""youtube"": ""https://youtube.com/@future-sports-institute-leh-1077""}"
a9f1373a-4f23-4be2-a109-5b573be10677,Dynamic Sports Academy Leh 1078,dynamic-sports-academy-leh-1078,34.153605,77.61475,Professional Tennis coaching academy offering structured training programs.,Tennis,"Plot 419, Athletic Colony, Leh",Leh,Ladakh,+917935950037,"https://maps.google.com/?q=34.153605,77.61475",https://picsum.photos/seed/dynamic-sports-academy-leh-1078/800/600,Ravi Joshi,Tennis,18 Years,Dynamic Sports Academy Leh 1078,₹11455/month,"Clay Court, Ball Machine, Hard Court, Fitness Center",6:00 PM - 8:00 PM,15-18,Girls,84,AITA Certified Coach,4.8,279,False,"{""instagram"": ""https://instagram.com/dynamic-sports-academy-leh-1078"", ""facebook"": ""https://facebook.com/dynamic-sports-academy-leh-1078"", ""youtube"": ""https://youtube.com/@dynamic-sports-academy-leh-1078""}"
af72599a-9163-4261-afd5-aa69f85874ba,Victory Sports Academy Leh 1079,victory-sports-academy-leh-1079,34.178377,77.55708,Professional Badminton coaching academy offering structured training programs.,Badminton,"Plot 840, Victory Avenue, Leh",Leh,Ladakh,+918355218201,"https://maps.google.com/?q=34.178377,77.55708",https://picsum.photos/seed/victory-sports-academy-leh-1079/800/600,Lokesh Nair,Badminton,19 Years,Victory Sports Academy Leh 1079,₹5151/month,"Shuttle Supply, Fitness Center, Wooden Courts, Indoor Courts",4:00 PM - 6:00 PM,15-18,Boys,66,BAI Certified Coach,4.7,437,True,"{""instagram"": ""https://instagram.com/victory-sports-academy-leh-1079"", ""facebook"": ""https://facebook.com/victory-sports-academy-leh-1079"", ""youtube"": ""https://youtube.com/@victory-sports-academy-leh-1079""}"
210651ef-e42b-429b-aedb-a6e7e34be154,Pro Training Center Leh 1080,pro-training-center-leh-1080,34.134842,77.552489,Professional Athletics coaching academy offering structured training programs.,Athletics,"Plot 56, Stadium Road, Leh",Leh,Ladakh,+919135641411,"https://maps.google.com/?q=34.134842,77.552489",https://picsum.photos/seed/pro-training-center-leh-1080/800/600,Harish Joshi,Athletics,6 Years,Pro Training Center Leh 1080,₹3091/month,"Running Track, Fitness Center, Recovery Zone, Gym",4:00 PM - 6:00 PM,5-10,Boys,66,Athletics Federation Certified,3.7,123,False,"{""instagram"": ""https://instagram.com/pro-training-center-leh-1080"", ""facebook"": ""https://facebook.com/pro-training-center-leh-1080"", ""youtube"": ""https://youtube.com/@pro-training-center-leh-1080""}"
76776c3f-0894-4ca4-9893-f7d192d02047,Legend Sports Academy Leh 1081,legend-sports-academy-leh-1081,34.150622,77.6182,Professional Volleyball coaching academy offering structured training programs.,Volleyball,"Plot 328, Victory Avenue, Leh",Leh,Ladakh,+917890906034,"https://maps.google.com/?q=34.150622,77.6182",https://picsum.photos/seed/legend-sports-academy-leh-1081/800/600,Deepak Nair,Volleyball,4 Years,Legend Sports Academy Leh 1081,₹2648/month,"Indoor Court, Sand Court, Fitness Center, Flood Lights",6:00 AM - 8:00 AM,18+,Boys,21,Volleyball Federation Certified,4.8,81,True,"{""instagram"": ""https://instagram.com/legend-sports-academy-leh-1081"", ""facebook"": ""https://facebook.com/legend-sports-academy-leh-1081"", ""youtube"": ""https://youtube.com/@legend-sports-academy-leh-1081""}"
ed9a8714-9ddd-44ab-8cd5-79a290263bfe,Star Sports Academy Leh 1082,star-sports-academy-leh-1082,34.160594,77.544933,Professional Swimming coaching academy offering structured training programs.,Swimming,"Plot 595, Sports Complex, Leh",Leh,Ladakh,+918665734722,"https://maps.google.com/?q=34.160594,77.544933",https://picsum.photos/seed/star-sports-academy-leh-1082/800/600,Ravi Nair,Swimming,10 Years,Star Sports Academy Leh 1082,₹6209/month,"Changing Rooms, Olympic Pool, Lifeguard Support, Kids Pool",5:30 AM - 7:30 AM,18+,Mixed,91,Swimming Federation Certified,4.2,407,True,"{""instagram"": ""https://instagram.com/star-sports-academy-leh-1082"", ""facebook"": ""https://facebook.com/star-sports-academy-leh-1082"", ""youtube"": ""https://youtube.com/@star-sports-academy-leh-1082""}"
db11517d-1053-4d9e-bcab-949959363553,Dynamic Athletic Center Leh 1083,dynamic-athletic-center-leh-1083,34.190648,77.565037,Professional Athletics coaching academy offering structured training programs.,Athletics,"Plot 976, Champions Street, Leh",Leh,Ladakh,+918983651732,"https://maps.google.com/?q=34.190648,77.565037",https://picsum.photos/seed/dynamic-athletic-center-leh-1083/800/600,Aman Rao,Athletics,15 Years,Dynamic Athletic Center Leh 1083,₹2093/month,"Running Track, Gym, Fitness Center, Recovery Zone",6:00 PM - 8:00 PM,15-18,Mixed,55,Athletics Federation Certified,4.4,333,True,"{""instagram"": ""https://instagram.com/dynamic-athletic-center-leh-1083"", ""facebook"": ""https://facebook.com/dynamic-athletic-center-leh-1083"", ""youtube"": ""https://youtube.com/@dynamic-athletic-center-leh-1083""}"
0d6f0442-d953-4311-8a70-7020cc8a2315,Dynamic Athletic Center Leh 1084,dynamic-athletic-center-leh-1084,34.177002,77.620703,Professional Cricket coaching academy offering structured training programs.,Cricket,"Plot 830, Sports Complex, Leh",Leh,Ladakh,+917491485659,"https://maps.google.com/?q=34.177002,77.620703",https://picsum.photos/seed/dynamic-athletic-center-leh-1084/800/600,Mahesh Kumar,Cricket,19 Years,Dynamic Athletic Center Leh 1084,₹7281/month,"Video Analysis, Practice Pitch, Turf Nets, Gym",6:00 PM - 8:00 PM,15-18,Mixed,50,"BCCI Level 1, BCCI Level 2",3.8,117,False,"{""instagram"": ""https://instagram.com/dynamic-athletic-center-leh-1084"", ""facebook"": ""https://facebook.com/dynamic-athletic-center-leh-1084"", ""youtube"": ""https://youtube.com/@dynamic-athletic-center-leh-1084""}"
54d9ff5b-dbb4-489d-8919-084a38f93dd1,Prime Sports Institute Leh 1085,prime-sports-institute-leh-1085,34.105909,77.603081,Professional Badminton coaching academy offering structured training programs.,Badminton,"Plot 46, Sports Complex, Leh",Leh,Ladakh,+919061902077,"https://maps.google.com/?q=34.105909,77.603081",https://picsum.photos/seed/prime-sports-institute-leh-1085/800/600,Vikram Kumar,Badminton,8 Years,Prime Sports Institute Leh 1085,₹4241/month,"Wooden Courts, Indoor Courts, Fitness Center, Shuttle Supply",6:00 AM - 8:00 AM,All Ages,Girls,72,BAI Certified Coach,4.6,475,False,"{""instagram"": ""https://instagram.com/prime-sports-institute-leh-1085"", ""facebook"": ""https://facebook.com/prime-sports-institute-leh-1085"", ""youtube"": ""https://youtube.com/@prime-sports-institute-leh-1085""}"
2616e19b-b473-409a-89a3-cd13daf65f0c,Future Sports Institute Chandigarh 1086,future-sports-institute-chandigarh-1086,30.709425,76.784974,Professional Tennis coaching academy offering structured training programs.,Tennis,"Plot 491, Central Park, Chandigarh",Chandigarh,Chandigarh,+917569208875,"https://maps.google.com/?q=30.709425,76.784974",https://picsum.photos/seed/future-sports-institute-chandigarh-1086/800/600,Tarun Verma,Tennis,9 Years,Future Sports Institute Chandigarh 1086,₹6932/month,"Ball Machine, Fitness Center, Hard Court, Clay Court",6:00 PM - 8:00 PM,10-15,Boys,60,AITA Certified Coach,4.8,404,True,"{""instagram"": ""https://instagram.com/future-sports-institute-chandigarh-1086"", ""facebook"": ""https://facebook.com/future-sports-institute-chandigarh-1086"", ""youtube"": ""https://youtube.com/@future-sports-institute-chandigarh-1086""}"
9a49d0cb-cbe7-4bda-a360-35ec76543dd2,Dynamic Sports Academy Chandigarh 1087,dynamic-sports-academy-chandigarh-1087,30.767377,76.760566,Professional Tennis coaching academy offering structured training programs.,Tennis,"Plot 826, Victory Avenue, Chandigarh",Chandigarh,Chandigarh,+917045509254,"https://maps.google.com/?q=30.767377,76.760566",https://picsum.photos/seed/dynamic-sports-academy-chandigarh-1087/800/600,Sanjay Rao,Tennis,14 Years,Dynamic Sports Academy Chandigarh 1087,₹5493/month,"Fitness Center, Hard Court, Clay Court, Ball Machine",5:30 AM - 7:30 AM,15-18,Boys,57,AITA Certified Coach,3.8,105,False,"{""instagram"": ""https://instagram.com/dynamic-sports-academy-chandigarh-1087"", ""facebook"": ""https://facebook.com/dynamic-sports-academy-chandigarh-1087"", ""youtube"": ""https://youtube.com/@dynamic-sports-academy-chandigarh-1087""}"
bf1d3d0d-58e7-4f0e-af7b-d78e39696ccc,Future Sports Academy Chandigarh 1088,future-sports-academy-chandigarh-1088,30.705832,76.744139,Professional Badminton coaching academy offering structured training programs.,Badminton,"Plot 601, Stadium Road, Chandigarh",Chandigarh,Chandigarh,+916720931635,"https://maps.google.com/?q=30.705832,76.744139",https://picsum.photos/seed/future-sports-academy-chandigarh-1088/800/600,Ajay Pillai,Badminton,12 Years,Future Sports Academy Chandigarh 1088,₹3870/month,"Shuttle Supply, Indoor Courts, Wooden Courts, Fitness Center",4:00 PM - 6:00 PM,5-10,Mixed,36,BAI Certified Coach,4.4,385,True,"{""instagram"": ""https://instagram.com/future-sports-academy-chandigarh-1088"", ""facebook"": ""https://facebook.com/future-sports-academy-chandigarh-1088"", ""youtube"": ""https://youtube.com/@future-sports-academy-chandigarh-1088""}"
6dfa6ed1-ce57-44e6-92a4-a0553b9851d1,Dynamic Sports Institute Chandigarh 1089,dynamic-sports-institute-chandigarh-1089,30.74309,76.823366,Professional Athletics coaching academy offering structured training programs.,Athletics,"Plot 719, Central Park, Chandigarh",Chandigarh,Chandigarh,+918262550407,"https://maps.google.com/?q=30.74309,76.823366",https://picsum.photos/seed/dynamic-sports-institute-chandigarh-1089/800/600,Harish Yadav,Athletics,9 Years,Dynamic Sports Institute Chandigarh 1089,₹4866/month,"Running Track, Recovery Zone, Gym, Fitness Center",6:00 AM - 8:00 AM,18+,Boys,28,Athletics Federation Certified,5.0,480,False,"{""instagram"": ""https://instagram.com/dynamic-sports-institute-chandigarh-1089"", ""facebook"": ""https://facebook.com/dynamic-sports-institute-chandigarh-1089"", ""youtube"": ""https://youtube.com/@dynamic-sports-institute-chandigarh-1089""}"
9701a0a2-543d-4bc7-a85f-e6537098f5f4,Victory Sports Institute Chandigarh 1090,victory-sports-institute-chandigarh-1090,30.710187,76.74841,Professional Tennis coaching academy offering structured training programs.,Tennis,"Plot 144, Sports Hub, Chandigarh",Chandigarh,Chandigarh,+919022521626,"https://maps.google.com/?q=30.710187,76.74841",https://picsum.photos/seed/victory-sports-institute-chandigarh-1090/800/600,Kiran Joshi,Tennis,23 Years,Victory Sports Institute Chandigarh 1090,₹10571/month,"Clay Court, Hard Court, Ball Machine, Fitness Center",6:00 PM - 8:00 PM,10-15,Girls,74,AITA Certified Coach,4.2,221,False,"{""instagram"": ""https://instagram.com/victory-sports-institute-chandigarh-1090"", ""facebook"": ""https://facebook.com/victory-sports-institute-chandigarh-1090"", ""youtube"": ""https://youtube.com/@victory-sports-institute-chandigarh-1090""}"
ed7489f1-109e-4086-b851-1dd39a671fc0,Champion Athletic Center Chandigarh 1091,champion-athletic-center-chandigarh-1091,30.733914,76.809901,Professional Basketball coaching academy offering structured training programs.,Basketball,"Plot 972, Sports Complex, Chandigarh",Chandigarh,Chandigarh,+916742126086,"https://maps.google.com/?q=30.733914,76.809901",https://picsum.photos/seed/champion-athletic-center-chandigarh-1091/800/600,Mahesh Verma,Basketball,7 Years,Champion Athletic Center Chandigarh 1091,₹5550/month,"Locker Rooms, Indoor Court, Fitness Center, Outdoor Court",6:00 PM - 8:00 PM,10-15,Girls,25,Basketball Federation Certified,4.0,121,False,"{""instagram"": ""https://instagram.com/champion-athletic-center-chandigarh-1091"", ""facebook"": ""https://facebook.com/champion-athletic-center-chandigarh-1091"", ""youtube"": ""https://youtube.com/@champion-athletic-center-chandigarh-1091""}"
4bd3f19e-a562-412f-95d9-a66438e60d88,Elite Performance Academy Chandigarh 1092,elite-performance-academy-chandigarh-1092,30.733802,76.76865,Professional Athletics coaching academy offering structured training programs.,Athletics,"Plot 681, Ring Road, Chandigarh",Chandigarh,Chandigarh,+916162007594,"https://maps.google.com/?q=30.733802,76.76865",https://picsum.photos/seed/elite-performance-academy-chandigarh-1092/800/600,Rohit Choudhary,Athletics,17 Years,Elite Performance Academy Chandigarh 1092,₹3392/month,"Recovery Zone, Gym, Running Track, Fitness Center",5:00 PM - 7:00 PM,All Ages,Boys,28,Athletics Federation Certified,4.5,298,True,"{""instagram"": ""https://instagram.com/elite-performance-academy-chandigarh-1092"", ""facebook"": ""https://facebook.com/elite-performance-academy-chandigarh-1092"", ""youtube"": ""https://youtube.com/@elite-performance-academy-chandigarh-1092""}"
7e71d9e3-1129-42fa-b99b-0ca9a86405ea,Elite Training Center Chandigarh 1093,elite-training-center-chandigarh-1093,30.728047,76.770088,Professional Athletics coaching academy offering structured training programs.,Athletics,"Plot 117, Sports Complex, Chandigarh",Chandigarh,Chandigarh,+917252174962,"https://maps.google.com/?q=30.728047,76.770088",https://picsum.photos/seed/elite-training-center-chandigarh-1093/800/600,Arjun Singh,Athletics,16 Years,Elite Training Center Chandigarh 1093,₹4202/month,"Recovery Zone, Running Track, Gym, Fitness Center",5:30 AM - 7:30 AM,18+,Boys,80,Athletics Federation Certified,5.0,395,False,"{""instagram"": ""https://instagram.com/elite-training-center-chandigarh-1093"", ""facebook"": ""https://facebook.com/elite-training-center-chandigarh-1093"", ""youtube"": ""https://youtube.com/@elite-training-center-chandigarh-1093""}"
044528f8-156a-4160-9f99-961779a43d89,Pro Sports Club Chandigarh 1094,pro-sports-club-chandigarh-1094,30.739639,76.735211,Professional Badminton coaching academy offering structured training programs.,Badminton,"Plot 255, Sports Nagar, Chandigarh",Chandigarh,Chandigarh,+918141888012,"https://maps.google.com/?q=30.739639,76.735211",https://picsum.photos/seed/pro-sports-club-chandigarh-1094/800/600,Suresh Yadav,Badminton,23 Years,Pro Sports Club Chandigarh 1094,₹4116/month,"Fitness Center, Wooden Courts, Shuttle Supply, Indoor Courts",5:30 AM - 7:30 AM,15-18,Boys,80,BAI Certified Coach,4.8,185,False,"{""instagram"": ""https://instagram.com/pro-sports-club-chandigarh-1094"", ""facebook"": ""https://facebook.com/pro-sports-club-chandigarh-1094"", ""youtube"": ""https://youtube.com/@pro-sports-club-chandigarh-1094""}"
f2642aa1-eb0f-481d-9474-48382d2ff75f,Future Training Center Chandigarh 1095,future-training-center-chandigarh-1095,30.758068,76.80791,Professional Swimming coaching academy offering structured training programs.,Swimming,"Plot 889, Stadium Road, Chandigarh",Chandigarh,Chandigarh,+918969658639,"https://maps.google.com/?q=30.758068,76.80791",https://picsum.photos/seed/future-training-center-chandigarh-1095/800/600,Naveen Sharma,Swimming,5 Years,Future Training Center Chandigarh 1095,₹3806/month,"Kids Pool, Olympic Pool, Changing Rooms, Lifeguard Support",5:30 AM - 7:30 AM,18+,Girls,61,Swimming Federation Certified,4.4,296,False,"{""instagram"": ""https://instagram.com/future-training-center-chandigarh-1095"", ""facebook"": ""https://facebook.com/future-training-center-chandigarh-1095"", ""youtube"": ""https://youtube.com/@future-training-center-chandigarh-1095""}"
c89c4588-be09-4a17-9caf-a8a132f21eff,Future Sports Academy Chandigarh 1096,future-sports-academy-chandigarh-1096,30.68367,76.742578,Professional Basketball coaching academy offering structured training programs.,Basketball,"Plot 507, Ring Road, Chandigarh",Chandigarh,Chandigarh,+919772869622,"https://maps.google.com/?q=30.68367,76.742578",https://picsum.photos/seed/future-sports-academy-chandigarh-1096/800/600,Kiran Kumar,Basketball,14 Years,Future Sports Academy Chandigarh 1096,₹2791/month,"Fitness Center, Locker Rooms, Indoor Court, Outdoor Court",4:00 PM - 6:00 PM,15-18,Mixed,43,Basketball Federation Certified,3.9,26,False,"{""instagram"": ""https://instagram.com/future-sports-academy-chandigarh-1096"", ""facebook"": ""https://facebook.com/future-sports-academy-chandigarh-1096"", ""youtube"": ""https://youtube.com/@future-sports-academy-chandigarh-1096""}"
cb09058c-19b9-45f7-b8aa-c135dfe74063,Master Performance Academy Chandigarh 1097,master-performance-academy-chandigarh-1097,30.772773,76.767507,Professional Athletics coaching academy offering structured training programs.,Athletics,"Plot 837, Sports Nagar, Chandigarh",Chandigarh,Chandigarh,+918378371489,"https://maps.google.com/?q=30.772773,76.767507",https://picsum.photos/seed/master-performance-academy-chandigarh-1097/800/600,Harish Singh,Athletics,15 Years,Master Performance Academy Chandigarh 1097,₹4914/month,"Recovery Zone, Gym, Fitness Center, Running Track",6:00 PM - 8:00 PM,18+,Girls,64,Athletics Federation Certified,3.5,225,True,"{""instagram"": ""https://instagram.com/master-performance-academy-chandigarh-1097"", ""facebook"": ""https://facebook.com/master-performance-academy-chandigarh-1097"", ""youtube"": ""https://youtube.com/@master-performance-academy-chandigarh-1097""}"
e71b48fc-31f7-428e-8e83-ea483bd26b71,Victory Performance Academy Chandigarh 1098,victory-performance-academy-chandigarh-1098,30.761875,76.73883,Professional Football coaching academy offering structured training programs.,Football,"Plot 999, Sports Complex, Chandigarh",Chandigarh,Chandigarh,+917887443335,"https://maps.google.com/?q=30.761875,76.73883",https://picsum.photos/seed/victory-performance-academy-chandigarh-1098/800/600,Rohit Rao,Football,20 Years,Victory Performance Academy Chandigarh 1098,₹4655/month,"Locker Rooms, Natural Grass Ground, Training Cones, Flood Lights",5:30 AM - 7:30 AM,10-15,Girls,27,"AIFF D License, AIFF C License",4.9,133,True,"{""instagram"": ""https://instagram.com/victory-performance-academy-chandigarh-1098"", ""facebook"": ""https://facebook.com/victory-performance-academy-chandigarh-1098"", ""youtube"": ""https://youtube.com/@victory-performance-academy-chandigarh-1098""}"
fd41e9be-b161-4e24-9693-b15d9316039e,Master Athletic Center Chandigarh 1099,master-athletic-center-chandigarh-1099,30.728613,76.781427,Professional Cricket coaching academy offering structured training programs.,Cricket,"Plot 899, Stadium Road, Chandigarh",Chandigarh,Chandigarh,+916473795383,"https://maps.google.com/?q=30.728613,76.781427",https://picsum.photos/seed/master-athletic-center-chandigarh-1099/800/600,Suresh Choudhary,Cricket,22 Years,Master Athletic Center Chandigarh 1099,₹3441/month,"Practice Pitch, Gym, Turf Nets, Video Analysis",6:00 PM - 8:00 PM,5-10,Mixed,72,"BCCI Level 1, BCCI Level 2",3.5,187,True,"{""instagram"": ""https://instagram.com/master-athletic-center-chandigarh-1099"", ""facebook"": ""https://facebook.com/master-athletic-center-chandigarh-1099"", ""youtube"": ""https://youtube.com/@master-athletic-center-chandigarh-1099""}"
921ca64d-426f-481b-a852-86cc14d54386,Master Sports Club Chandigarh 1100,master-sports-club-chandigarh-1100,30.753623,76.818928,Professional Athletics coaching academy offering structured training programs.,Athletics,"Plot 762, Stadium Road, Chandigarh",Chandigarh,Chandigarh,+917487203382,"https://maps.google.com/?q=30.753623,76.818928",https://picsum.photos/seed/master-sports-club-chandigarh-1100/800/600,Rohit Gupta,Athletics,17 Years,Master Sports Club Chandigarh 1100,₹3911/month,"Running Track, Gym, Fitness Center, Recovery Zone",5:00 PM - 7:00 PM,All Ages,Boys,30,Athletics Federation Certified,4.5,94,True,"{""instagram"": ""https://instagram.com/master-sports-club-chandigarh-1100"", ""facebook"": ""https://facebook.com/master-sports-club-chandigarh-1100"", ""youtube"": ""https://youtube.com/@master-sports-club-chandigarh-1100""}"
8d06cfe4-1615-42b3-8e2f-74e55d91655a,Future Performance Academy Chandigarh 1101,future-performance-academy-chandigarh-1101,30.741238,76.73854,Professional Volleyball coaching academy offering structured training programs.,Volleyball,"Plot 248, Sports Nagar, Chandigarh",Chandigarh,Chandigarh,+918377027671,"https://maps.google.com/?q=30.741238,76.73854",https://picsum.photos/seed/future-performance-academy-chandigarh-1101/800/600,Kiran Gupta,Volleyball,19 Years,Future Performance Academy Chandigarh 1101,₹4982/month,"Indoor Court, Sand Court, Fitness Center, Flood Lights",6:00 PM - 8:00 PM,All Ages,Boys,88,Volleyball Federation Certified,4.0,184,False,"{""instagram"": ""https://instagram.com/future-performance-academy-chandigarh-1101"", ""facebook"": ""https://facebook.com/future-performance-academy-chandigarh-1101"", ""youtube"": ""https://youtube.com/@future-performance-academy-chandigarh-1101""}"
04f0ece4-f231-417e-9bee-48a92916bf33,Elite Sports Academy Chandigarh 1102,elite-sports-academy-chandigarh-1102,30.766721,76.755585,Professional Basketball coaching academy offering structured training programs.,Basketball,"Plot 493, Central Park, Chandigarh",Chandigarh,Chandigarh,+918059354353,"https://maps.google.com/?q=30.766721,76.755585",https://picsum.photos/seed/elite-sports-academy-chandigarh-1102/800/600,Naveen Choudhary,Basketball,12 Years,Elite Sports Academy Chandigarh 1102,₹3761/month,"Indoor Court, Fitness Center, Outdoor Court, Locker Rooms",6:00 PM - 8:00 PM,15-18,Mixed,90,Basketball Federation Certified,3.7,130,True,"{""instagram"": ""https://instagram.com/elite-sports-academy-chandigarh-1102"", ""facebook"": ""https://facebook.com/elite-sports-academy-chandigarh-1102"", ""youtube"": ""https://youtube.com/@elite-sports-academy-chandigarh-1102""}"
97eeb511-f414-4ab4-bfab-0d17983551b2,Future Sports Club Chandigarh 1103,future-sports-club-chandigarh-1103,30.727961,76.803029,Professional Tennis coaching academy offering structured training programs.,Tennis,"Plot 719, Athletic Colony, Chandigarh",Chandigarh,Chandigarh,+918261185875,"https://maps.google.com/?q=30.727961,76.803029",https://picsum.photos/seed/future-sports-club-chandigarh-1103/800/600,Lokesh Nair,Tennis,10 Years,Future Sports Club Chandigarh 1103,₹7831/month,"Ball Machine, Hard Court, Clay Court, Fitness Center",5:00 PM - 7:00 PM,5-10,Girls,95,AITA Certified Coach,3.6,150,False,"{""instagram"": ""https://instagram.com/future-sports-club-chandigarh-1103"", ""facebook"": ""https://facebook.com/future-sports-club-chandigarh-1103"", ""youtube"": ""https://youtube.com/@future-sports-club-chandigarh-1103""}"
54384c60-ef29-4f2a-bf24-5ba549dbf433,Legend Training Center Chandigarh 1104,legend-training-center-chandigarh-1104,30.742034,76.814191,Professional Cricket coaching academy offering structured training programs.,Cricket,"Plot 817, Sports Hub, Chandigarh",Chandigarh,Chandigarh,+916280090414,"https://maps.google.com/?q=30.742034,76.814191",https://picsum.photos/seed/legend-training-center-chandigarh-1104/800/600,Tarun Gupta,Cricket,15 Years,Legend Training Center Chandigarh 1104,₹5005/month,"Practice Pitch, Bowling Machine, Gym, Video Analysis",5:30 AM - 7:30 AM,18+,Girls,75,"BCCI Level 1, BCCI Level 2",4.1,72,True,"{""instagram"": ""https://instagram.com/legend-training-center-chandigarh-1104"", ""facebook"": ""https://facebook.com/legend-training-center-chandigarh-1104"", ""youtube"": ""https://youtube.com/@legend-training-center-chandigarh-1104""}"
64a529f9-d50e-4797-9934-8bf13b26c538,Dynamic Sports Club Chandigarh 1105,dynamic-sports-club-chandigarh-1105,30.732244,76.782031,Professional Volleyball coaching academy offering structured training programs.,Volleyball,"Plot 704, Main Road, Chandigarh",Chandigarh,Chandigarh,+919508622412,"https://maps.google.com/?q=30.732244,76.782031",https://picsum.photos/seed/dynamic-sports-club-chandigarh-1105/800/600,Rohit Joshi,Volleyball,5 Years,Dynamic Sports Club Chandigarh 1105,₹5962/month,"Fitness Center, Flood Lights, Indoor Court, Sand Court",5:30 AM - 7:30 AM,10-15,Mixed,67,Volleyball Federation Certified,4.4,430,False,"{""instagram"": ""https://instagram.com/dynamic-sports-club-chandigarh-1105"", ""facebook"": ""https://facebook.com/dynamic-sports-club-chandigarh-1105"", ""youtube"": ""https://youtube.com/@dynamic-sports-club-chandigarh-1105""}"
64b039fb-a801-4337-a97c-30d5de36092b,Master Athletic Center Chandigarh 1106,master-athletic-center-chandigarh-1106,30.723439,76.810143,Professional Swimming coaching academy offering structured training programs.,Swimming,"Plot 94, Athletic Colony, Chandigarh",Chandigarh,Chandigarh,+916238362470,"https://maps.google.com/?q=30.723439,76.810143",https://picsum.photos/seed/master-athletic-center-chandigarh-1106/800/600,Rahul Sharma,Swimming,12 Years,Master Athletic Center Chandigarh 1106,₹6810/month,"Kids Pool, Olympic Pool, Changing Rooms, Lifeguard Support",5:30 AM - 7:30 AM,All Ages,Mixed,38,Swimming Federation Certified,4.3,469,False,"{""instagram"": ""https://instagram.com/master-athletic-center-chandigarh-1106"", ""facebook"": ""https://facebook.com/master-athletic-center-chandigarh-1106"", ""youtube"": ""https://youtube.com/@master-athletic-center-chandigarh-1106""}"
afa1c75b-6de6-4070-98ed-76b72ce4c57a,Pro Athletic Center Chandigarh 1107,pro-athletic-center-chandigarh-1107,30.75464,76.740662,Professional Tennis coaching academy offering structured training programs.,Tennis,"Plot 920, Champions Street, Chandigarh",Chandigarh,Chandigarh,+918002692906,"https://maps.google.com/?q=30.75464,76.740662",https://picsum.photos/seed/pro-athletic-center-chandigarh-1107/800/600,Harish Sharma,Tennis,13 Years,Pro Athletic Center Chandigarh 1107,₹10796/month,"Hard Court, Clay Court, Fitness Center, Ball Machine",4:00 PM - 6:00 PM,18+,Girls,95,AITA Certified Coach,4.1,417,True,"{""instagram"": ""https://instagram.com/pro-athletic-center-chandigarh-1107"", ""facebook"": ""https://facebook.com/pro-athletic-center-chandigarh-1107"", ""youtube"": ""https://youtube.com/@pro-athletic-center-chandigarh-1107""}"
335713e4-dc33-4911-9924-6518135c41fd,National Athletic Center Chandigarh 1108,national-athletic-center-chandigarh-1108,30.688149,76.741969,Professional Swimming coaching academy offering structured training programs.,Swimming,"Plot 511, Stadium Road, Chandigarh",Chandigarh,Chandigarh,+919444644579,"https://maps.google.com/?q=30.688149,76.741969",https://picsum.photos/seed/national-athletic-center-chandigarh-1108/800/600,Ajay Choudhary,Swimming,25 Years,National Athletic Center Chandigarh 1108,₹4911/month,"Changing Rooms, Kids Pool, Olympic Pool, Lifeguard Support",6:00 PM - 8:00 PM,15-18,Boys,21,Swimming Federation Certified,3.9,131,False,"{""instagram"": ""https://instagram.com/national-athletic-center-chandigarh-1108"", ""facebook"": ""https://facebook.com/national-athletic-center-chandigarh-1108"", ""youtube"": ""https://youtube.com/@national-athletic-center-chandigarh-1108""}"
db35c4f1-37e8-4fcc-94a6-ba03b69d38b6,Elite Athletic Center Chandigarh 1109,elite-athletic-center-chandigarh-1109,30.724633,76.817511,Professional Swimming coaching academy offering structured training programs.,Swimming,"Plot 885, Ring Road, Chandigarh",Chandigarh,Chandigarh,+918585931857,"https://maps.google.com/?q=30.724633,76.817511",https://picsum.photos/seed/elite-athletic-center-chandigarh-1109/800/600,Tarun Kumar,Swimming,4 Years,Elite Athletic Center Chandigarh 1109,₹7833/month,"Changing Rooms, Lifeguard Support, Kids Pool, Olympic Pool",5:00 PM - 7:00 PM,18+,Girls,72,Swimming Federation Certified,4.6,325,False,"{""instagram"": ""https://instagram.com/elite-athletic-center-chandigarh-1109"", ""facebook"": ""https://facebook.com/elite-athletic-center-chandigarh-1109"", ""youtube"": ""https://youtube.com/@elite-athletic-center-chandigarh-1109""}"
5b4c2ad5-4bdf-4b13-83da-5c45db902de9,Pro Performance Academy Chandigarh 1110,pro-performance-academy-chandigarh-1110,30.684771,76.79737,Professional Volleyball coaching academy offering structured training programs.,Volleyball,"Plot 401, Athletic Colony, Chandigarh",Chandigarh,Chandigarh,+916353245380,"https://maps.google.com/?q=30.684771,76.79737",https://picsum.photos/seed/pro-performance-academy-chandigarh-1110/800/600,Naveen Sharma,Volleyball,2 Years,Pro Performance Academy Chandigarh 1110,₹2612/month,"Fitness Center, Flood Lights, Sand Court, Indoor Court",6:00 PM - 8:00 PM,10-15,Girls,76,Volleyball Federation Certified,4.7,399,True,"{""instagram"": ""https://instagram.com/pro-performance-academy-chandigarh-1110"", ""facebook"": ""https://facebook.com/pro-performance-academy-chandigarh-1110"", ""youtube"": ""https://youtube.com/@pro-performance-academy-chandigarh-1110""}"
9b01c4b8-4fd8-4ea2-8db1-5913168509e1,Royal Training Center Chandigarh 1111,royal-training-center-chandigarh-1111,30.700962,76.742109,Professional Swimming coaching academy offering structured training programs.,Swimming,"Plot 259, Champions Street, Chandigarh",Chandigarh,Chandigarh,+919292705051,"https://maps.google.com/?q=30.700962,76.742109",https://picsum.photos/seed/royal-training-center-chandigarh-1111/800/600,Arjun Kumar,Swimming,19 Years,Royal Training Center Chandigarh 1111,₹8886/month,"Lifeguard Support, Olympic Pool, Kids Pool, Changing Rooms",5:00 PM - 7:00 PM,10-15,Boys,77,Swimming Federation Certified,3.8,335,False,"{""instagram"": ""https://instagram.com/royal-training-center-chandigarh-1111"", ""facebook"": ""https://facebook.com/royal-training-center-chandigarh-1111"", ""youtube"": ""https://youtube.com/@royal-training-center-chandigarh-1111""}"
67eed09b-200c-47ae-9a6a-01dc11f56b92,Victory Sports Institute Chandigarh 1112,victory-sports-institute-chandigarh-1112,30.741635,76.820863,Professional Swimming coaching academy offering structured training programs.,Swimming,"Plot 269, Sports Complex, Chandigarh",Chandigarh,Chandigarh,+918131582805,"https://maps.google.com/?q=30.741635,76.820863",https://picsum.photos/seed/victory-sports-institute-chandigarh-1112/800/600,Aman Patel,Swimming,4 Years,Victory Sports Institute Chandigarh 1112,₹8304/month,"Kids Pool, Olympic Pool, Lifeguard Support, Changing Rooms",6:00 AM - 8:00 AM,All Ages,Mixed,31,Swimming Federation Certified,3.8,166,True,"{""instagram"": ""https://instagram.com/victory-sports-institute-chandigarh-1112"", ""facebook"": ""https://facebook.com/victory-sports-institute-chandigarh-1112"", ""youtube"": ""https://youtube.com/@victory-sports-institute-chandigarh-1112""}"
07e74c1a-29dd-408b-af43-c3417087711a,Royal Performance Academy Chandigarh 1113,royal-performance-academy-chandigarh-1113,30.764061,76.780183,Professional Basketball coaching academy offering structured training programs.,Basketball,"Plot 206, Athletic Colony, Chandigarh",Chandigarh,Chandigarh,+919509362632,"https://maps.google.com/?q=30.764061,76.780183",https://picsum.photos/seed/royal-performance-academy-chandigarh-1113/800/600,Harish Rao,Basketball,14 Years,Royal Performance Academy Chandigarh 1113,₹6020/month,"Indoor Court, Locker Rooms, Fitness Center, Outdoor Court",5:00 PM - 7:00 PM,10-15,Mixed,60,Basketball Federation Certified,4.1,387,False,"{""instagram"": ""https://instagram.com/royal-performance-academy-chandigarh-1113"", ""facebook"": ""https://facebook.com/royal-performance-academy-chandigarh-1113"", ""youtube"": ""https://youtube.com/@royal-performance-academy-chandigarh-1113""}"
4d7e3525-29bf-41cd-9f29-8da73586e439,National Sports Institute Chandigarh 1114,national-sports-institute-chandigarh-1114,30.73372,76.798331,Professional Football coaching academy offering structured training programs.,Football,"Plot 449, Sports Hub, Chandigarh",Chandigarh,Chandigarh,+918608706283,"https://maps.google.com/?q=30.73372,76.798331",https://picsum.photos/seed/national-sports-institute-chandigarh-1114/800/600,Aman Pillai,Football,4 Years,National Sports Institute Chandigarh 1114,₹5110/month,"Training Cones, Natural Grass Ground, Fitness Center, Locker Rooms",6:00 AM - 8:00 AM,All Ages,Girls,44,"AIFF D License, AIFF C License",4.3,305,False,"{""instagram"": ""https://instagram.com/national-sports-institute-chandigarh-1114"", ""facebook"": ""https://facebook.com/national-sports-institute-chandigarh-1114"", ""youtube"": ""https://youtube.com/@national-sports-institute-chandigarh-1114""}"
2c824f64-7066-4733-b072-e41178707a5e,Dynamic Sports Institute Chandigarh 1115,dynamic-sports-institute-chandigarh-1115,30.737583,76.820914,Professional Football coaching academy offering structured training programs.,Football,"Plot 800, Athletic Colony, Chandigarh",Chandigarh,Chandigarh,+919031473384,"https://maps.google.com/?q=30.737583,76.820914",https://picsum.photos/seed/dynamic-sports-institute-chandigarh-1115/800/600,Naveen Yadav,Football,11 Years,Dynamic Sports Institute Chandigarh 1115,₹6680/month,"Locker Rooms, Fitness Center, Training Cones, Natural Grass Ground",4:00 PM - 6:00 PM,All Ages,Mixed,63,"AIFF D License, AIFF C License",3.7,266,True,"{""instagram"": ""https://instagram.com/dynamic-sports-institute-chandigarh-1115"", ""facebook"": ""https://facebook.com/dynamic-sports-institute-chandigarh-1115"", ""youtube"": ""https://youtube.com/@dynamic-sports-institute-chandigarh-1115""}"
6fc0c9ad-529f-4de0-b02e-2d70fa0bdfe6,Royal Sports Institute Chandigarh 1116,royal-sports-institute-chandigarh-1116,30.748453,76.79501,Professional Cricket coaching academy offering structured training programs.,Cricket,"Plot 779, Sports Hub, Chandigarh",Chandigarh,Chandigarh,+916691585002,"https://maps.google.com/?q=30.748453,76.79501",https://picsum.photos/seed/royal-sports-institute-chandigarh-1116/800/600,Aman Singh,Cricket,16 Years,Royal Sports Institute Chandigarh 1116,₹8767/month,"Video Analysis, Gym, Practice Pitch, Turf Nets",4:00 PM - 6:00 PM,15-18,Girls,27,"BCCI Level 1, BCCI Level 2",3.9,38,False,"{""instagram"": ""https://instagram.com/royal-sports-institute-chandigarh-1116"", ""facebook"": ""https://facebook.com/royal-sports-institute-chandigarh-1116"", ""youtube"": ""https://youtube.com/@royal-sports-institute-chandigarh-1116""}"
2c8e2cef-d499-4ec7-ae0b-57273b6b6ce0,Royal Sports Academy Chandigarh 1117,royal-sports-academy-chandigarh-1117,30.723546,76.754604,Professional Football coaching academy offering structured training programs.,Football,"Plot 204, Stadium Road, Chandigarh",Chandigarh,Chandigarh,+919520693078,"https://maps.google.com/?q=30.723546,76.754604",https://picsum.photos/seed/royal-sports-academy-chandigarh-1117/800/600,Mahesh Singh,Football,24 Years,Royal Sports Academy Chandigarh 1117,₹4260/month,"Flood Lights, Training Cones, Locker Rooms, Natural Grass Ground",6:00 PM - 8:00 PM,18+,Mixed,31,"AIFF D License, AIFF C License",4.3,131,True,"{""instagram"": ""https://instagram.com/royal-sports-academy-chandigarh-1117"", ""facebook"": ""https://facebook.com/royal-sports-academy-chandigarh-1117"", ""youtube"": ""https://youtube.com/@royal-sports-academy-chandigarh-1117""}"
6ece499f-6bf0-4b0a-9000-44d631f9f426,Legend Performance Academy Chandigarh 1118,legend-performance-academy-chandigarh-1118,30.736265,76.761044,Professional Basketball coaching academy offering structured training programs.,Basketball,"Plot 79, Champions Street, Chandigarh",Chandigarh,Chandigarh,+919320158981,"https://maps.google.com/?q=30.736265,76.761044",https://picsum.photos/seed/legend-performance-academy-chandigarh-1118/800/600,Mahesh Choudhary,Basketball,5 Years,Legend Performance Academy Chandigarh 1118,₹5501/month,"Outdoor Court, Fitness Center, Indoor Court, Locker Rooms",5:30 AM - 7:30 AM,15-18,Boys,70,Basketball Federation Certified,4.6,297,True,"{""instagram"": ""https://instagram.com/legend-performance-academy-chandigarh-1118"", ""facebook"": ""https://facebook.com/legend-performance-academy-chandigarh-1118"", ""youtube"": ""https://youtube.com/@legend-performance-academy-chandigarh-1118""}"
1240da2f-65a1-4f02-bc4a-eac8fff89e2f,Master Training Center Chandigarh 1119,master-training-center-chandigarh-1119,30.700643,76.816779,Professional Swimming coaching academy offering structured training programs.,Swimming,"Plot 388, Stadium Road, Chandigarh",Chandigarh,Chandigarh,+917602935869,"https://maps.google.com/?q=30.700643,76.816779",https://picsum.photos/seed/master-training-center-chandigarh-1119/800/600,Sanjay Patel,Swimming,17 Years,Master Training Center Chandigarh 1119,₹7882/month,"Kids Pool, Lifeguard Support, Olympic Pool, Changing Rooms",4:00 PM - 6:00 PM,All Ages,Boys,87,Swimming Federation Certified,3.8,143,True,"{""instagram"": ""https://instagram.com/master-training-center-chandigarh-1119"", ""facebook"": ""https://facebook.com/master-training-center-chandigarh-1119"", ""youtube"": ""https://youtube.com/@master-training-center-chandigarh-1119""}"
6f34e3b9-24f3-49f1-b799-f1d43ebd3202,Royal Training Center Chandigarh 1120,royal-training-center-chandigarh-1120,30.704371,76.791703,Professional Tennis coaching academy offering structured training programs.,Tennis,"Plot 832, Stadium Road, Chandigarh",Chandigarh,Chandigarh,+917691135404,"https://maps.google.com/?q=30.704371,76.791703",https://picsum.photos/seed/royal-training-center-chandigarh-1120/800/600,Lokesh Reddy,Tennis,6 Years,Royal Training Center Chandigarh 1120,₹10663/month,"Clay Court, Hard Court, Ball Machine, Fitness Center",6:00 AM - 8:00 AM,10-15,Boys,25,AITA Certified Coach,4.2,46,False,"{""instagram"": ""https://instagram.com/royal-training-center-chandigarh-1120"", ""facebook"": ""https://facebook.com/royal-training-center-chandigarh-1120"", ""youtube"": ""https://youtube.com/@royal-training-center-chandigarh-1120""}"
1d63a7d2-4b47-4460-bcdc-94e145b21a22,Master Sports Institute Puducherry 1121,master-sports-institute-puducherry-1121,11.932127,79.770418,Professional Football coaching academy offering structured training programs.,Football,"Plot 601, Sports Complex, Puducherry",Puducherry,Puducherry,+917251271276,"https://maps.google.com/?q=11.932127,79.770418",https://picsum.photos/seed/master-sports-institute-puducherry-1121/800/600,Harish Yadav,Football,3 Years,Master Sports Institute Puducherry 1121,₹4001/month,"Training Cones, Locker Rooms, Flood Lights, Natural Grass Ground",6:00 AM - 8:00 AM,5-10,Girls,20,"AIFF D License, AIFF C License",4.3,37,True,"{""instagram"": ""https://instagram.com/master-sports-institute-puducherry-1121"", ""facebook"": ""https://facebook.com/master-sports-institute-puducherry-1121"", ""youtube"": ""https://youtube.com/@master-sports-institute-puducherry-1121""}"
aae6379c-71ec-4839-8ef4-601dbd777d6a,Prime Sports Club Puducherry 1122,prime-sports-club-puducherry-1122,11.955069,79.795671,Professional Basketball coaching academy offering structured training programs.,Basketball,"Plot 109, Champions Street, Puducherry",Puducherry,Puducherry,+919665130692,"https://maps.google.com/?q=11.955069,79.795671",https://picsum.photos/seed/prime-sports-club-puducherry-1122/800/600,Prakash Mishra,Basketball,10 Years,Prime Sports Club Puducherry 1122,₹2713/month,"Locker Rooms, Indoor Court, Outdoor Court, Fitness Center",4:00 PM - 6:00 PM,All Ages,Boys,66,Basketball Federation Certified,3.7,118,False,"{""instagram"": ""https://instagram.com/prime-sports-club-puducherry-1122"", ""facebook"": ""https://facebook.com/prime-sports-club-puducherry-1122"", ""youtube"": ""https://youtube.com/@prime-sports-club-puducherry-1122""}"
5f4e4f8e-366d-4896-92f5-346c181f573c,Champion Performance Academy Puducherry 1123,champion-performance-academy-puducherry-1123,11.917465,79.788082,Professional Football coaching academy offering structured training programs.,Football,"Plot 406, Stadium Road, Puducherry",Puducherry,Puducherry,+916655990316,"https://maps.google.com/?q=11.917465,79.788082",https://picsum.photos/seed/champion-performance-academy-puducherry-1123/800/600,Rahul Pillai,Football,22 Years,Champion Performance Academy Puducherry 1123,₹7230/month,"Training Cones, Fitness Center, Flood Lights, Locker Rooms",6:00 AM - 8:00 AM,All Ages,Boys,50,"AIFF D License, AIFF C License",3.6,343,False,"{""instagram"": ""https://instagram.com/champion-performance-academy-puducherry-1123"", ""facebook"": ""https://facebook.com/champion-performance-academy-puducherry-1123"", ""youtube"": ""https://youtube.com/@champion-performance-academy-puducherry-1123""}"
64025c80-1bfb-4926-92c5-f6d7f4600cd2,Star Training Center Puducherry 1124,star-training-center-puducherry-1124,11.96663,79.811187,Professional Tennis coaching academy offering structured training programs.,Tennis,"Plot 84, Sports Nagar, Puducherry",Puducherry,Puducherry,+919892832347,"https://maps.google.com/?q=11.96663,79.811187",https://picsum.photos/seed/star-training-center-puducherry-1124/800/600,Mahesh Nair,Tennis,16 Years,Star Training Center Puducherry 1124,₹6000/month,"Ball Machine, Hard Court, Clay Court, Fitness Center",6:00 AM - 8:00 AM,10-15,Mixed,33,AITA Certified Coach,3.7,197,False,"{""instagram"": ""https://instagram.com/star-training-center-puducherry-1124"", ""facebook"": ""https://facebook.com/star-training-center-puducherry-1124"", ""youtube"": ""https://youtube.com/@star-training-center-puducherry-1124""}"
fc4183d2-d508-43d7-8de5-351966d49e93,Master Sports Club Puducherry 1125,master-sports-club-puducherry-1125,11.964665,79.806917,Professional Football coaching academy offering structured training programs.,Football,"Plot 123, Victory Avenue, Puducherry",Puducherry,Puducherry,+916504436578,"https://maps.google.com/?q=11.964665,79.806917",https://picsum.photos/seed/master-sports-club-puducherry-1125/800/600,Rohit Choudhary,Football,2 Years,Master Sports Club Puducherry 1125,₹5802/month,"Natural Grass Ground, Flood Lights, Training Cones, Locker Rooms",5:00 PM - 7:00 PM,10-15,Boys,59,"AIFF D License, AIFF C License",3.7,115,True,"{""instagram"": ""https://instagram.com/master-sports-club-puducherry-1125"", ""facebook"": ""https://facebook.com/master-sports-club-puducherry-1125"", ""youtube"": ""https://youtube.com/@master-sports-club-puducherry-1125""}"
e94ba673-d53f-471b-a344-43d9d78c6e0b,Elite Sports Club Puducherry 1126,elite-sports-club-puducherry-1126,11.948893,79.81995,Professional Athletics coaching academy offering structured training programs.,Athletics,"Plot 187, Central Park, Puducherry",Puducherry,Puducherry,+918893899609,"https://maps.google.com/?q=11.948893,79.81995",https://picsum.photos/seed/elite-sports-club-puducherry-1126/800/600,Prakash Kumar,Athletics,7 Years,Elite Sports Club Puducherry 1126,₹3743/month,"Running Track, Fitness Center, Gym, Recovery Zone",5:30 AM - 7:30 AM,5-10,Girls,60,Athletics Federation Certified,3.8,337,True,"{""instagram"": ""https://instagram.com/elite-sports-club-puducherry-1126"", ""facebook"": ""https://facebook.com/elite-sports-club-puducherry-1126"", ""youtube"": ""https://youtube.com/@elite-sports-club-puducherry-1126""}"
895a9ce3-a4d9-4933-8404-218289554e2d,Prime Athletic Center Puducherry 1127,prime-athletic-center-puducherry-1127,11.904125,79.819557,Professional Tennis coaching academy offering structured training programs.,Tennis,"Plot 438, Sports Nagar, Puducherry",Puducherry,Puducherry,+916842389605,"https://maps.google.com/?q=11.904125,79.819557",https://picsum.photos/seed/prime-athletic-center-puducherry-1127/800/600,Mahesh Reddy,Tennis,12 Years,Prime Athletic Center Puducherry 1127,₹11653/month,"Fitness Center, Clay Court, Hard Court, Ball Machine",5:00 PM - 7:00 PM,5-10,Mixed,20,AITA Certified Coach,3.8,298,False,"{""instagram"": ""https://instagram.com/prime-athletic-center-puducherry-1127"", ""facebook"": ""https://facebook.com/prime-athletic-center-puducherry-1127"", ""youtube"": ""https://youtube.com/@prime-athletic-center-puducherry-1127""}"
c16a79e8-0b3d-45ba-9644-1a10ed6d59fc,Champion Athletic Center Puducherry 1128,champion-athletic-center-puducherry-1128,11.892312,79.793117,Professional Athletics coaching academy offering structured training programs.,Athletics,"Plot 113, Champions Street, Puducherry",Puducherry,Puducherry,+917588000782,"https://maps.google.com/?q=11.892312,79.793117",https://picsum.photos/seed/champion-athletic-center-puducherry-1128/800/600,Tarun Pillai,Athletics,3 Years,Champion Athletic Center Puducherry 1128,₹4021/month,"Recovery Zone, Fitness Center, Running Track, Gym",6:00 PM - 8:00 PM,All Ages,Mixed,74,Athletics Federation Certified,3.5,223,False,"{""instagram"": ""https://instagram.com/champion-athletic-center-puducherry-1128"", ""facebook"": ""https://facebook.com/champion-athletic-center-puducherry-1128"", ""youtube"": ""https://youtube.com/@champion-athletic-center-puducherry-1128""}"
90e52143-9655-414d-bf0c-1af65c607950,Victory Sports Academy Puducherry 1129,victory-sports-academy-puducherry-1129,11.935903,79.850271,Professional Athletics coaching academy offering structured training programs.,Athletics,"Plot 810, Ring Road, Puducherry",Puducherry,Puducherry,+919714068957,"https://maps.google.com/?q=11.935903,79.850271",https://picsum.photos/seed/victory-sports-academy-puducherry-1129/800/600,Mahesh Kumar,Athletics,17 Years,Victory Sports Academy Puducherry 1129,₹3623/month,"Running Track, Gym, Recovery Zone, Fitness Center",6:00 AM - 8:00 AM,18+,Mixed,74,Athletics Federation Certified,4.5,143,False,"{""instagram"": ""https://instagram.com/victory-sports-academy-puducherry-1129"", ""facebook"": ""https://facebook.com/victory-sports-academy-puducherry-1129"", ""youtube"": ""https://youtube.com/@victory-sports-academy-puducherry-1129""}"
b73ee1ea-fc7a-4f1d-bce9-3150452b5020,Star Sports Club Puducherry 1130,star-sports-club-puducherry-1130,11.926958,79.774448,Professional Tennis coaching academy offering structured training programs.,Tennis,"Plot 974, Athletic Colony, Puducherry",Puducherry,Puducherry,+918099548042,"https://maps.google.com/?q=11.926958,79.774448",https://picsum.photos/seed/star-sports-club-puducherry-1130/800/600,Mahesh Reddy,Tennis,4 Years,Star Sports Club Puducherry 1130,₹7899/month,"Clay Court, Hard Court, Ball Machine, Fitness Center",6:00 PM - 8:00 PM,5-10,Girls,39,AITA Certified Coach,4.1,176,True,"{""instagram"": ""https://instagram.com/star-sports-club-puducherry-1130"", ""facebook"": ""https://facebook.com/star-sports-club-puducherry-1130"", ""youtube"": ""https://youtube.com/@star-sports-club-puducherry-1130""}"
e965d952-835f-4030-8116-a734e328e57c,Pro Athletic Center Puducherry 1131,pro-athletic-center-puducherry-1131,11.954534,79.845619,Professional Cricket coaching academy offering structured training programs.,Cricket,"Plot 17, Champions Street, Puducherry",Puducherry,Puducherry,+916168340324,"https://maps.google.com/?q=11.954534,79.845619",https://picsum.photos/seed/pro-athletic-center-puducherry-1131/800/600,Vikram Pillai,Cricket,23 Years,Pro Athletic Center Puducherry 1131,₹7540/month,"Gym, Bowling Machine, Video Analysis, Turf Nets",5:30 AM - 7:30 AM,15-18,Mixed,75,"BCCI Level 1, BCCI Level 2",4.0,80,True,"{""instagram"": ""https://instagram.com/pro-athletic-center-puducherry-1131"", ""facebook"": ""https://facebook.com/pro-athletic-center-puducherry-1131"", ""youtube"": ""https://youtube.com/@pro-athletic-center-puducherry-1131""}"
58ae3455-ef99-46ec-8864-b87be5561226,Legend Training Center Puducherry 1132,legend-training-center-puducherry-1132,11.93694,79.792733,Professional Cricket coaching academy offering structured training programs.,Cricket,"Plot 73, Stadium Road, Puducherry",Puducherry,Puducherry,+917577530870,"https://maps.google.com/?q=11.93694,79.792733",https://picsum.photos/seed/legend-training-center-puducherry-1132/800/600,Mahesh Yadav,Cricket,13 Years,Legend Training Center Puducherry 1132,₹3338/month,"Bowling Machine, Turf Nets, Video Analysis, Practice Pitch",6:00 PM - 8:00 PM,10-15,Girls,34,"BCCI Level 1, BCCI Level 2",4.3,414,False,"{""instagram"": ""https://instagram.com/legend-training-center-puducherry-1132"", ""facebook"": ""https://facebook.com/legend-training-center-puducherry-1132"", ""youtube"": ""https://youtube.com/@legend-training-center-puducherry-1132""}"
0130a075-8937-433a-94cd-645f1d39792a,Champion Training Center Puducherry 1133,champion-training-center-puducherry-1133,11.940179,79.805599,Professional Swimming coaching academy offering structured training programs.,Swimming,"Plot 364, Sports Hub, Puducherry",Puducherry,Puducherry,+918308874571,"https://maps.google.com/?q=11.940179,79.805599",https://picsum.photos/seed/champion-training-center-puducherry-1133/800/600,Lokesh Pillai,Swimming,2 Years,Champion Training Center Puducherry 1133,₹9312/month,"Olympic Pool, Lifeguard Support, Changing Rooms, Kids Pool",4:00 PM - 6:00 PM,18+,Girls,50,Swimming Federation Certified,4.9,240,False,"{""instagram"": ""https://instagram.com/champion-training-center-puducherry-1133"", ""facebook"": ""https://facebook.com/champion-training-center-puducherry-1133"", ""youtube"": ""https://youtube.com/@champion-training-center-puducherry-1133""}"
5b4a2cea-d027-4b85-b4a2-3c892c97c53f,Elite Performance Academy Puducherry 1134,elite-performance-academy-puducherry-1134,11.941952,79.854838,Professional Cricket coaching academy offering structured training programs.,Cricket,"Plot 610, Sports Nagar, Puducherry",Puducherry,Puducherry,+918331612787,"https://maps.google.com/?q=11.941952,79.854838",https://picsum.photos/seed/elite-performance-academy-puducherry-1134/800/600,Deepak Kumar,Cricket,23 Years,Elite Performance Academy Puducherry 1134,₹3373/month,"Video Analysis, Bowling Machine, Gym, Practice Pitch",6:00 AM - 8:00 AM,18+,Girls,86,"BCCI Level 1, BCCI Level 2",3.5,421,True,"{""instagram"": ""https://instagram.com/elite-performance-academy-puducherry-1134"", ""facebook"": ""https://facebook.com/elite-performance-academy-puducherry-1134"", ""youtube"": ""https://youtube.com/@elite-performance-academy-puducherry-1134""}"
1aeaede1-3e3d-4549-98ba-c286b88b69b4,Pro Sports Academy Puducherry 1135,pro-sports-academy-puducherry-1135,11.895201,79.772733,Professional Swimming coaching academy offering structured training programs.,Swimming,"Plot 216, Sports Nagar, Puducherry",Puducherry,Puducherry,+917582153219,"https://maps.google.com/?q=11.895201,79.772733",https://picsum.photos/seed/pro-sports-academy-puducherry-1135/800/600,Ravi Reddy,Swimming,12 Years,Pro Sports Academy Puducherry 1135,₹3828/month,"Olympic Pool, Lifeguard Support, Kids Pool, Changing Rooms",5:00 PM - 7:00 PM,All Ages,Boys,99,Swimming Federation Certified,4.7,323,False,"{""instagram"": ""https://instagram.com/pro-sports-academy-puducherry-1135"", ""facebook"": ""https://facebook.com/pro-sports-academy-puducherry-1135"", ""youtube"": ""https://youtube.com/@pro-sports-academy-puducherry-1135""}"
82123722-e1d2-44a0-89cc-0dafe7df621b,Champion Performance Academy Puducherry 1136,champion-performance-academy-puducherry-1136,11.974078,79.838414,Professional Basketball coaching academy offering structured training programs.,Basketball,"Plot 603, Sports Complex, Puducherry",Puducherry,Puducherry,+916348132522,"https://maps.google.com/?q=11.974078,79.838414",https://picsum.photos/seed/champion-performance-academy-puducherry-1136/800/600,Naveen Pillai,Basketball,15 Years,Champion Performance Academy Puducherry 1136,₹6684/month,"Indoor Court, Fitness Center, Outdoor Court, Locker Rooms",5:30 AM - 7:30 AM,18+,Mixed,69,Basketball Federation Certified,4.2,412,False,"{""instagram"": ""https://instagram.com/champion-performance-academy-puducherry-1136"", ""facebook"": ""https://facebook.com/champion-performance-academy-puducherry-1136"", ""youtube"": ""https://youtube.com/@champion-performance-academy-puducherry-1136""}"
c29fda9a-47d4-40a0-8ef5-58b5cad5d90a,Victory Sports Institute Puducherry 1137,victory-sports-institute-puducherry-1137,11.923194,79.771337,Professional Athletics coaching academy offering structured training programs.,Athletics,"Plot 794, Sports Complex, Puducherry",Puducherry,Puducherry,+918202711860,"https://maps.google.com/?q=11.923194,79.771337",https://picsum.photos/seed/victory-sports-institute-puducherry-1137/800/600,Ajay Yadav,Athletics,23 Years,Victory Sports Institute Puducherry 1137,₹1582/month,"Recovery Zone, Gym, Running Track, Fitness Center",4:00 PM - 6:00 PM,10-15,Mixed,87,Athletics Federation Certified,3.6,423,False,"{""instagram"": ""https://instagram.com/victory-sports-institute-puducherry-1137"", ""facebook"": ""https://facebook.com/victory-sports-institute-puducherry-1137"", ""youtube"": ""https://youtube.com/@victory-sports-institute-puducherry-1137""}"
e7ab5a0e-766f-4396-8143-bfd683b288f6,Legend Athletic Center Puducherry 1138,legend-athletic-center-puducherry-1138,11.901112,79.75841,Professional Badminton coaching academy offering structured training programs.,Badminton,"Plot 821, Sports Nagar, Puducherry",Puducherry,Puducherry,+918644847141,"https://maps.google.com/?q=11.901112,79.75841",https://picsum.photos/seed/legend-athletic-center-puducherry-1138/800/600,Ajay Mishra,Badminton,18 Years,Legend Athletic Center Puducherry 1138,₹5270/month,"Wooden Courts, Shuttle Supply, Fitness Center, Indoor Courts",5:00 PM - 7:00 PM,All Ages,Mixed,72,BAI Certified Coach,4.5,198,True,"{""instagram"": ""https://instagram.com/legend-athletic-center-puducherry-1138"", ""facebook"": ""https://facebook.com/legend-athletic-center-puducherry-1138"", ""youtube"": ""https://youtube.com/@legend-athletic-center-puducherry-1138""}"
41284035-613c-49ff-b0a1-6d806fe50f93,National Sports Institute Puducherry 1139,national-sports-institute-puducherry-1139,11.891899,79.802271,Professional Football coaching academy offering structured training programs.,Football,"Plot 833, Central Park, Puducherry",Puducherry,Puducherry,+918554827452,"https://maps.google.com/?q=11.891899,79.802271",https://picsum.photos/seed/national-sports-institute-puducherry-1139/800/600,Lokesh Singh,Football,24 Years,National Sports Institute Puducherry 1139,₹3524/month,"Natural Grass Ground, Locker Rooms, Fitness Center, Flood Lights",6:00 PM - 8:00 PM,All Ages,Mixed,84,"AIFF D License, AIFF C License",4.4,332,False,"{""instagram"": ""https://instagram.com/national-sports-institute-puducherry-1139"", ""facebook"": ""https://facebook.com/national-sports-institute-puducherry-1139"", ""youtube"": ""https://youtube.com/@national-sports-institute-puducherry-1139""}"
1bf25982-e2eb-4b4f-95e4-e5f79f21de29,Dynamic Performance Academy Puducherry 1140,dynamic-performance-academy-puducherry-1140,11.969156,79.795794,Professional Athletics coaching academy offering structured training programs.,Athletics,"Plot 807, Ring Road, Puducherry",Puducherry,Puducherry,+919060175701,"https://maps.google.com/?q=11.969156,79.795794",https://picsum.photos/seed/dynamic-performance-academy-puducherry-1140/800/600,Arjun Singh,Athletics,10 Years,Dynamic Performance Academy Puducherry 1140,₹3941/month,"Recovery Zone, Gym, Fitness Center, Running Track",5:00 PM - 7:00 PM,All Ages,Girls,30,Athletics Federation Certified,4.6,204,False,"{""instagram"": ""https://instagram.com/dynamic-performance-academy-puducherry-1140"", ""facebook"": ""https://facebook.com/dynamic-performance-academy-puducherry-1140"", ""youtube"": ""https://youtube.com/@dynamic-performance-academy-puducherry-1140""}"
bfe8e04f-ac93-4e53-85af-eb57d8d20df7,Royal Training Center Puducherry 1141,royal-training-center-puducherry-1141,11.904755,79.831543,Professional Tennis coaching academy offering structured training programs.,Tennis,"Plot 49, Ring Road, Puducherry",Puducherry,Puducherry,+918628353182,"https://maps.google.com/?q=11.904755,79.831543",https://picsum.photos/seed/royal-training-center-puducherry-1141/800/600,Kiran Patel,Tennis,22 Years,Royal Training Center Puducherry 1141,₹7793/month,"Ball Machine, Hard Court, Clay Court, Fitness Center",4:00 PM - 6:00 PM,5-10,Girls,50,AITA Certified Coach,4.5,247,True,"{""instagram"": ""https://instagram.com/royal-training-center-puducherry-1141"", ""facebook"": ""https://facebook.com/royal-training-center-puducherry-1141"", ""youtube"": ""https://youtube.com/@royal-training-center-puducherry-1141""}"
35ac0342-d4ac-4f08-ac7d-7fdd8394ac9d,Champion Training Center Puducherry 1142,champion-training-center-puducherry-1142,11.907139,79.805884,Professional Swimming coaching academy offering structured training programs.,Swimming,"Plot 507, Sports Nagar, Puducherry",Puducherry,Puducherry,+916148153963,"https://maps.google.com/?q=11.907139,79.805884",https://picsum.photos/seed/champion-training-center-puducherry-1142/800/600,Suresh Singh,Swimming,7 Years,Champion Training Center Puducherry 1142,₹5598/month,"Changing Rooms, Lifeguard Support, Kids Pool, Olympic Pool",6:00 PM - 8:00 PM,10-15,Boys,92,Swimming Federation Certified,4.8,89,False,"{""instagram"": ""https://instagram.com/champion-training-center-puducherry-1142"", ""facebook"": ""https://facebook.com/champion-training-center-puducherry-1142"", ""youtube"": ""https://youtube.com/@champion-training-center-puducherry-1142""}"
5eae0ede-fe61-458f-b03d-61e090b8c319,Prime Sports Institute Puducherry 1143,prime-sports-institute-puducherry-1143,11.930323,79.846548,Professional Football coaching academy offering structured training programs.,Football,"Plot 518, Ring Road, Puducherry",Puducherry,Puducherry,+919880208884,"https://maps.google.com/?q=11.930323,79.846548",https://picsum.photos/seed/prime-sports-institute-puducherry-1143/800/600,Suresh Yadav,Football,22 Years,Prime Sports Institute Puducherry 1143,₹3036/month,"Natural Grass Ground, Locker Rooms, Flood Lights, Training Cones",6:00 AM - 8:00 AM,15-18,Girls,58,"AIFF D License, AIFF C License",3.7,334,False,"{""instagram"": ""https://instagram.com/prime-sports-institute-puducherry-1143"", ""facebook"": ""https://facebook.com/prime-sports-institute-puducherry-1143"", ""youtube"": ""https://youtube.com/@prime-sports-institute-puducherry-1143""}"
0ff5bd3f-f0ee-4aa8-9b07-4ad5caa513b4,Champion Sports Academy Puducherry 1144,champion-sports-academy-puducherry-1144,11.897143,79.765293,Professional Athletics coaching academy offering structured training programs.,Athletics,"Plot 972, Main Road, Puducherry",Puducherry,Puducherry,+919433907488,"https://maps.google.com/?q=11.897143,79.765293",https://picsum.photos/seed/champion-sports-academy-puducherry-1144/800/600,Mahesh Kumar,Athletics,19 Years,Champion Sports Academy Puducherry 1144,₹2848/month,"Fitness Center, Recovery Zone, Running Track, Gym",6:00 PM - 8:00 PM,5-10,Girls,83,Athletics Federation Certified,4.8,404,True,"{""instagram"": ""https://instagram.com/champion-sports-academy-puducherry-1144"", ""facebook"": ""https://facebook.com/champion-sports-academy-puducherry-1144"", ""youtube"": ""https://youtube.com/@champion-sports-academy-puducherry-1144""}"
19a501b1-dd03-4861-b8f5-c64ba627230e,Future Sports Institute Puducherry 1145,future-sports-institute-puducherry-1145,11.979861,79.839708,Professional Swimming coaching academy offering structured training programs.,Swimming,"Plot 70, Ring Road, Puducherry",Puducherry,Puducherry,+917615390245,"https://maps.google.com/?q=11.979861,79.839708",https://picsum.photos/seed/future-sports-institute-puducherry-1145/800/600,Ajay Reddy,Swimming,24 Years,Future Sports Institute Puducherry 1145,₹4832/month,"Lifeguard Support, Kids Pool, Changing Rooms, Olympic Pool",5:00 PM - 7:00 PM,10-15,Boys,82,Swimming Federation Certified,4.5,183,False,"{""instagram"": ""https://instagram.com/future-sports-institute-puducherry-1145"", ""facebook"": ""https://facebook.com/future-sports-institute-puducherry-1145"", ""youtube"": ""https://youtube.com/@future-sports-institute-puducherry-1145""}"
abea55bd-e6a2-41c7-a524-293999d26099,Pro Sports Academy Puducherry 1146,pro-sports-academy-puducherry-1146,11.954767,79.810011,Professional Swimming coaching academy offering structured training programs.,Swimming,"Plot 972, Sports Complex, Puducherry",Puducherry,Puducherry,+918133714420,"https://maps.google.com/?q=11.954767,79.810011",https://picsum.photos/seed/pro-sports-academy-puducherry-1146/800/600,Suresh Mishra,Swimming,18 Years,Pro Sports Academy Puducherry 1146,₹6392/month,"Olympic Pool, Lifeguard Support, Changing Rooms, Kids Pool",5:00 PM - 7:00 PM,All Ages,Mixed,87,Swimming Federation Certified,5.0,228,True,"{""instagram"": ""https://instagram.com/pro-sports-academy-puducherry-1146"", ""facebook"": ""https://facebook.com/pro-sports-academy-puducherry-1146"", ""youtube"": ""https://youtube.com/@pro-sports-academy-puducherry-1146""}"
873d2031-f3f7-4458-851b-50d135b1f4fb,Victory Athletic Center Puducherry 1147,victory-athletic-center-puducherry-1147,11.98594,79.784915,Professional Volleyball coaching academy offering structured training programs.,Volleyball,"Plot 913, Athletic Colony, Puducherry",Puducherry,Puducherry,+916371465431,"https://maps.google.com/?q=11.98594,79.784915",https://picsum.photos/seed/victory-athletic-center-puducherry-1147/800/600,Naveen Yadav,Volleyball,13 Years,Victory Athletic Center Puducherry 1147,₹2647/month,"Sand Court, Indoor Court, Flood Lights, Fitness Center",6:00 AM - 8:00 AM,10-15,Mixed,53,Volleyball Federation Certified,4.5,34,True,"{""instagram"": ""https://instagram.com/victory-athletic-center-puducherry-1147"", ""facebook"": ""https://facebook.com/victory-athletic-center-puducherry-1147"", ""youtube"": ""https://youtube.com/@victory-athletic-center-puducherry-1147""}"
bae4c6fa-0e87-4032-8f13-0c1472f8565d,Dynamic Athletic Center Puducherry 1148,dynamic-athletic-center-puducherry-1148,11.966923,79.829255,Professional Swimming coaching academy offering structured training programs.,Swimming,"Plot 999, Stadium Road, Puducherry",Puducherry,Puducherry,+916126686166,"https://maps.google.com/?q=11.966923,79.829255",https://picsum.photos/seed/dynamic-athletic-center-puducherry-1148/800/600,Ravi Nair,Swimming,14 Years,Dynamic Athletic Center Puducherry 1148,₹6811/month,"Lifeguard Support, Olympic Pool, Changing Rooms, Kids Pool",6:00 AM - 8:00 AM,All Ages,Girls,79,Swimming Federation Certified,4.1,340,False,"{""instagram"": ""https://instagram.com/dynamic-athletic-center-puducherry-1148"", ""facebook"": ""https://facebook.com/dynamic-athletic-center-puducherry-1148"", ""youtube"": ""https://youtube.com/@dynamic-athletic-center-puducherry-1148""}"
db05a181-574d-43a7-8eb0-5fd8b6ac5c26,Elite Sports Club Puducherry 1149,elite-sports-club-puducherry-1149,11.975258,79.814058,Professional Basketball coaching academy offering structured training programs.,Basketball,"Plot 483, Champions Street, Puducherry",Puducherry,Puducherry,+919302897043,"https://maps.google.com/?q=11.975258,79.814058",https://picsum.photos/seed/elite-sports-club-puducherry-1149/800/600,Prakash Verma,Basketball,5 Years,Elite Sports Club Puducherry 1149,₹6348/month,"Indoor Court, Locker Rooms, Outdoor Court, Fitness Center",6:00 PM - 8:00 PM,10-15,Mixed,83,Basketball Federation Certified,4.8,304,False,"{""instagram"": ""https://instagram.com/elite-sports-club-puducherry-1149"", ""facebook"": ""https://facebook.com/elite-sports-club-puducherry-1149"", ""youtube"": ""https://youtube.com/@elite-sports-club-puducherry-1149""}"
ca79d0ff-28ca-4ff5-82bb-1b089611c22d,Elite Training Center Puducherry 1150,elite-training-center-puducherry-1150,11.97433,79.762384,Professional Swimming coaching academy offering structured training programs.,Swimming,"Plot 970, Sports Hub, Puducherry",Puducherry,Puducherry,+919867281953,"https://maps.google.com/?q=11.97433,79.762384",https://picsum.photos/seed/elite-training-center-puducherry-1150/800/600,Lokesh Yadav,Swimming,17 Years,Elite Training Center Puducherry 1150,₹5240/month,"Kids Pool, Olympic Pool, Changing Rooms, Lifeguard Support",4:00 PM - 6:00 PM,10-15,Girls,77,Swimming Federation Certified,3.6,132,True,"{""instagram"": ""https://instagram.com/elite-training-center-puducherry-1150"", ""facebook"": ""https://facebook.com/elite-training-center-puducherry-1150"", ""youtube"": ""https://youtube.com/@elite-training-center-puducherry-1150""}"
e9c509d1-c56e-4cb1-be70-645d876c0fcd,Legend Sports Academy Puducherry 1151,legend-sports-academy-puducherry-1151,11.914323,79.826595,Professional Basketball coaching academy offering structured training programs.,Basketball,"Plot 695, Stadium Road, Puducherry",Puducherry,Puducherry,+916779739470,"https://maps.google.com/?q=11.914323,79.826595",https://picsum.photos/seed/legend-sports-academy-puducherry-1151/800/600,Ravi Sharma,Basketball,5 Years,Legend Sports Academy Puducherry 1151,₹5979/month,"Outdoor Court, Fitness Center, Locker Rooms, Indoor Court",5:00 PM - 7:00 PM,15-18,Boys,35,Basketball Federation Certified,4.7,372,False,"{""instagram"": ""https://instagram.com/legend-sports-academy-puducherry-1151"", ""facebook"": ""https://facebook.com/legend-sports-academy-puducherry-1151"", ""youtube"": ""https://youtube.com/@legend-sports-academy-puducherry-1151""}"
0ad26de9-2a58-4917-87e1-2caca236587f,National Performance Academy Puducherry 1152,national-performance-academy-puducherry-1152,11.908962,79.8563,Professional Swimming coaching academy offering structured training programs.,Swimming,"Plot 698, Sports Hub, Puducherry",Puducherry,Puducherry,+918829296512,"https://maps.google.com/?q=11.908962,79.8563",https://picsum.photos/seed/national-performance-academy-puducherry-1152/800/600,Mahesh Singh,Swimming,15 Years,National Performance Academy Puducherry 1152,₹8864/month,"Kids Pool, Lifeguard Support, Olympic Pool, Changing Rooms",6:00 PM - 8:00 PM,10-15,Boys,58,Swimming Federation Certified,5.0,190,True,"{""instagram"": ""https://instagram.com/national-performance-academy-puducherry-1152"", ""facebook"": ""https://facebook.com/national-performance-academy-puducherry-1152"", ""youtube"": ""https://youtube.com/@national-performance-academy-puducherry-1152""}"
b58c6f61-0bf2-4e20-8a32-b1bf0c3fc0f6,Dynamic Sports Academy Puducherry 1153,dynamic-sports-academy-puducherry-1153,11.971313,79.775203,Professional Cricket coaching academy offering structured training programs.,Cricket,"Plot 596, Stadium Road, Puducherry",Puducherry,Puducherry,+918892940527,"https://maps.google.com/?q=11.971313,79.775203",https://picsum.photos/seed/dynamic-sports-academy-puducherry-1153/800/600,Tarun Mishra,Cricket,11 Years,Dynamic Sports Academy Puducherry 1153,₹7110/month,"Gym, Bowling Machine, Video Analysis, Turf Nets",5:30 AM - 7:30 AM,All Ages,Girls,63,"BCCI Level 1, BCCI Level 2",4.4,199,False,"{""instagram"": ""https://instagram.com/dynamic-sports-academy-puducherry-1153"", ""facebook"": ""https://facebook.com/dynamic-sports-academy-puducherry-1153"", ""youtube"": ""https://youtube.com/@dynamic-sports-academy-puducherry-1153""}"
614a3f2f-0c93-429b-a16d-41371ff825c4,Dynamic Sports Academy Puducherry 1154,dynamic-sports-academy-puducherry-1154,11.970088,79.81868,Professional Basketball coaching academy offering structured training programs.,Basketball,"Plot 774, Central Park, Puducherry",Puducherry,Puducherry,+916623846877,"https://maps.google.com/?q=11.970088,79.81868",https://picsum.photos/seed/dynamic-sports-academy-puducherry-1154/800/600,Naveen Nair,Basketball,2 Years,Dynamic Sports Academy Puducherry 1154,₹4330/month,"Outdoor Court, Fitness Center, Locker Rooms, Indoor Court",5:30 AM - 7:30 AM,10-15,Mixed,84,Basketball Federation Certified,3.6,291,True,"{""instagram"": ""https://instagram.com/dynamic-sports-academy-puducherry-1154"", ""facebook"": ""https://facebook.com/dynamic-sports-academy-puducherry-1154"", ""youtube"": ""https://youtube.com/@dynamic-sports-academy-puducherry-1154""}"
93254db1-7c25-4034-9cbc-215d57678aa5,Elite Performance Academy Puducherry 1155,elite-performance-academy-puducherry-1155,11.928223,79.849882,Professional Badminton coaching academy offering structured training programs.,Badminton,"Plot 26, Central Park, Puducherry",Puducherry,Puducherry,+919225377108,"https://maps.google.com/?q=11.928223,79.849882",https://picsum.photos/seed/elite-performance-academy-puducherry-1155/800/600,Tarun Kumar,Badminton,7 Years,Elite Performance Academy Puducherry 1155,₹4949/month,"Wooden Courts, Fitness Center, Shuttle Supply, Indoor Courts",4:00 PM - 6:00 PM,All Ages,Girls,24,BAI Certified Coach,4.6,161,True,"{""instagram"": ""https://instagram.com/elite-performance-academy-puducherry-1155"", ""facebook"": ""https://facebook.com/elite-performance-academy-puducherry-1155"", ""youtube"": ""https://youtube.com/@elite-performance-academy-puducherry-1155""}"
